Current_mean,Current_std,Current_min,Current_max,Current_final,Capacity_mean,Capacity_std,Capacity_min,Capacity_max,Capacity_final,SOC_DOD_mean,SOC_DOD_std,SOC_DOD_min,SOC_DOD_max,SOC_DOD_final,Voltage_mean,Voltage_std,Voltage_min,Voltage_max,Voltage_final,dVoltage_mean,dVoltage_std,dVoltage_min,dVoltage_max,dCurrent_mean,dCurrent_std,dCurrent_min,dCurrent_max,filename,label,fault_type,test_type,CC_rate,CD_rate,resistance_ohm,pair_id
0.03068350632661118,3.93306766707173,-4.930866,4.930866,-4.930866,1.5285659654013444,0.7658814760070228,0.0,2.490516,2.444852,61.699542724396984,30.800088240586927,0.0,100.0,100.0,3.8389128050612893,0.4393735944711052,2.749876,4.200149,2.749876,-0.00010797962816455698,0.0007925150738098935,-0.009611000000000036,0.026971999999999774,-0.0008605259098101264,0.0020728263140722537,-0.08897599999999972,0.0015500000000000513,ISC_CS_1.7CC_1.7CD_500ohm.csv,1,ISC,CC,1.7,1.7,500,CC_CC1.7_CD1.7_500ohm
0.001500309258670017,3.2225418923004923,-2.898996,4.348958,-2.898685,1.4850040391345847,0.8227665765008617,0.0,2.668883,2.661208,55.71707715558384,30.854928694203775,0.0,100.0,100.0,3.768551059497296,0.3268778016516075,2.749256,4.200149,2.749256,-8.303055378739658e-05,0.000867560723595275,-0.009611000000000036,0.010230000000000405,-0.0005998617122851686,0.004144108350517121,-0.25328700000000026,0.0009299999999994313,ISC_CS_1.5CC_1.0CD_600ohm.csv,1,ISC,CC,1.5,1.0,600,CC_CC1.5_CD1.0_600ohm
0.0001882146670167905,1.6885876399708815,-1.739769,1.739956,-1.739397,1.3757995487004464,0.7887135026446461,0.0,2.654442,2.65404,51.83372509845104,29.714786596384755,0.0,100.0,100.0,3.744272209153759,0.28402331641581413,2.749876,4.200149,2.749876,-3.9834485776805234e-05,0.0004733263881815468,-0.005271000000000026,0.006510000000000016,-0.00010152910284463894,0.000763593011927953,-0.06082500000000013,0.0014880000000000448,ISC_CS_0.6CC_0.6CD_900ohm.csv,1,ISC,CC,0.6,0.6,900,CC_CC0.6_CD0.6_900ohm
0.0012561536763084373,4.391480724212016,-5.80357,4.36012,-5.79799,1.542431717818503,0.8251579345217525,0.0,2.63195,2.62532,58.64757226760874,31.36267734498465,0.0,100.0,100.0,3.819081575402958,0.36842460175054315,2.749876,4.200149,2.749876,-0.00010738038436050358,0.0007873562461611619,-0.013330999999999982,0.010541000000000356,-0.0008304174950298211,0.0035587061377598435,-0.01859999999999995,0.020459999999999923,ISC_CS_1.5CC_2.0CD_500ohm.csv,1,ISC,CC,1.5,2.0,500,CC_CC1.5_CD2.0_500ohm
0.12176010714285736,2.603687145875807,-2.900236,2.900236,-2.899926,1.5166100896767467,0.8444062003074548,0.0,2.787558,2.52358,56.34184383472367,30.80941959223936,0.0,100.0,100.0,3.7910289486444215,0.35085743991435303,2.749256,4.200149,2.749256,-6.0589178617992134e-05,0.0007678921273672455,-0.008680999999999717,0.009611000000000036,-0.00030250182529335074,0.0017196912203264673,-0.10726699999999978,0.0006200000000000649,ISC_CS_1.0CC_1.0CD_30ohm.csv,1,ISC,CC,1.0,1.0,30,CC_CC1.0_CD1.0_30ohm
0.0009937864539938679,2.840832744933779,-5.80915,1.45647,-5.80171,1.4103933210332102,0.8099930325506584,0.0,2.72977,2.71649,51.71404693488871,29.696087581710472,0.0,100.0,100.0,3.769199444470896,0.2935362648492203,2.749876,4.200149,2.749876,-3.281438266460294e-05,0.0005633379911409691,-0.013330999999999982,0.0043400000000000105,-0.00010453268246219785,0.002425594526001795,-0.02976000000000001,0.02976000000000001,ISC_CS_0.5CC_2.0CD_600ohm.csv,1,ISC,CC,0.5,2.0,600,CC_CC0.5_CD2.0_600ohm
-0.010340220317620526,2.469357527925951,-2.898438,2.319197,-2.898252,1.4083983418200152,0.797966378731881,0.0,2.654305,2.654305,53.33438065288631,30.23897695579772,0.0,100.0,100.0,3.7628162084698764,0.30066385930938244,2.749256,4.200149,2.749256,-5.909594049420069e-05,0.0006802972997795763,-0.007441000000000031,0.006200999999999901,-0.00021921835602622288,0.001942538439044453,-0.14862399999999987,0.0026050000000000795,ISC_CS_0.8CC_1.0CD_600ohm.csv,1,ISC,CC,0.8,1.0,600,CC_CC0.8_CD1.0_600ohm
0.0031622605462237855,2.4547448302133636,-2.608445,2.608259,-2.607887,1.3965053758174124,0.7885979675578046,0.0,2.596482,2.589165,53.849105462238754,30.398923951270852,0.0,100.0,100.0,3.758059560712912,0.3121842495998987,2.749566,4.200149,2.749566,-5.9801205591894284e-05,0.0006629025773625802,-0.005580999999999836,0.008059999999999956,-0.0002601828908554572,0.0017763427129102406,-0.11681499999999989,0.005765999999999938,ISC_CS_0.9CC_0.9CD_700ohm.csv,1,ISC,CC,0.9,0.9,700,CC_CC0.9_CD0.9_700ohm
0.005964818437719743,1.9546975747183122,-2.02939,2.029576,-2.029204,1.3964854496833219,0.7977929670312142,0.0,2.675392,2.659169,52.34126049060018,29.88814265120019,0.0,100.0,100.0,3.7516123682517346,0.28890007937029044,2.749566,4.200149,2.749566,-4.398572146807438e-05,0.0006036312503849996,-0.008061000000000096,0.006200999999999901,-0.00014585429864253396,0.001148471501085192,-0.087426,0.0007440000000000779,ISC_CS_0.7CC_0.7CD_500ohm.csv,1,ISC,CC,0.7,0.7,500,CC_CC0.7_CD0.7_500ohm
0.2204204397862722,4.616553990584852,-5.80357,5.81101,-5.79799,1.8083111734484179,0.9231796642492562,0.0,2.97728,2.66077,62.50279297163995,31.09552201129062,0.0,100.0,100.0,3.8742828111385115,0.38024126686292353,2.749876,4.200459,2.749876,-0.00011829708059210529,0.0008834424612269644,-0.011470999999999787,0.024801000000000073,-0.0010707915296052633,0.004349658613500913,-0.039070000000000604,0.022320000000000007,ISC_CS_2.0CC_2.0CD_20ohm.csv,1,ISC,CC,2.0,2.0,20,CC_CC2.0_CD2.0_20ohm
0.07246308477781256,3.162832736887111,-3.479353,3.479663,-3.478733,1.5055315646076268,0.8367121351758766,0.0,2.739942,2.608149,55.97083923731484,30.858216878545516,0.0,100.0,100.0,3.789890542388907,0.32914612910656804,2.748946,4.200149,2.748946,-7.603877679697361e-05,0.0010100159849432855,-0.012400999999999662,0.017981000000000247,-0.00045701544766708706,0.004083768720522156,-0.27653799999999995,0.0006200000000000649,ISC_CS_1.2CC_1.2CD_50ohm.csv,1,ISC,CC,1.2,1.2,50,CC_CC1.2_CD1.2_50ohm
0.08049490810810833,2.5978443019500874,-1.45461,5.80543,-1.44717,1.5048899167567567,0.8478709050732047,0.0,2.8536,2.63991,55.328903297297295,30.588933373108844,0.0,100.0,100.0,3.755935825513513,0.33140502270822975,2.749876,4.200459,2.749876,-6.811851211072666e-05,0.0005746011276907885,-0.0040300000000002,0.014880999999999922,-0.0005639889705882353,0.0031075846672694884,-0.027900000000000258,0.02417999999999998,ISC_CS_2.0CC_0.5CD_50ohm.csv,1,ISC,CC,2.0,0.5,50,CC_CC2.0_CD0.5_50ohm
0.19406904305535688,3.3191659799343065,-5.80729,2.32329,-5.80171,1.6362619010155917,0.9274956500807691,0.0,3.05316,2.67209,55.02933045344014,30.764953660269928,0.0,100.0,100.0,3.8182578927192097,0.31569769889194543,2.749876,4.200459,2.749876,-5.9573043353841744e-05,0.0006080894357509857,-0.012401000000000106,0.006200000000000205,-0.0002488496208327372,0.00271951374358867,-0.022319999999999895,0.018610000000000015,ISC_CS_0.8CC_2.0CD_20ohm.csv,1,ISC,CC,0.8,2.0,20,CC_CC0.8_CD2.0_20ohm
0.00736557246856407,4.347389614180284,-5.80543,4.36012,-5.79799,1.5288573527465252,0.8119949796204564,0.0,2.59451,2.58182,59.00956684315023,31.31675489691681,0.0,100.0,100.0,3.832842321200088,0.36986601007824166,2.749876,4.200459,2.749876,-0.00012069631427940853,0.0007443676036664639,-0.009920999999999847,0.011781000000000041,-0.0008317369234164645,0.0036394353087445272,-0.018600000000000172,0.01859999999999995,ISC_CS_1.5CC_2.0CD_700ohm.csv,1,ISC,CC,1.5,2.0,700,CC_CC1.5_CD2.0_700ohm
0.011347193972492012,4.088176712418997,-4.638827,4.638827,-4.638207,1.5263592411003235,0.8235489262347652,0.0,2.634363,2.614182,58.09777340210357,31.3042744065352,0.0,100.0,100.0,3.8027514530744337,0.3505336756103166,2.749566,4.200149,2.749566,-0.000105012747875354,0.001050861122029592,-0.010231000000000101,0.013951000000000047,-0.0008212828814245246,0.005221048121173469,-0.2842880000000001,0.0015500000000000513,ISC_CS_1.6CC_1.6CD_400ohm.csv,1,ISC,CC,1.6,1.6,400,CC_CC1.6_CD1.6_400ohm
0.28303121061359826,4.167108268093507,-5.22507,5.21949,-5.21949,1.839698360051594,0.9534699188675333,0.0,3.07624,2.63511,62.151366390270866,31.065235954306527,0.0,100.0,100.0,3.8846003359130266,0.3571570441484402,2.749876,4.200459,2.749876,-0.00012492221198156684,0.000684645470445549,-0.011779999999999902,0.013641000000000236,-0.0008541105990783411,0.0034051352783077402,-0.018609999999999793,0.016739999999999977,ISC_CS_1.8CC_1.8CD_10ohm.csv,1,ISC,CC,1.8,1.8,10,CC_CC1.8_CD1.8_10ohm
0.007000397811816417,3.0143756309029737,-4.349578,2.319879,-4.349268,1.4302442599562364,0.8072198641381858,0.0,2.662084,2.650572,53.79571900802335,30.352016813188804,0.0,100.0,100.0,3.7736141228300513,0.30945500608171683,2.749876,4.200149,2.749876,-5.084809572450029e-05,0.0009722217142784135,-0.015191000000000177,0.008059999999999956,-0.0002537884138333577,0.002588278490755618,-0.18818199999999985,0.0006209999999997606,ISC_CS_0.8CC_1.5CD_800ohm.csv,1,ISC,CC,0.8,1.5,800,CC_CC0.8_CD1.5_800ohm
-0.0018422804718215412,2.831271959397249,-5.80543,1.45647,-5.80357,1.4075363374240442,0.8067091549052455,0.0,2.7066,2.70483,52.01016793756701,29.8083657403257,0.0,100.0,100.0,3.77624130596926,0.3001811194814857,2.749876,4.200459,2.749876,-8.904183053271398e-06,0.0008093099579155322,-0.013641000000000236,0.035651999999999795,-0.00010396734596591586,0.002354618255844727,-0.020460000000000145,0.027900000000000036,ISC_CS_0.5CC_2.0CD_500ohm.csv,1,ISC,CC,0.5,2.0,500,CC_CC0.5_CD2.0_500ohm
0.01860693209682502,3.195375836383413,-2.898996,4.349268,-2.898685,1.496027931153725,0.8257479730769086,0.0,2.673,2.638649,56.2991995441685,31.00041457056397,0.0,100.0,100.0,3.7780067879597614,0.3292233270784058,2.748946,4.200149,2.748946,-9.125110062893086e-05,0.0008685863227280754,-0.00992100000000029,0.008680000000000021,-0.00059274213836478,0.004388659818752906,-0.2768480000000002,0.0009300000000003195,ISC_CS_1.5CC_1.0CD_200ohm.csv,1,ISC,CC,1.5,1.0,200,CC_CC1.5_CD1.0_200ohm
-0.002593919372491692,3.6234380539231688,-4.05816,4.05816,-4.05816,1.4872475733309012,0.8105722221456295,0.0,2.608224,2.608224,57.04797172564758,31.09564722281251,0.0,100.0,100.0,3.7953749270339285,0.3501577082852543,2.749566,4.200149,2.749566,-9.589124087591234e-05,0.0007541222772528122,-0.0065109999999997115,0.0080600000000004,-0.000634975,0.002422447635047592,-0.12307799999999958,0.0024799999999999267,ISC_CS_1.4CC_1.4CD_900ohm.csv,1,ISC,CC,1.4,1.4,900,CC_CC1.4_CD1.4_900ohm
0.003885205326785055,1.9173294935820215,-1.449033,2.898252,-1.448847,1.4051672682281826,0.7958856509207921,0.0,2.639674,2.627547,53.37428225349452,30.212951573898245,0.0,100.0,100.0,3.7386175441065355,0.3085564996108489,2.749876,4.200149,2.749876,-4.7062346495371245e-05,0.0005394830616588839,-0.004650999999999961,0.007750000000000146,-0.00021911666351785377,0.001614393438390255,-0.12592999999999988,0.003161999999999998,ISC_CS_1.0CC_0.5CD_700ohm.csv,1,ISC,CC,1.0,0.5,700,CC_CC1.0_CD0.5_700ohm
0.003139296861119353,3.0037570265757276,-4.349578,2.320189,-4.348958,1.403932053597868,0.7922067439499197,0.0,2.598429,2.593776,54.05850124370744,30.49966075223769,0.0,100.0,100.0,3.7881070270950548,0.3101545238038408,2.748326,4.200149,2.748326,-7.41990521327015e-05,0.0009349687341922316,-0.015500999999999987,0.005889999999999951,-0.00025781412914691943,0.0025408824565657743,-0.1801210000000002,0.0009310000000000151,ISC_CS_0.8CC_1.5CD_400ohm.csv,1,ISC,CC,0.8,1.5,400,CC_CC0.8_CD1.5_400ohm
0.1832776312230219,3.139785217662633,-4.347098,2.898996,-4.346478,1.6419944407194245,0.9107380887894909,0.0,2.978651,2.621212,57.00226431654676,30.980885555878245,0.0,100.0,100.0,3.827109589064748,0.3353884929632146,2.749566,4.200149,2.749566,-6.58590961427749e-05,0.0009523711253918018,-0.011160999999999976,0.022940999999999878,-0.000333623920552677,0.002219688240406262,-0.129899,0.0043400000000000105,ISC_CS_1.0CC_1.5CD_20ohm.csv,1,ISC,CC,1.0,1.5,20,CC_CC1.0_CD1.5_20ohm
0.07332872978878384,2.4550603595626246,-2.610987,2.610987,-2.610987,1.4852335050983247,0.8446835904352924,0.0,2.829562,2.66003,53.82518302986162,30.363894861084187,0.0,100.0,100.0,3.769174095654285,0.3035796150492588,2.749566,4.200149,2.749566,-5.680184555609521e-05,0.000777393846324141,-0.009920000000000151,0.008680000000000021,-0.00024659300631374453,0.002257037975435212,-0.16834099999999985,0.0021700000000000053,ISC_CS_0.9CC_0.9CD_50ohm.csv,1,ISC,CC,0.9,0.9,50,CC_CC0.9_CD0.9_50ohm
0.0664901425793908,3.4737217303637724,-2.91295,5.81473,-2.90179,1.6355243729747246,0.8765679088878355,0.0,2.85916,2.7403,58.29897608554763,30.927493527996265,0.0,100.0,100.0,3.807306416072586,0.3573055524363915,2.749876,4.200149,2.749876,-0.00010154781199351708,0.0007109966129049321,-0.00527000000000033,0.016121000000000052,-0.0008444392220421396,0.00424906440761248,-0.031620000000000203,0.031620000000000203,ISC_CS_2.0CC_1.0CD_500ohm.csv,1,ISC,CC,2.0,1.0,500,CC_CC2.0_CD1.0_500ohm
0.1484027143701949,4.267647543721722,-5.80171,4.35454,-5.79799,1.6869666883500887,0.8976806069435833,0.0,2.88635,2.67046,59.63872998225902,31.298256329282708,0.0,100.0,100.0,3.847851165385374,0.36110036140439966,2.749876,4.200149,2.749876,-9.69002169197398e-05,0.0007786346158450307,-0.013640000000000096,0.014261000000000301,-0.0007431670281995664,0.003405774685817861,-0.03534000000000059,0.0167400000000002,ISC_CS_1.5CC_2.0CD_30ohm.csv,1,ISC,CC,1.5,2.0,30,CC_CC1.5_CD2.0_30ohm
0.18498825897215057,2.3232280216032453,-4.348649,1.449343,-4.348338,1.5868543289309984,0.9211092424990966,0.0,3.151958,2.61738,52.104501799215235,29.807837003135447,0.0,100.0,100.0,3.7915543801320704,0.2839140980969382,2.749566,4.200149,2.749566,-3.448291375514503e-05,0.0007358291713920858,-0.014880000000000226,0.011160999999999976,-8.3180434574519e-05,0.0009984438689178885,-0.08959600000000001,0.0015500000000000513,ISC_CS_0.5CC_1.5CD_20ohm.csv,1,ISC,CC,0.5,1.5,20,CC_CC0.5_CD1.5_20ohm
0.008386244988452607,1.9355647906392852,-1.450273,2.899926,-1.449653,1.443951063926097,0.8202986942289798,0.0,2.740716,2.710663,53.02624612471132,30.08309452439681,0.0,100.0,100.0,3.7402448557043884,0.30260477569284905,2.749566,4.200459,2.749566,-4.293809479811517e-05,0.0006007719978454099,-0.005580999999999836,0.013951000000000047,-0.0002143757738150236,0.0020520137026551447,-0.17113099999999992,0.0024800000000000377,ISC_CS_1.0CC_0.5CD_500ohm.csv,1,ISC,CC,1.0,0.5,500,CC_CC1.0_CD0.5_500ohm
0.02237321570420688,2.64083330174806,-2.898252,2.898624,-2.897694,1.5019600386725893,0.8323832561319424,0.0,2.719615,2.673165,55.597399960804815,30.735749469946942,0.0,100.0,100.0,3.783401536190227,0.3316801324937749,2.749256,4.200149,2.749256,-6.433755880815473e-05,0.0006656704309262777,-0.006819999999999826,0.010229999999999961,-0.0003028893099843178,0.0024130636808221426,-0.1821060000000001,0.0026050000000001905,ISC_CS_1.0CC_1.0CD_700ohm.csv,1,ISC,CC,1.0,1.0,700,CC_CC1.0_CD1.0_700ohm
0.008205058691469308,3.1783627313170877,-3.479353,3.479663,-3.479043,1.4727869225465042,0.8155411394624611,0.0,2.65014,2.634442,55.703541565105844,30.819257923412486,0.0,100.0,100.0,3.782904943072482,0.33016650243837353,2.749566,4.200149,2.749566,-7.71318575553417e-05,0.0008814569340509086,-0.009611000000000036,0.009300999999999782,-0.0004652784728905999,0.003255012919947726,-0.20678399999999986,0.0015500000000000513,ISC_CS_1.2CC_1.2CD_500ohm.csv,1,ISC,CC,1.2,1.2,500,CC_CC1.2_CD1.2_500ohm
0.13754195892402762,1.9375544119566892,-1.450273,2.900236,-1.449653,1.4859733503271535,0.8624855453635167,0.0,2.9782,2.55543,53.99089291166848,30.342317751284572,0.0,100.0,100.0,3.763257234278444,0.3075487463437039,2.749256,4.200149,2.749256,-4.6663515724413746e-05,0.0006216128299414289,-0.008370999999999906,0.012091000000000296,-0.00021091610616251588,0.0019798454793114356,-0.15873099999999996,0.0012400000000001299,ISC_CS_1.0CC_0.5CD_30ohm.csv,1,ISC,CC,1.0,0.5,30,CC_CC1.0_CD0.5_30ohm
0.0026480508354070524,1.7547443524513615,-1.449591,2.31901,-1.449405,1.3874850731425523,0.7919474374899975,0.0,2.652629,2.642592,52.41645410593672,29.907646386033896,0.0,100.0,100.0,3.7361585738535377,0.2941102936986334,2.749876,4.200149,2.749876,-4.114311111111115e-05,0.0005109119740348091,-0.0043400000000000105,0.00682100000000041,-0.00015459662222222221,0.0012865014676502065,-0.109375,0.0009299999999999864,ISC_CS_0.8CC_0.5CD_700ohm.csv,1,ISC,CC,0.8,0.5,700,CC_CC0.8_CD0.5_700ohm
0.06551947991761083,3.7294909873354496,-5.81101,2.90551,-5.80357,1.5598646858908343,0.8650648704176521,0.0,2.80459,2.69958,56.14323384826639,31.007531433590845,0.0,100.0,100.0,3.8192768729831785,0.3329208279669321,2.749876,4.200149,2.749876,-8.463787774725282e-05,0.002539558292502374,-0.13206799999999985,0.12989799999999985,-0.000398597184065934,0.045551517777968974,-2.44978,2.4535,ISC_CS_1.0CC_2.0CD_50ohm.csv,1,ISC,CC,1.0,2.0,50,CC_CC1.0_CD2.0_50ohm
-0.007727048093841716,3.0163565937987618,-4.349578,2.319879,-4.348958,1.4204980980938418,0.801381002490019,0.0,2.645744,2.645744,53.854425337243406,30.391912895146277,0.0,100.0,100.0,3.7783607445747798,0.3073308667813435,2.749256,4.200149,2.749256,-6.456849515987097e-05,0.0009605699767011896,-0.014882000000000062,0.008990999999999971,-0.0002551366969785861,0.002623170271210274,-0.1906629999999998,0.0009299999999998754,ISC_CS_0.8CC_1.5CD_700ohm.csv,1,ISC,CC,0.8,1.5,700,CC_CC0.8_CD1.5_700ohm
-0.004914713212272906,2.476775157928833,-2.898624,2.319197,-2.898438,1.4186892390732626,0.8058776467854042,0.0,2.676872,2.676872,53.11113345021916,30.177907898100173,0.0,100.0,100.0,3.7585926259236064,0.29857535263970636,2.749566,4.200149,2.749566,-5.4369034197670006e-05,0.000662007730417262,-0.006510000000000016,0.006820999999999966,-0.0002178411624702493,0.002090598724500565,-0.16555000000000009,0.003906999999999994,ISC_CS_0.8CC_1.0CD_900ohm.csv,1,ISC,CC,0.8,1.0,900,CC_CC0.8_CD1.0_900ohm
0.03623384471398622,3.015428187573133,-2.898996,4.348958,-2.898996,1.5232073192572628,0.8093421547587715,0.0,2.633315,2.557404,58.52943384246781,30.90229643652153,0.0,100.0,100.0,3.7921289447439355,0.38105494886533625,2.749256,4.200149,2.749256,-8.13127621330138e-05,0.0008808575718387646,-0.009300999999999782,0.016430999999999862,-0.0005645928699820252,0.0027289057707865164,-0.13919999999999977,0.0009299999999994313,ISC_CS_1.5CC_1.0CD_100ohm.csv,1,ISC,CC,1.5,1.0,100,CC_CC1.5_CD1.0_100ohm
0.029986350622009522,3.988484102314323,-4.638827,4.639137,-4.638827,1.5877949184688995,0.8408682270818028,0.0,2.689545,2.639922,59.39811297607655,31.344016403187982,0.0,100.0,100.0,3.822236821244019,0.35583629370003117,2.749566,4.200149,2.749566,-0.00010565479609419876,0.0009932331460731335,-0.010231000000000101,0.012711000000000361,-0.0007773942178824429,0.004679148103593041,-0.24553599999999953,0.0024800000000000377,ISC_CS_1.6CC_1.6CD_200ohm.csv,1,ISC,CC,1.6,1.6,200,CC_CC1.6_CD1.6_200ohm
0.03809194654654657,1.760462236613569,-1.449405,2.319383,-1.449033,1.4389352973830973,0.8258090412753945,0.0,2.812418,2.688083,52.43074117546117,29.936114216217174,0.0,100.0,100.0,3.741469406091807,0.2933270481385568,2.749876,4.200149,2.749876,-3.8682571011756636e-05,0.0005041767562885767,-0.0043400000000000105,0.009920999999999847,-0.0001492022655110272,0.001386093287122486,-0.12797599999999987,0.005021999999999971,ISC_CS_0.8CC_0.5CD_100ohm.csv,1,ISC,CC,0.8,0.5,100,CC_CC0.8_CD0.5_100ohm
0.005933256488795799,3.46184302010508,-5.80357,2.32701,-5.79985,1.4688152684185072,0.8285595956181888,0.0,2.71209,2.69903,54.22039766242141,30.57581740497742,0.0,100.0,100.0,3.7968628660325647,0.32683797762267264,2.749876,4.200459,2.749876,-6.739332365747458e-05,0.0006210754158771849,-0.011779999999999902,0.006510000000000016,-0.000280772456055475,0.0027450093718605992,-0.026040000000000063,0.020459999999999923,ISC_CS_0.8CC_2.0CD_600ohm.csv,1,ISC,CC,0.8,2.0,600,CC_CC0.8_CD2.0_600ohm
0.01775453446447508,4.223176287870117,-4.36012,5.80543,-4.3564,1.5727981739130434,0.8257098375362321,0.0,2.64113,2.61787,59.74404784729586,31.30525948376216,0.0,100.0,100.0,3.814467298621421,0.3786074066593069,2.749876,4.200459,2.749876,-0.000127283683428814,0.00080114743763716,-0.00961100000000048,0.014260999999999857,-0.0011070719287078294,0.00397362733217425,-0.024180000000000312,0.026040000000000063,ISC_CS_2.0CC_1.5CD_1000ohm.csv,1,ISC,CC,2.0,1.5,1000,CC_CC2.0_CD1.5_1000ohm
0.3760255423742326,2.144858088122434,-4.348958,1.449343,-4.348338,1.9414384604161685,1.1517652151273532,0.0,3.87785,2.575232,52.920907518137604,30.08243918005353,0.0,100.0,100.0,3.8225281284381727,0.2847962165602845,2.749876,4.200149,2.749876,-2.7489195438960253e-05,0.0004976586888991707,-0.008369999999999767,0.008990000000000276,-6.931624272386572e-05,0.0006306459384342662,-0.05549399999999993,0.0018599999999999728,ISC_CS_0.5CC_1.5CD_10ohm.csv,1,ISC,CC,0.5,1.5,10,CC_CC0.5_CD1.5_10ohm
0.12923104934516258,1.6586512458605212,-1.739397,1.739397,-1.739025,1.4406147095901987,0.8388081249132788,0.0,2.913337,2.486757,52.63279203210815,29.957822192118734,0.0,100.0,100.0,3.7507190177439793,0.3093780878761796,2.749566,4.200149,2.749566,-2.9395926645821008e-05,0.0005855927961715594,-0.02852100000000002,0.007130000000000081,-9.807555142398377e-05,0.0005791347964383395,-0.035341999999999985,0.0005580000000000584,ISC_CS_0.6CC_0.6CD_30ohm.csv,1,ISC,CC,0.6,0.6,30,CC_CC0.6_CD0.6_30ohm
0.024657669178487114,3.019847681238866,-2.899306,4.348958,-2.898996,1.5404798699763593,0.8179534165306422,0.0,2.655348,2.60251,58.48950731382979,30.923545245218467,0.0,100.0,100.0,3.8006428027482273,0.37062565922891405,2.749256,4.200149,2.749256,-9.008261897723914e-05,0.0008049728912372031,-0.007439999999999891,0.013951000000000047,-0.0005568993496896246,0.002618714900340053,-0.14477900000000066,0.0012399999999999078,ISC_CS_1.5CC_1.0CD_300ohm.csv,1,ISC,CC,1.5,1.0,300,CC_CC1.5_CD1.0_300ohm
0.1708460159607124,3.3156025133473475,-3.769531,3.769841,-3.768911,1.661784709330878,0.9150736394077794,0.0,2.982388,2.6718,57.75888419275629,31.10932353898032,0.0,100.0,100.0,3.818571195672191,0.33506139267788543,2.749566,4.200149,2.749566,-7.705280933374257e-05,0.0009772989298026194,-0.016431000000000306,0.011160999999999976,-0.0004897780165796747,0.003991047215006564,-0.2594859999999999,0.0009300000000003195,ISC_CS_1.3CC_1.3CD_20ohm.csv,1,ISC,CC,1.3,1.3,20,CC_CC1.3_CD1.3_20ohm
0.04982667618701108,3.7360213793430175,-4.640997,4.640997,-4.640067,1.5798034975441149,0.7986974349928877,0.0,2.597229,2.523743,61.330970001819175,30.82908107062081,0.0,100.0,100.0,3.839812196288885,0.4270836456433073,2.749876,4.200149,2.749876,-9.732192902638765e-05,0.0008281301519138874,-0.017980999999999803,0.0260419999999999,-0.0007388571428571428,0.0017381665919459692,-0.06603400000000015,0.0009299999999999864,ISC_CS_1.6CC_1.6CD_100ohm.csv,1,ISC,CC,1.6,1.6,100,CC_CC1.6_CD1.6_100ohm
0.04178926536378599,4.543290793376823,-5.51897,5.52083,-5.51153,1.5446103908641393,0.7946074774989865,0.0,2.55654,2.50786,60.76893590769956,31.143100500972253,0.0,100.0,100.0,3.8502500004709206,0.38519945464006505,2.749876,4.200459,2.749876,-0.00014767020023557132,0.0008110027061122992,-0.010541000000000356,0.012710999999999917,-0.0011616419316843344,0.004275738513292973,-0.022320000000000118,0.022320000000000118,ISC_CS_1.9CC_1.9CD_700ohm.csv,1,ISC,CC,1.9,1.9,700,CC_CC1.9_CD1.9_700ohm
0.18596379423432916,1.9070965185565967,-2.89881,1.449591,-2.89881,1.5371153860530726,0.8977865603723321,0.0,3.094404,2.510673,52.26923589879221,29.84544344184801,0.0,100.0,100.0,3.7744548923565193,0.3008281995562661,2.748946,4.200149,2.748946,-3.225667930517589e-05,0.0005604299873365527,-0.008990999999999971,0.0071310000000002205,-7.671087205713784e-05,0.0004781152970750144,-0.032738000000000156,0.00037200000000003897,ISC_CS_0.5CC_1.0CD_20ohm.csv,1,ISC,CC,0.5,1.0,20,CC_CC0.5_CD1.0_20ohm
0.0017749961218835367,2.4476156238456763,-4.348338,1.449343,-4.347718,1.3598569474792241,0.7784476340062499,0.0,2.619606,2.619606,51.952571867036006,29.741114750543943,0.0,100.0,100.0,3.7740673699722995,0.28532514078132065,2.749566,4.200149,2.749566,-3.892851601462929e-05,0.0007701188141491978,-0.014261000000000301,0.004340999999999706,-9.644530643910009e-05,0.0010569749843656936,-0.0843259999999999,0.000620000000000509,ISC_CS_0.5CC_1.5CD_600ohm.csv,1,ISC,CC,0.5,1.5,600,CC_CC0.5_CD1.5_600ohm
0.0930477604898255,3.763572969800046,-4.639757,4.639757,-4.639137,1.6153803010985053,0.8261920464927676,0.0,2.68088,2.537379,61.206049090581665,30.94725888625317,0.0,100.0,100.0,3.838873076175041,0.41053774343719485,2.749876,4.200149,2.749876,-7.740713384975687e-05,0.0008555327256526541,-0.013330999999999982,0.013330999999999982,-0.0007311799675734103,0.001975983545323734,-0.09021599999999985,0.0012410000000000476,ISC_CS_1.6CC_1.6CD_50ohm.csv,1,ISC,CC,1.6,1.6,50,CC_CC1.6_CD1.6_50ohm
0.013382878782697944,1.756664285675667,-1.449405,2.319197,-1.449033,1.4415838227902207,0.8246464236768142,0.0,2.776704,2.733252,52.37139019490511,29.912443111353344,0.0,100.0,100.0,3.7407556829372544,0.292916402482928,2.749566,4.200149,2.749566,-3.9335584815321504e-05,0.0004957997735600111,-0.0043400000000000105,0.008680000000000021,-0.0001487173392612859,0.0014143752508116601,-0.12760399999999983,0.004650000000000043,ISC_CS_0.8CC_0.5CD_300ohm.csv,1,ISC,CC,0.8,0.5,300,CC_CC0.8_CD0.5_300ohm
-6.225285171092915e-05,2.8385625480182197,-5.80543,1.45833,-5.80357,1.414376280893536,0.8118212634231173,0.0,2.7324,2.72301,51.7963,29.72750570485854,0.0,100.0,100.0,3.7728374285884025,0.29382099836578723,2.749876,4.200459,2.749876,-3.4303304017114346e-05,0.0005304093203048281,-0.010231000000000101,0.004960999999999771,-0.00010346208699786072,0.0031787530635137354,-0.06882999999999995,0.13764999999999994,ISC_CS_0.5CC_2.0CD_800ohm.csv,1,ISC,CC,0.5,2.0,800,CC_CC0.5_CD2.0_800ohm
0.03864568344072833,2.2973677512934927,-1.449033,4.351129,-1.448103,1.4602788828884115,0.8229689614786038,0.0,2.753335,2.633539,54.49378853431524,30.44394888984542,0.0,100.0,100.0,3.7446148216221746,0.3214032283799891,2.749566,4.200149,2.749566,-5.039601023017896e-05,0.0008209704487997976,-0.0065109999999997115,0.021390999999999938,-0.00038591529411764703,0.003382115259416157,-0.2418149999999999,0.0009310000000004592,ISC_CS_1.5CC_0.5CD_100ohm.csv,1,ISC,CC,1.5,0.5,100,CC_CC1.5_CD0.5_100ohm
0.005086558355437681,4.468570557546297,-5.22321,5.22507,-5.21577,1.5996573762157382,0.8457712820277103,0.0,2.70001,2.69286,59.298483311229006,31.336986454442304,0.0,100.0,100.0,3.826425186339522,0.3663284983074844,2.749876,4.200149,2.749876,-0.00013389385227775323,0.0007956647525019981,-0.011469999999999647,0.011781000000000041,-0.0010267249004865104,0.0040915066347090075,-0.029759999999999565,0.014880000000000004,ISC_CS_1.8CC_1.8CD_700ohm.csv,1,ISC,CC,1.8,1.8,700,CC_CC1.8_CD1.8_700ohm
0.026386057104010912,4.437673595638466,-5.22507,5.22507,-5.22135,1.5551492114208023,0.8192775514789304,0.0,2.62223,2.58266,59.598698164513934,31.30682274622157,0.0,100.0,100.0,3.829519227736234,0.3716746048775514,2.749876,4.200149,2.749876,-0.00013712264792564057,0.000794646887544299,-0.01240000000000041,0.012711000000000361,-0.0010521401042847425,0.004318423953433888,-0.037200000000000344,0.022320000000000118,ISC_CS_1.8CC_1.8CD_200ohm.csv,1,ISC,CC,1.8,1.8,200,CC_CC1.8_CD1.8_200ohm
0.03920206597469074,2.9864855114594193,-4.349578,2.319879,-4.348958,1.464512356178018,0.8261610596614715,0.0,2.725889,2.651766,54.15095238162946,30.47390339963347,0.0,100.0,100.0,3.784955429688611,0.31085033747724483,2.749566,4.200459,2.749566,-5.4807993173090616e-05,0.0009132940012324557,-0.014571000000000112,0.007439999999999891,-0.00024749551984070545,0.002680165915534772,-0.20182199999999995,0.0006209999999997606,ISC_CS_0.8CC_1.5CD_100ohm.csv,1,ISC,CC,0.8,1.5,100,CC_CC0.8_CD1.5_100ohm
0.1282328659738011,2.1883593445014577,-2.318825,2.31901,-2.318639,1.489533673920104,0.8579660790218366,0.0,2.922634,2.589826,53.444586673162284,30.243992556822437,0.0,100.0,100.0,3.7712696517267514,0.30143684472236465,2.749566,4.200149,2.749566,-4.5420357336220945e-05,0.0006610615356592542,-0.006820999999999966,0.008989999999999831,-0.00018832831618841362,0.001428143145526193,-0.11179300000000003,0.0007449999999999957,ISC_CS_0.8CC_0.8CD_30ohm.csv,1,ISC,CC,0.8,0.8,30,CC_CC0.8_CD0.8_30ohm
0.05969447470026439,4.1858425163503,-4.36198,5.81287,-4.3471,1.6384180349522455,0.8559581468942584,0.0,2.74694,2.67368,60.21790292623451,31.26832419258098,0.0,100.0,100.0,3.8263136663279824,0.37447328313443706,2.749876,4.200149,2.749876,-0.00012472636714779432,0.0007933326224193028,-0.00961100000000048,0.013640999999999792,-0.0010622219963407195,0.00458921400677664,-0.044640000000000235,0.01859999999999995,ISC_CS_2.0CC_1.5CD_100ohm.csv,1,ISC,CC,2.0,1.5,100,CC_CC2.0_CD1.5_100ohm
0.04317097809978593,3.372109922742173,-3.769221,3.769531,-3.768601,1.544091572863494,0.8445558511486788,0.0,2.733426,2.655035,57.088727959822165,31.070759163528567,0.0,100.0,100.0,3.7972729410505517,0.3403607759840057,2.748946,4.200149,2.748946,-7.889639268654265e-05,0.0010321099313305158,-0.013950999999999603,0.014571000000000112,-0.0005254659858342942,0.004138669717803668,-0.2511160000000001,0.0006200000000000649,ISC_CS_1.3CC_1.3CD_100ohm.csv,1,ISC,CC,1.3,1.3,100,CC_CC1.3_CD1.3_100ohm
0.03715961440047598,3.137911596907075,-2.898996,4.349268,-2.898376,1.5658296213924427,0.8548141362119168,0.0,2.78022,2.710322,56.95007020232073,30.934492720848908,0.0,100.0,100.0,3.7969577298423083,0.33288423553478086,2.749566,4.200149,2.749566,-8.603973214285717e-05,0.000834555324190095,-0.009920999999999847,0.01581100000000024,-0.0005608038690476189,0.004069601094668403,-0.2632060000000003,0.0012400000000000189,ISC_CS_1.5CC_1.0CD_400ohm.csv,1,ISC,CC,1.5,1.0,400,CC_CC1.5_CD1.0_400ohm
0.00569648245180426,2.0052968994346347,-2.898996,1.449405,-2.898624,1.3554125503707366,0.7786248375191338,0.0,2.634384,2.618586,51.54732584280771,29.605168390683787,0.0,100.0,100.0,3.758368041028176,0.2760135125085389,2.748946,4.200149,2.748946,-4.426658756056558e-05,0.0005685245814311341,-0.0077510000000002854,0.004649999999999821,-8.602570948284384e-05,0.000718134395513397,-0.055803999999999965,0.0013030000000000541,ISC_CS_0.5CC_1.0CD_400ohm.csv,1,ISC,CC,0.5,1.0,400,CC_CC0.5_CD1.0_400ohm
0.12804892815312105,2.9773042041331648,-2.898996,4.348958,-2.898685,1.5991242092558207,0.8521876797567036,0.0,2.79272,2.534825,59.33859418654478,30.874824620231475,0.0,100.0,100.0,3.814901513783745,0.37751007758823524,2.748946,4.200149,2.748946,-8.349578511215888e-05,0.0008170976931368003,-0.007439999999999891,0.016741000000000117,-0.000538625517931133,0.0025408479818587577,-0.135478,0.0012399999999999078,ISC_CS_1.5CC_1.0CD_30ohm.csv,1,ISC,CC,1.5,1.0,30,CC_CC1.5_CD1.0_30ohm
0.012845678054981238,3.2508923187384067,-4.347408,2.898996,-4.347098,1.4802291870332116,0.8193934204608021,0.0,2.656202,2.634784,55.86714856189417,30.89641563293218,0.0,100.0,100.0,3.8009477088828856,0.3339171631330156,2.749876,4.200149,2.749876,-7.579240184390405e-05,0.0006700475617122684,-0.006200000000000205,0.00837000000000021,-0.00036866301065013505,0.001984324387777275,-0.12741900000000017,0.0018599999999999728,ISC_CS_1.0CC_1.5CD_500ohm.csv,1,ISC,CC,1.0,1.5,500,CC_CC1.0_CD1.5_500ohm
0.004531640279823537,3.786536413695115,-5.80357,2.90365,-5.79799,1.4865030265095729,0.8270564562733645,0.0,2.67428,2.66673,55.626281111929316,30.940944491206718,0.0,100.0,100.0,3.803819310382916,0.3356461948876833,2.749876,4.200149,2.749876,-8.489871086556167e-05,0.0006778197161202872,-0.011160999999999976,0.0077510000000002854,-0.0004278618784530387,0.0030130631986547834,-0.02417999999999987,0.026040000000000063,ISC_CS_1.0CC_2.0CD_500ohm.csv,1,ISC,CC,1.0,2.0,500,CC_CC1.0_CD2.0_500ohm
0.04561996525364836,4.610376678602037,-5.51897,5.52641,-5.50409,1.5910080958999304,0.8284562333389671,0.0,2.64954,2.59164,60.458582487838775,31.34295171154352,0.0,100.0,100.0,3.8361511199907343,0.38406359364606185,2.749876,4.200149,2.749876,-0.00012846234067207413,0.0008997053830137624,-0.010850999999999722,0.013640999999999792,-0.0011367624565469293,0.004526107526821467,-0.02417999999999987,0.031619999999999315,ISC_CS_1.9CC_1.9CD_300ohm.csv,1,ISC,CC,1.9,1.9,300,CC_CC1.9_CD1.9_300ohm
0.08951143933428742,3.796453746342295,-4.349888,4.349888,-4.349578,1.6143874434502508,0.8709821250306929,0.0,2.847298,2.707642,57.68300932355047,30.842000192749452,0.0,100.0,100.0,3.824930037580529,0.34554116156707476,2.749876,4.200459,2.749876,-0.00010600375939849642,0.0009325896153588873,-0.009300000000000086,0.008680999999999717,-0.0006748730755460079,0.0042158220403948655,-0.23964500000000033,0.005269999999999886,ISC_CS_1.5CC_1.5CD_600ohm.csv,1,ISC,CC,1.5,1.5,600,CC_CC1.5_CD1.5_600ohm
0.376175956367561,3.551586679554752,-4.349268,4.349268,-4.348338,1.8749133573851375,1.0098854485477642,0.0,3.24871,2.569241,61.141430033919214,31.11706229362759,0.0,100.0,100.0,3.873169417668826,0.34086772982548863,2.749256,4.200149,2.749256,-7.908266502159161e-05,0.0009994782851385753,-0.013329999999999842,0.011780999999999597,-0.0005814545033929673,0.00406984822592563,-0.238715,0.0012409999999999366,ISC_CS_1.5CC_1.5CD_10ohm.csv,1,ISC,CC,1.5,1.5,10,CC_CC1.5_CD1.5_10ohm
0.002541605298265318,3.887593534765818,-4.640377,4.640377,-4.639757,1.5518653712597674,0.8052323857287932,0.0,2.585394,2.581601,60.05237592910235,31.151414770913952,0.0,100.0,100.0,3.8214855065751863,0.3957417053758518,2.749876,4.200149,2.749876,-7.92041944709247e-05,0.001307896147348022,-0.010850000000000026,0.07719499999999968,-0.0007739561487130601,0.0021695627218992685,-0.09269600000000011,0.0009310000000000151,ISC_CS_1.6CC_1.6CD_1000ohm.csv,1,ISC,CC,1.6,1.6,1000,CC_CC1.6_CD1.6_1000ohm
0.007253053756030323,1.7583348183657017,-1.449591,2.319383,-1.449405,1.4301805627153688,0.8181289126876027,0.0,2.747306,2.725207,52.292200723638864,29.891301413683347,0.0,100.0,100.0,3.734051592350103,0.29381802935765994,2.749876,4.200149,2.749876,-3.576736170946057e-05,0.0005193433266139389,-0.004030999999999452,0.010231000000000101,-0.00022458952266069275,0.00824912506363088,-0.867746,0.008185000000000109,ISC_CS_0.8CC_0.5CD_500ohm.csv,1,ISC,CC,0.8,0.5,500,CC_CC0.8_CD0.5_500ohm
0.38204540549257243,2.2986518724871656,-1.449033,4.351129,-1.448413,1.635036277560594,1.0084913777638762,0.0,3.365762,2.2686,57.56593447028929,30.775285542408113,0.0,100.0,100.0,3.804911678362002,0.3342139245819494,2.749566,4.200459,2.749566,-5.570048875855331e-05,0.0007244328138474954,-0.0071310000000002205,0.016121000000000052,-0.00036869032258064527,0.0032948205858623954,-0.2573160000000003,0.0015500000000000513,ISC_CS_1.5CC_0.5CD_10ohm.csv,1,ISC,CC,1.5,0.5,10,CC_CC1.5_CD0.5_10ohm
0.003308497522499938,2.231281554771693,-1.450583,4.348028,-1.449343,1.459977751845485,0.8094382413158269,0.0,2.666918,2.643076,55.04079609667308,30.46324414247594,0.0,100.0,100.0,3.740632878754171,0.3338286631069794,2.749256,4.200149,2.749256,-6.716526752301006e-05,0.0007043951839359237,-0.008059999999999956,0.017360999999999738,-0.00038113593607767783,0.002497841042437759,-0.15315000000000012,0.0009299999999998754,ISC_CS_1.5CC_0.5CD_700ohm.csv,1,ISC,CC,1.5,0.5,700,CC_CC1.5_CD0.5_700ohm
0.007609759172458385,3.4631213793452043,-5.80171,2.32515,-5.79799,1.4678093373201877,0.828288505031779,0.0,2.71328,2.70176,54.15228491999354,30.549668847369453,0.0,100.0,100.0,3.793079521415872,0.32557747129269493,2.749876,4.200149,2.749876,-6.20038803556993e-05,0.000631804652564165,-0.011160999999999976,0.0065109999999997115,-0.00028149878738884405,0.002966618668958264,-0.03161999999999998,0.026040000000000063,ISC_CS_0.8CC_2.0CD_400ohm.csv,1,ISC,CC,0.8,2.0,400,CC_CC0.8_CD2.0_400ohm
0.3925499075047299,2.6160067099815683,-1.45647,5.80357,-1.45461,1.6412622104267396,1.0059432578580791,0.0,3.36044,2.29934,58.12034439772967,30.753285855967388,0.0,100.0,100.0,3.8070246476771077,0.3449592286413873,2.749876,4.200459,2.749876,-6.137163582842724e-05,0.0005955355042104094,-0.0040300000000002,0.019842000000000137,-0.0005477491589571069,0.002877963408244445,-0.02418000000000009,0.022320000000000118,ISC_CS_2.0CC_0.5CD_10ohm.csv,1,ISC,CC,2.0,0.5,10,CC_CC2.0_CD0.5_10ohm
0.1860833126376928,4.289826676946016,-5.81101,4.35268,-5.79799,1.707641962747847,0.9175914718682506,0.0,2.95858,2.6862,59.187243641097545,31.258037647315895,0.0,100.0,100.0,3.8340023444822755,0.36761946382190785,2.749876,4.200769,2.749876,-9.006812262071822e-06,0.0015679544717895812,-0.012710999999999917,0.06138399999999988,-0.0007550791424564216,0.004205416355391132,-0.037209999999999965,0.04836000000000018,ISC_CS_1.5CC_2.0CD_300ohm.csv,1,ISC,CC,1.5,2.0,300,CC_CC1.5_CD2.0_300ohm
0.02971702596038426,3.0988174486072517,-3.479353,3.479973,-3.479043,1.554152636104442,0.846421974553223,0.0,2.749727,2.692412,56.956423829531815,30.91312782326889,0.0,100.0,100.0,3.808148489645858,0.3353724799553822,2.749256,4.200149,2.749256,-7.938967277093955e-05,0.0009306339523581233,-0.013021000000000171,0.009301000000000226,-0.00043557280096067247,0.0034634682221051614,-0.22321499999999972,0.0006200000000000649,ISC_CS_1.2CC_1.2CD_700ohm.csv,1,ISC,CC,1.2,1.2,700,CC_CC1.2_CD1.2_700ohm
0.07221606564615836,1.9460835847879596,-2.029576,2.029576,-2.029018,1.436480056127956,0.8258573915332077,0.0,2.823286,2.6174,52.54140670199196,29.955526153972468,0.0,100.0,100.0,3.759338049455402,0.29121313762996226,2.749876,4.200149,2.749876,-4.600549612327015e-05,0.0005891079495777094,-0.007130999999999776,0.007130000000000081,-0.00014221542840317993,0.0009795155521659686,-0.06826600000000016,0.0013020000000000254,ISC_CS_0.7CC_0.7CD_50ohm.csv,1,ISC,CC,0.7,0.7,50,CC_CC0.7_CD0.7_50ohm
0.081683378312469,3.4960972363848577,-2.91481,5.80729,-2.89993,1.6355320647049258,0.8800701509733243,0.0,2.86668,2.73611,58.25415839700862,30.992707524329546,0.0,100.0,100.0,3.805458934157048,0.35508612740228196,2.749876,4.201389,2.749876,-0.00010940689543015125,0.0006726006344959266,-0.006200999999999901,0.014571000000000112,-0.0008470206537648399,0.005666704818217649,-0.08369999999999989,0.05766999999999989,ISC_CS_2.0CC_1.0CD_100ohm.csv,1,ISC,CC,2.0,1.0,100,CC_CC2.0_CD1.0_100ohm
0.020692687210072693,2.560052010676953,-1.46019,5.80729,-1.44903,1.4851172586702013,0.8252295735359486,0.0,2.72661,2.67712,55.10515799646564,30.502978743547725,0.0,100.0,100.0,3.7504695278330016,0.33264195482417697,2.749876,4.200149,2.749876,-6.109975695978787e-05,0.000657336482170346,-0.0037199999999995015,0.02325199999999983,-0.0005766117984975696,0.0034303105275338345,-0.027899999999999814,0.022320000000000118,ISC_CS_2.0CC_0.5CD_700ohm.csv,1,ISC,CC,2.0,0.5,700,CC_CC2.0_CD0.5_700ohm
0.0014758467331953144,1.9411204567125042,-1.449033,2.898252,-1.448847,1.4161534222368668,0.8057767490311603,0.0,2.686154,2.677624,52.819961862172846,30.043126590930473,0.0,100.0,100.0,3.7369365241950665,0.29967360314747843,2.749566,4.200149,2.749566,-4.3496139359698645e-05,0.000572466158865011,-0.004960999999999771,0.010850000000000026,-0.00021836261770244819,0.0019199495534126154,-0.16406300000000007,0.0026040000000000507,ISC_CS_1.0CC_0.5CD_900ohm.csv,1,ISC,CC,1.0,0.5,900,CC_CC1.0_CD0.5_900ohm
0.0015593465504719032,1.4227916159812106,-1.449591,1.449591,-1.449405,1.3839122246187365,0.7965225215326425,0.0,2.709766,2.703963,51.12352875090778,29.42207463754023,0.0,100.0,100.0,3.735810070225127,0.2789169143557484,2.749876,4.200149,2.749876,-2.4634006391632725e-05,0.00047419374986466004,-0.006199999999999761,0.007441000000000031,-6.328297501452644e-05,0.0004966369017827874,-0.03831899999999999,0.002790999999999988,ISC_CS_0.5CC_0.5CD_1000ohm.csv,1,ISC,CC,0.5,0.5,1000,CC_CC0.5_CD0.5_1000ohm
0.019765363616021634,4.476904949457823,-5.22507,5.22507,-5.21949,1.5859123562318191,0.8405975231355568,0.0,2.68458,2.66292,59.23347368538823,31.349114738844403,0.0,100.0,100.0,3.822884367196241,0.36757257932959997,2.749876,4.200149,2.749876,-0.00012617327065144406,0.0008136486880804377,-0.010231000000000101,0.013640000000000096,-0.001036868144168346,0.004027152632607664,-0.031620000000000203,0.014880000000000004,ISC_CS_1.8CC_1.8CD_300ohm.csv,1,ISC,CC,1.8,1.8,300,CC_CC1.8_CD1.8_300ohm
0.009091550360136934,2.83102723269548,-5.81101,1.45647,-5.80171,1.4229782914157516,0.8172998548463759,0.0,2.75324,2.71936,51.80150377848625,29.74278715364711,0.0,100.0,100.0,3.774802891132365,0.29059329241783804,2.749876,4.200149,2.749876,-3.8848588638242626e-05,0.000541875489438023,-0.012091000000000296,0.004650000000000265,-0.00010259477973308138,0.0026648725218744417,-0.029769999999999852,0.027900000000000036,ISC_CS_0.5CC_2.0CD_300ohm.csv,1,ISC,CC,0.5,2.0,300,CC_CC0.5_CD2.0_300ohm
0.03783325981580257,4.827908254008823,-5.80357,5.80357,-5.80171,1.5873371473582163,0.822032401036464,0.0,2.62816,2.58755,60.68548230731943,31.330010229066247,0.0,100.0,100.0,3.8440640516238487,0.38301536534542124,2.749876,4.200459,2.749876,-0.00015147672162948598,0.0008402737586726094,-0.009920000000000151,0.015191000000000177,-0.0012656377303588747,0.0042075923955804196,-0.027900000000000036,0.01859999999999995,ISC_CS_2.0CC_2.0CD_600ohm.csv,1,ISC,CC,2.0,2.0,600,CC_CC2.0_CD2.0_600ohm
0.004242728201021116,1.9484249632765895,-2.029576,2.02939,-2.02939,1.4003477210932023,0.7990100076265234,0.0,2.671354,2.659217,52.528217208929824,29.96066892283927,0.0,100.0,100.0,3.751027391130243,0.2942290084367777,2.749566,4.200149,2.749566,-4.544597977370574e-05,0.0005448313278499447,-0.0065109999999997115,0.00558100000000028,-0.00014514779212976872,0.0009816682066978396,-0.06956800000000007,0.0026039999999999397,ISC_CS_0.7CC_0.7CD_800ohm.csv,1,ISC,CC,0.7,0.7,800,CC_CC0.7_CD0.7_800ohm
0.19350427074136944,2.2900931000167937,-2.900236,2.319568,-2.899926,1.5594012843237124,0.8753410178279376,0.0,2.900765,2.425363,56.55371915110357,30.73425056527934,0.0,100.0,100.0,3.812201276627051,0.35896086182265835,2.749876,4.200149,2.749876,-4.2608853164270415e-05,0.0007227301855804156,-0.013021000000000171,0.023560999999999943,-0.00019693445035661721,0.0010933139822971714,-0.06820400000000015,0.0012399999999996858,ISC_CS_0.8CC_1.0CD_20ohm.csv,1,ISC,CC,0.8,1.0,20,CC_CC0.8_CD1.0_20ohm
0.01324534213685465,4.631439044979057,-5.51711,5.52269,-5.50781,1.532958338535414,0.7993367407933035,0.0,2.5497,2.53523,60.23121678271308,31.372148697536286,0.0,100.0,100.0,3.8307362376950778,0.38680155609062017,2.749876,4.200459,2.749876,-0.0001406742733605573,0.0008519111711418255,-0.012089999999999712,0.013330999999999982,-0.0011876507326447274,0.004220066723231377,-0.020459999999999923,0.020459999999999923,ISC_CS_1.9CC_1.9CD_800ohm.csv,1,ISC,CC,1.9,1.9,800,CC_CC1.9_CD1.9_800ohm
0.016258124040165488,2.828533769855884,-5.80915,1.45833,-5.80357,1.4232482303603071,0.8185425909617464,0.0,2.76205,2.71765,51.68174800945068,29.710426658223746,0.0,100.0,100.0,3.770911840992321,0.29232260043109803,2.749876,4.200459,2.749876,-3.0185040765685942e-05,0.000567387624265367,-0.012709999999999777,0.005889999999999951,-0.00010264327070778677,0.0026899149908069376,-0.018600000000000172,0.020459999999999923,ISC_CS_0.5CC_2.0CD_700ohm.csv,1,ISC,CC,0.5,2.0,700,CC_CC0.5_CD2.0_700ohm
0.0018998051541182107,1.9467644573810943,-2.02939,2.02939,-2.02939,1.386474810813542,0.7908630555922231,0.0,2.640105,2.633255,52.57716261748358,29.984448950754462,0.0,100.0,100.0,3.750179156543709,0.29590262732111333,2.749566,4.200149,2.749566,-4.6003133528757685e-05,0.0005465141143686358,-0.006200999999999901,0.005891000000000091,-0.00014663974527443643,0.0008989539345882209,-0.0571060000000001,0.0009299999999999864,ISC_CS_0.7CC_0.7CD_700ohm.csv,1,ISC,CC,0.7,0.7,700,CC_CC0.7_CD0.7_700ohm
0.004068075218075083,3.004490685488713,-4.349888,2.320189,-4.349268,1.452152091806092,0.8198401650127051,0.0,2.693305,2.684411,53.969642585442585,30.46177329942023,0.0,100.0,100.0,3.7856171098241096,0.308928415882805,2.749876,4.200149,2.749876,-6.164025175225297e-05,0.0008152791723015552,-0.010231000000000101,0.007750000000000146,-0.00024882291517665576,0.002369512236822827,-0.17733100000000013,0.0012400000000000189,ISC_CS_0.8CC_1.5CD_300ohm.csv,1,ISC,CC,0.8,1.5,300,CC_CC0.8_CD1.5_300ohm
0.0002655572078163872,2.4711274307796485,-2.610987,2.610987,-2.609127,1.4629813740936461,0.8281157476473165,0.0,2.737799,2.733822,53.47009040186801,30.262196200434758,0.0,100.0,100.0,3.761797884846995,0.3015078581844956,2.748946,4.200149,2.748946,-5.956484326982177e-05,0.0008192305929282725,-0.011160999999999976,0.009611000000000036,-0.0002496164720344191,0.00222196127629982,-0.16276000000000002,0.0021700000000000053,ISC_CS_0.9CC_0.9CD_500ohm.csv,1,ISC,CC,0.9,0.9,500,CC_CC0.9_CD0.9_500ohm
0.010317504976640175,1.9426989670144115,-2.02939,2.02939,-2.028646,1.3799399650619542,0.7868912884716659,0.0,2.630366,2.6022,52.71288838106845,30.03067150989519,0.0,100.0,100.0,3.7574722819419053,0.29515899707813464,2.749256,4.200149,2.749256,-5.7853108492482735e-05,0.000519210832915753,-0.005269999999999886,0.007130000000000081,-0.00014727519301097113,0.0009255733118743794,-0.06194199999999994,0.0007439999999999669,ISC_CS_0.7CC_0.7CD_200ohm.csv,1,ISC,CC,0.7,0.7,200,CC_CC0.7_CD0.7_200ohm
0.1241155651382823,3.8075556495769116,-4.349268,4.349268,-4.348649,1.6016734326783115,0.8717551722955047,0.0,2.819664,2.621281,58.19458084061136,31.224476996899394,0.0,100.0,100.0,3.818696764374091,0.34159561751849343,2.749876,4.200149,2.749876,-9.299453949763383e-05,0.0011222030314878778,-0.014260999999999857,0.013641000000000236,-0.0006857793957044048,0.004882614302411259,-0.2700269999999998,0.0006209999999997606,ISC_CS_1.5CC_1.5CD_30ohm.csv,1,ISC,CC,1.5,1.5,30,CC_CC1.5_CD1.5_30ohm
0.0011306707461508482,2.4615930338471483,-2.608445,2.608445,-2.608073,1.3630810118436634,0.7704954758633368,0.0,2.53563,2.532783,53.78294937491774,30.397712530843734,0.0,100.0,100.0,3.7624850035530994,0.30865529613649867,2.748946,4.200149,2.748946,-7.908648150585753e-05,0.0006650342605393281,-0.008059999999999956,0.00527000000000033,-0.00026710596288008427,0.0019404530222357655,-0.12369799999999964,0.002790999999999988,ISC_CS_0.9CC_0.9CD_400ohm.csv,1,ISC,CC,0.9,0.9,400,CC_CC0.9_CD0.9_400ohm
0.037390218253968655,4.405666581404643,-5.22693,5.22507,-5.21577,1.5932272905643736,0.8343616080686059,0.0,2.68055,2.6353,59.75961787918872,31.194301350256378,0.0,100.0,100.0,3.840163375881834,0.36864087573305826,2.749876,4.200149,2.749876,-0.00013818923687693006,0.0007640396063718093,-0.012090999999999852,0.009919999999999707,-0.001019084693427437,0.0045090229833266255,-0.06324000000000041,0.016739999999999977,ISC_CS_1.8CC_1.8CD_600ohm.csv,1,ISC,CC,1.8,1.8,600,CC_CC1.8_CD1.8_600ohm
0.09304850793029178,4.160278033569857,-4.35826,5.80357,-4.35454,1.6697504758175055,0.8714108876105732,0.0,2.80478,2.66464,60.58561157235167,31.23755186211702,0.0,100.0,100.0,3.8303081443117284,0.3758989628353548,2.749876,4.200459,2.749876,-0.00011319823702252685,0.0007980495639134303,-0.009300999999999782,0.014261000000000301,-0.0010224270323212538,0.003857046071076774,-0.027900000000000036,0.020460000000000145,ISC_CS_2.0CC_1.5CD_50ohm.csv,1,ISC,CC,2.0,1.5,50,CC_CC2.0_CD1.5_50ohm
0.005510753905496758,1.9057806311334993,-1.449405,2.898252,-1.448847,1.3745205148505304,0.7759914808689006,0.0,2.571251,2.553468,53.66884293153326,30.269689172226148,0.0,100.0,100.0,3.742673064223722,0.3127567461711816,2.749876,4.200149,2.749876,-6.12385223765432e-05,0.0006697557386166933,-0.009301000000000226,0.029762000000000288,-0.0002235444637345679,0.0013662303372339354,-0.09319199999999972,0.0011160000000000059,ISC_CS_1.0CC_0.5CD_400ohm.csv,1,ISC,CC,1.0,0.5,400,CC_CC1.0_CD0.5_400ohm
-0.011645889220997538,3.662266545350646,-4.05816,4.05816,-4.05723,1.4679321856902672,0.8034998120857357,0.0,2.598924,2.598924,56.648028451335705,31.02990205754196,0.0,100.0,100.0,3.7891467315524006,0.33981510711337665,2.749566,4.200149,2.749566,-0.00010295365352270607,0.0010958916498139363,-0.012710999999999917,0.013330999999999982,-0.000650340683984302,0.004271598868377388,-0.2207340000000002,0.0009300000000003195,ISC_CS_1.4CC_1.4CD_400ohm.csv,1,ISC,CC,1.4,1.4,400,CC_CC1.4_CD1.4_400ohm
0.08725065678233455,1.9290011442540054,-1.450273,2.899926,-1.449963,1.4879514489409644,0.8527539775338502,0.0,2.917854,2.642061,53.78964525461919,30.271058232346846,0.0,100.0,100.0,3.7592450757999103,0.3067658267588956,2.749256,4.200149,2.749256,-4.7706120977192904e-05,0.0006518448524611343,-0.008990999999999971,0.012400999999999662,-0.00020915793743802398,0.0021383744623577395,-0.18384200000000028,0.0009299999999998754,ISC_CS_1.0CC_0.5CD_50ohm.csv,1,ISC,CC,1.0,0.5,50,CC_CC1.0_CD0.5_50ohm
0.003355370300752027,2.4540030027761257,-4.348649,1.449343,-4.348028,1.3620259192835027,0.781767135035572,0.0,2.635676,2.628168,51.71081012826184,29.678181247234242,0.0,100.0,100.0,3.7695606983635557,0.28289034169646804,2.749876,4.200149,2.749876,-3.960097323600982e-05,0.0005963513047678405,-0.00961000000000034,0.004340999999999706,-9.607111258571116e-05,0.001001634863989982,-0.0821559999999999,0.0009299999999999864,ISC_CS_0.5CC_1.5CD_800ohm.csv,1,ISC,CC,0.5,1.5,800,CC_CC0.5_CD1.5_800ohm
0.005713362986142383,3.02926537626293,-2.898996,4.348958,-2.898685,1.5307196997466845,0.8124091922500428,0.0,2.631333,2.612158,58.34899260914916,30.921215190637927,0.0,100.0,100.0,3.793064423334824,0.3729659041996284,2.749256,4.200149,2.749256,-8.890699060962888e-05,0.0008579442037235279,-0.009300000000000086,0.016430999999999862,-0.0005617694142197049,0.0030898479806086387,-0.17206200000000038,0.0009299999999994313,ISC_CS_1.5CC_1.0CD_1000ohm.csv,1,ISC,CC,1.5,1.0,1000,CC_CC1.5_CD1.0_1000ohm
0.010036766233766233,4.059289126642321,-4.638517,4.638827,-4.637897,1.5378996937062936,0.8246051950695099,0.0,2.638122,2.621837,58.42068989010989,31.289794415743984,0.0,100.0,100.0,3.8097366361638363,0.3521188476074685,2.748946,4.200149,2.748946,-0.00010683070157905245,0.0010475113074068022,-0.010231000000000101,0.011779999999999902,-0.0008112072756346192,0.004740425201601084,-0.24243599999999965,0.0012400000000000189,ISC_CS_1.6CC_1.6CD_800ohm.csv,1,ISC,CC,1.6,1.6,800,CC_CC1.6_CD1.6_800ohm
0.3760130402497683,2.463407127566687,-5.80357,1.45461,-5.79985,1.9876613948190027,1.1704394700712117,0.0,3.93484,2.65909,52.725578533457096,30.06158944562021,0.0,100.0,100.0,3.811191974770061,0.29510418847449127,2.749876,4.200459,2.749876,-2.1742425521141034e-05,0.00043976931236669535,-0.011470999999999787,0.0043400000000000105,-7.331167187104395e-05,0.002732061127714812,-0.02976000000000001,0.026040000000000063,ISC_CS_0.5CC_2.0CD_10ohm.csv,1,ISC,CC,0.5,2.0,10,CC_CC0.5_CD2.0_10ohm
0.025285223686299554,3.169457897176307,-3.479353,3.479973,-3.479043,1.4897622236862993,0.8245361549669982,0.0,2.680128,2.631532,55.977540276234315,30.89572122585978,0.0,100.0,100.0,3.785372064613431,0.3301320093316579,2.749256,4.200149,2.749256,-7.87725901222805e-05,0.0009863087471893176,-0.013020999999999727,0.013020999999999727,-0.000460918850246149,0.0035515993682221,-0.21546399999999988,0.0006200000000000649,ISC_CS_1.2CC_1.2CD_400ohm.csv,1,ISC,CC,1.2,1.2,400,CC_CC1.2_CD1.2_400ohm
-0.0008139245614037038,3.259474687655997,-4.347098,2.898996,-4.346788,1.4806039688995216,0.8179090015757654,0.0,2.65383,2.65383,55.81883566188198,30.837722949107427,0.0,100.0,100.0,3.7980337368421058,0.33344071453422663,2.748946,4.200149,2.748946,-7.61199744735163e-05,0.0009437286969692036,-0.011160999999999976,0.010540999999999912,-0.0003699663369495852,0.002805588679607477,-0.17330199999999962,0.0009299999999998754,ISC_CS_1.0CC_1.5CD_300ohm.csv,1,ISC,CC,1.0,1.5,300,CC_CC1.0_CD1.5_300ohm
0.004743192323651536,2.215609315519421,-1.450583,4.348338,-1.449653,1.4199202970954357,0.7852036452517137,0.0,2.591347,2.564029,55.14287267634855,30.431161977413094,0.0,100.0,100.0,3.732979247406639,0.3441208087896368,2.749566,4.200149,2.749566,-7.1441481635194e-05,0.0007027284748607634,-0.007750000000000146,0.018600999999999868,-0.00039101483710313347,0.002261028940587768,-0.12493799999999933,0.0012399999999999078,ISC_CS_1.5CC_0.5CD_400ohm.csv,1,ISC,CC,1.5,0.5,400,CC_CC1.5_CD0.5_400ohm
-1.0146444143623522e-05,2.94104489683432,-3.190414,3.190414,-3.189484,1.4457325226281765,0.8055209054778788,0.0,2.618552,2.614603,55.24463443091265,30.774509330004904,0.0,100.0,100.0,3.7791363821981654,0.3212623641309489,2.748946,4.200149,2.748946,-7.85656489697699e-05,0.0009284569380101329,-0.012399999999999967,0.008990999999999971,-0.0003926886749887202,0.0035714534780366316,-0.23778500000000014,0.0009299999999998754,ISC_CS_1.1CC_1.1CD_400ohm.csv,1,ISC,CC,1.1,1.1,400,CC_CC1.1_CD1.1_400ohm
0.06953382990725679,1.9775515325908661,-2.898996,1.449591,-2.898624,1.405604442776556,0.810135454017014,0.0,2.780501,2.579104,51.66166753035664,29.6333779647573,0.0,100.0,100.0,3.7648217516014917,0.2819179517059324,2.749256,4.200149,2.749256,-3.984565362914791e-05,0.0005951469899452195,-0.008061000000000096,0.004649999999999821,-8.317796691211627e-05,0.0006579084619897191,-0.04929300000000003,0.00037200000000003897,ISC_CS_0.5CC_1.0CD_50ohm.csv,1,ISC,CC,0.5,1.0,50,CC_CC0.5_CD1.0_50ohm
0.014846075825556393,1.6650123494271813,-1.739397,1.739397,-1.739211,1.3380708921392679,0.7633807548625209,0.0,2.564464,2.519648,52.58635419059584,29.955514795721676,0.0,100.0,100.0,3.745681873025843,0.31373156200765734,2.749566,4.200149,2.749566,-4.685630945970201e-05,0.00047023667542783325,-0.004651000000000405,0.008059999999999956,-0.00010405779931789625,0.00046676568541221283,-0.016741000000000117,0.00037200000000003897,ISC_CS_0.6CC_0.6CD_200ohm.csv,1,ISC,CC,0.6,0.6,200,CC_CC0.6_CD0.6_200ohm
0.030368436557643336,4.602249175647373,-5.51897,5.51525,-5.50595,1.5742061957782416,0.817191874416269,0.0,2.61222,2.57966,60.49720753885409,31.32765991062445,0.0,100.0,100.0,3.8370153331013688,0.3849318213031154,2.749876,4.200459,2.749876,-0.00013166303086563008,0.0008578146932672964,-0.010230999999999657,0.013951000000000047,-0.001143525179856115,0.004733687676014194,-0.026040000000000063,0.022319999999999895,ISC_CS_1.9CC_1.9CD_500ohm.csv,1,ISC,CC,1.9,1.9,500,CC_CC1.9_CD1.9_500ohm
0.3811402804051644,1.5307281620681825,-1.739397,1.739397,-1.739211,1.8067199701833228,1.119685163352823,0.0,3.721185,2.236503,55.14201020044226,30.421669573418292,0.0,100.0,100.0,3.8221098931450173,0.329255213676699,2.749566,4.200149,2.749566,-3.083170435899261e-05,0.0004921162584333307,-0.009609999999999896,0.016120000000000356,-8.275451237782695e-05,0.00039843639654492174,-0.01860100000000009,0.0007440000000000779,ISC_CS_0.6CC_0.6CD_10ohm.csv,1,ISC,CC,0.6,0.6,10,CC_CC0.6_CD0.6_10ohm
0.021975466130113832,4.441468922746896,-5.22321,5.22321,-5.21763,1.5775165593561369,0.8313684538600479,0.0,2.65882,2.63404,59.51222658171249,31.308605395541193,0.0,100.0,100.0,3.8278565864073335,0.3712651711463847,2.749876,4.200149,2.749876,-0.00012987407738760914,0.0008194023139758305,-0.010541000000000356,0.013641000000000236,-0.0010342764482218743,0.0038191076189915507,-0.039060000000000095,0.02603999999999984,ISC_CS_1.8CC_1.8CD_400ohm.csv,1,ISC,CC,1.8,1.8,400,CC_CC1.8_CD1.8_400ohm
0.040967043795620384,4.615419603588016,-5.51525,5.51525,-5.50967,1.5877368658759123,0.8275379635702367,0.0,2.64416,2.58692,60.45374240419707,31.37119887131723,0.0,100.0,100.0,3.8345207196624087,0.38247126899683076,2.749876,4.200459,2.749876,-0.00012494157918758566,0.0008510732964920658,-0.010851000000000166,0.013020999999999727,-0.0011232017343678685,0.004186675208225604,-0.027900000000000036,0.024189999999999934,ISC_CS_1.9CC_1.9CD_100ohm.csv,1,ISC,CC,1.9,1.9,100,CC_CC1.9_CD1.9_100ohm
0.3706627236879841,3.2894628256645526,-4.0594,4.05971,-4.05847,1.8739561365070263,1.0088355456183888,0.0,3.252028,2.528907,61.204843590478916,31.00794855032028,0.0,100.0,100.0,3.8750266584456554,0.3482007960819293,2.749256,4.200149,2.749256,-8.212937464142289e-05,0.0009165095815791217,-0.012091000000000296,0.01922199999999963,-0.000498913224325875,0.0038791482543150567,-0.2576270000000003,0.0024800000000000377,ISC_CS_1.4CC_1.4CD_10ohm.csv,1,ISC,CC,1.4,1.4,10,CC_CC1.4_CD1.4_10ohm
-0.002799089679600794,3.18864247443881,-3.479353,3.479973,-3.479043,1.4670903468040573,0.8142923945217205,0.0,2.644108,2.644108,55.516496071486074,30.817775017964422,0.0,100.0,100.0,3.7818578047013367,0.32749296738989414,2.748946,4.200149,2.748946,-8.123723626993078e-05,0.0008688571167692819,-0.009920000000000151,0.007750999999999841,-0.0004670520212594621,0.003478944865143529,-0.22569499999999998,0.0003100000000002545,ISC_CS_1.2CC_1.2CD_1000ohm.csv,1,ISC,CC,1.2,1.2,1000,CC_CC1.2_CD1.2_1000ohm
0.03566289183575634,3.4447911461180922,-5.80729,2.34375,-5.79799,1.4859426665601532,0.839031733164627,0.0,2.75371,2.68981,54.257325898705865,30.583714628277892,0.0,100.0,100.0,3.797020575651062,0.32726747641898524,2.749876,4.200459,2.749876,-5.68806137126419e-05,0.000647116581842304,-0.011471000000000231,0.007130000000000081,-0.0002788540834265623,0.0033159008548000663,-0.024180000000000312,0.026040000000000063,ISC_CS_0.8CC_2.0CD_200ohm.csv,1,ISC,CC,0.8,2.0,200,CC_CC0.8_CD2.0_200ohm
0.056569342480592553,3.9045266842844817,-4.638827,4.638827,-4.638517,1.6577900743816574,0.8647160480559128,0.0,2.789467,2.700414,60.03475282541976,31.11422005843696,0.0,100.0,100.0,3.8421756558945663,0.35540607503772664,2.749876,4.200149,2.749876,-0.00010100686292216001,0.0009614704479490707,-0.009919999999999707,0.011781000000000041,-0.0007331406899042804,0.004425984643751904,-0.2408860000000006,0.0009300000000003195,ISC_CS_1.6CC_1.6CD_600ohm.csv,1,ISC,CC,1.6,1.6,600,CC_CC1.6_CD1.6_600ohm
0.003467052737317928,1.9484944909054716,-2.02939,2.02939,-2.028832,1.3955459026619788,0.7962281828622118,0.0,2.661358,2.650704,52.531982903063785,29.96258696165708,0.0,100.0,100.0,3.751219708689101,0.29406054377130736,2.749566,4.200149,2.749566,-4.6691449814126326e-05,0.0005424756604556258,-0.005580999999999836,0.005269999999999886,-0.00014564362503767707,0.0010095343950697509,-0.07347499999999996,0.0011160000000000059,ISC_CS_0.7CC_0.7CD_600ohm.csv,1,ISC,CC,0.7,0.7,600,CC_CC0.7_CD0.7_600ohm
0.019778614823814676,4.602563363403756,-5.51339,5.51339,-5.50967,1.5090078784933172,0.7830391593586208,0.0,2.50324,2.48072,60.45176104495747,31.31378362392764,0.0,100.0,100.0,3.8354749190765487,0.390312638933193,2.749876,4.200149,2.749876,-0.00014977121322635558,0.0008164244673710409,-0.012091000000000296,0.012710999999999917,-0.0011984707026501337,0.0038668857833731142,-0.020460000000000145,0.022319999999999895,ISC_CS_1.9CC_1.9CD_400ohm.csv,1,ISC,CC,1.9,1.9,400,CC_CC1.9_CD1.9_400ohm
0.372355821346887,1.8220974083531378,-2.02939,2.02939,-2.028646,1.7444995241846675,1.0654206151866323,0.0,3.570107,2.347489,54.909699644218556,30.52085604476849,0.0,100.0,100.0,3.81805601939856,0.308931139868711,2.749256,4.200149,2.749256,-4.152681521647035e-05,0.0005852527359845096,-0.007441000000000031,0.020770999999999873,-0.0001227839532322291,0.0007423877573049749,-0.05431499999999989,0.0011160000000000059,ISC_CS_0.7CC_0.7CD_10ohm.csv,1,ISC,CC,0.7,0.7,10,CC_CC0.7_CD0.7_10ohm
0.011540933256616872,3.359997287614548,-3.769221,3.769531,-3.768601,1.5357711149104059,0.8360179235943879,0.0,2.698217,2.672889,57.115064622719046,31.043516994466298,0.0,100.0,100.0,3.799441802235739,0.34621500937578603,2.749566,4.200149,2.749566,-8.513945074823202e-05,0.0008948858001739587,-0.009920999999999847,0.013021000000000171,-0.0005243979608617003,0.003463614025872676,-0.21205300000000005,0.0012400000000000189,ISC_CS_1.3CC_1.3CD_1000ohm.csv,1,ISC,CC,1.3,1.3,1000,CC_CC1.3_CD1.3_1000ohm
0.04067279386200252,2.4282383499228746,-4.348958,1.449343,-4.348028,1.405475793325464,0.8068730392506227,0.0,2.735815,2.63192,51.81779695246271,29.70105181936103,0.0,100.0,100.0,3.7731559814357767,0.2853232768296121,2.749256,4.200149,2.749256,-3.603649243318673e-05,0.0007859413314426124,-0.015500999999999987,0.0037210000000000854,-9.333540839325965e-05,0.0010082721448080513,-0.08122499999999988,0.0006209999999997606,ISC_CS_0.5CC_1.5CD_100ohm.csv,1,ISC,CC,0.5,1.5,100,CC_CC0.5_CD1.5_100ohm
0.04551027121001423,4.555278283930227,-5.52083,5.52083,-5.50781,1.5742988548910524,0.8118676138261238,0.0,2.60711,2.54944,60.79338898933704,31.211396419489244,0.0,100.0,100.0,3.8464227188224385,0.38519538441404794,2.749876,4.200459,2.749876,-0.00013919271799628952,0.0008312746628110574,-0.011781000000000041,0.012709999999999777,-0.0011444550092764379,0.004790521040482985,-0.022319999999999673,0.022320000000000118,ISC_CS_1.9CC_1.9CD_200ohm.csv,1,ISC,CC,1.9,1.9,200,CC_CC1.9_CD1.9_200ohm
0.005939825713206167,1.9287526826547352,-1.449219,2.898252,-1.449033,1.4076751683355375,0.79942753700796,0.0,2.658526,2.641347,53.14987362554317,30.159627026572203,0.0,100.0,100.0,3.7379318235405252,0.3063187491031623,2.749876,4.200149,2.749876,-3.7668650793650834e-05,0.0005899542628183438,-0.013640999999999792,0.011469999999999647,-0.00021908777399848827,0.0018558600699950117,-0.15215800000000002,0.0020460000000001033,ISC_CS_1.0CC_0.5CD_800ohm.csv,1,ISC,CC,1.0,0.5,800,CC_CC1.0_CD0.5_800ohm
0.12865604978254797,1.9507195033917835,-2.898996,1.449591,-2.89881,1.4572115937818082,0.8459800233864543,0.0,2.926131,2.539695,51.72890519107985,29.670583880802674,0.0,100.0,100.0,3.767877500971592,0.28333617427153895,2.749566,4.200149,2.749566,-3.377075428042564e-05,0.0005800623848694705,-0.008369999999999767,0.0043400000000000105,-8.06023137436372e-05,0.0005608310579647075,-0.042783000000000015,0.00241900000000006,ISC_CS_0.5CC_1.0CD_30ohm.csv,1,ISC,CC,0.5,1.0,30,CC_CC0.5_CD1.0_30ohm
0.1878860042283296,3.635046481530376,-5.81101,2.91109,-5.79613,1.6519560578955927,0.918469202670138,0.0,2.9869,2.65859,56.74004551959668,31.073438598715857,0.0,100.0,100.0,3.8330423153358266,0.3340181577314474,2.749876,4.200459,2.749876,-7.761835041483654e-05,0.0006474016006445192,-0.014260999999999857,0.006819999999999826,-0.0003740214738897024,0.0037151971081517865,-0.06695999999999991,0.039060000000000095,ISC_CS_1.0CC_2.0CD_20ohm.csv,1,ISC,CC,1.0,2.0,20,CC_CC1.0_CD2.0_20ohm
0.18154511806664528,2.161855047228072,-2.318825,2.31901,-2.318639,1.5217747577983602,0.8817597209548712,0.0,2.998791,2.523501,54.05266288725647,30.398280281329043,0.0,100.0,100.0,3.786850729266475,0.3024094900035982,2.749876,4.200149,2.749876,-5.21926312426792e-05,0.0007090294632962216,-0.008990999999999971,0.023871999999999893,-0.000185160259823235,0.0014782364540349073,-0.11737399999999987,0.0011160000000000059,ISC_CS_0.8CC_0.8CD_20ohm.csv,1,ISC,CC,0.8,0.8,20,CC_CC0.8_CD0.8_20ohm
0.008620643486114096,4.4859957236598875,-5.22693,5.22507,-5.21949,1.5714441837886655,0.8337412161824415,0.0,2.66009,2.64975,59.15164578911718,31.360863885896897,0.0,100.0,100.0,3.81980935425604,0.36901431496758497,2.749876,4.200149,2.749876,-0.00012696318048339747,0.0008247535713511846,-0.011781000000000041,0.012091000000000296,-0.0010470770273322792,0.004190113133827564,-0.031620000000000203,0.02418000000000009,ISC_CS_1.8CC_1.8CD_800ohm.csv,1,ISC,CC,1.8,1.8,800,CC_CC1.8_CD1.8_800ohm
0.1863567839220293,1.3983976110761063,-1.449591,1.449591,-1.449033,1.4889712713071126,0.8912898562286923,0.0,3.190247,2.44101,51.596276753991845,29.60131877386213,0.0,100.0,100.0,3.7611005151724615,0.2795114400407331,2.749876,4.200149,2.749876,-2.7819218804009642e-05,0.000474422644302534,-0.004650000000000265,0.020461000000000062,3.9452748012443836e-05,0.011990265476170608,-0.04185300000000014,1.440662,ISC_CS_0.5CC_0.5CD_20ohm.csv,1,ISC,CC,0.5,0.5,20,CC_CC0.5_CD0.5_20ohm
0.0030250155952173453,1.7586001386487133,-1.449777,2.319383,-1.449219,1.4245179832784614,0.8138160373264202,0.0,2.731353,2.718307,52.29399725350893,29.862270162896618,0.0,100.0,100.0,3.734910684370127,0.29392811272784647,2.749566,4.201079,2.749566,-3.6401819757365646e-05,0.0005737527906862542,-0.005579999999999696,0.011470999999999787,-0.00015072772963604854,0.0009138215936732308,-0.03125,0.0005580000000002805,ISC_CS_0.8CC_0.5CD_1000ohm.csv,1,ISC,CC,0.8,0.5,1000,CC_CC0.8_CD0.5_1000ohm
0.07483595234842019,1.6830813320479654,-1.739583,1.739583,-1.739397,1.416106248590948,0.8189107052814075,0.0,2.834153,2.590728,51.932799000853976,29.757801979587704,0.0,100.0,100.0,3.7516353810418446,0.2888415717811654,2.749876,4.200149,2.749876,-3.37876665527844e-05,0.0005009138446640647,-0.005270999999999582,0.006201000000000345,-9.905910488554834e-05,0.0010501183004575198,-0.09970199999999996,0.00279000000000007,ISC_CS_0.6CC_0.6CD_50ohm.csv,1,ISC,CC,0.6,0.6,50,CC_CC0.6_CD0.6_50ohm
0.0044438635917567635,2.4548282256354153,-4.348958,1.449653,-4.348028,1.3815090033802202,0.792944738893047,0.0,2.674852,2.666934,51.68370387089739,29.662377410366194,0.0,100.0,100.0,3.771448025515211,0.2826976389689853,2.749876,4.200149,2.749876,-4.182506271130992e-05,0.0005658300742516652,-0.00775000000000059,0.004649999999999821,-9.470662013305707e-05,0.0008542680972514847,-0.06975500000000001,0.0018599999999999728,ISC_CS_0.5CC_1.5CD_1000ohm.csv,1,ISC,CC,0.5,1.5,1000,CC_CC0.5_CD1.5_1000ohm
0.08305325461380701,3.5341562649676836,-4.0594,4.0594,-4.05909,1.5810550155502394,0.8517138097395486,0.0,2.756578,2.614721,58.3757794429255,31.131084835787156,0.0,100.0,100.0,3.8193390914217367,0.350502361158709,2.749566,4.200149,2.749566,-9.178700854700857e-05,0.001004830242790015,-0.012710999999999917,0.013951000000000047,-0.0005948671794871795,0.004800940478613984,-0.2914190000000003,0.003410000000000024,ISC_CS_1.4CC_1.4CD_50ohm.csv,1,ISC,CC,1.4,1.4,50,CC_CC1.4_CD1.4_50ohm
0.08424717483371817,2.851493567930722,-3.190104,3.190414,-3.189484,1.5846055873489886,0.8717349441047153,0.0,2.880181,2.70671,56.267601208090134,30.63816447878246,0.0,100.0,100.0,3.81732352355097,0.3289795676174684,2.749566,4.200149,2.749566,-7.227481330617792e-05,0.0008602368889614716,-0.013640999999999792,0.006510000000000016,-0.00035455492192803807,0.003328521402951832,-0.24367500000000009,0.0031010000000000204,ISC_CS_1.1CC_1.1CD_200ohm.csv,1,ISC,CC,1.1,1.1,200,CC_CC1.1_CD1.1_200ohm
0.17690585038814416,2.4068189523415433,-2.609127,2.609127,-2.608817,1.5413238042813457,0.8842129483431499,0.0,2.971792,2.553057,54.78692855798635,30.593250594427772,0.0,100.0,100.0,3.791585400494001,0.308536230111578,2.748326,4.200149,2.748326,-6.273329411764712e-05,0.0007632679571384753,-0.011471000000000231,0.0049600000000000755,-0.00023882470588235298,0.0022505537277037685,-0.17857100000000026,0.0009299999999998754,ISC_CS_0.9CC_0.9CD_20ohm.csv,1,ISC,CC,0.9,0.9,20,CC_CC0.9_CD0.9_20ohm
0.01008813471502555,3.862413738244497,-4.350198,4.349888,-4.349268,1.5149773147188639,0.8220398067377094,0.0,2.639884,2.624273,57.511229456918066,31.174944003366736,0.0,100.0,100.0,3.802678106697371,0.3422852546281994,2.749876,4.200149,2.749876,-0.00010647456325590322,0.000992215935823728,-0.010851000000000166,0.010231000000000101,-0.0007235978114801306,0.004361615054817395,-0.23158499999999993,0.000620000000000509,ISC_CS_1.5CC_1.5CD_800ohm.csv,1,ISC,CC,1.5,1.5,800,CC_CC1.5_CD1.5_800ohm
0.004024347363008626,1.419877825739767,-1.449219,1.449219,-1.448847,1.3684650424562947,0.7869144331212643,0.0,2.678302,2.66419,51.22262921257529,29.447922996206454,0.0,100.0,100.0,3.739869048699868,0.2749398097879221,2.749876,4.200149,2.749876,-3.1931237143696684e-05,0.0004541278299479748,-0.00558000000000014,0.004650000000000265,-6.383059065530414e-05,0.0011482419108395658,-0.12648799999999993,0.0009299999999998754,ISC_CS_0.5CC_0.5CD_600ohm.csv,1,ISC,CC,0.5,0.5,600,CC_CC0.5_CD0.5_600ohm
0.035644920702957425,2.5514436087656702,-1.46019,5.81287,-1.45461,1.533881219459923,0.8527426466643974,0.0,2.83482,2.74246,55.24186819545649,30.48940693251519,0.0,100.0,100.0,3.758670769609944,0.3332848779320657,2.749876,4.200149,2.749876,-5.6255412647373996e-05,0.0006739546499782819,-0.003409999999999691,0.019840999999999998,-0.0005588327974276528,0.003610700423817935,-0.033479999999999954,0.022319999999999895,ISC_CS_2.0CC_0.5CD_400ohm.csv,1,ISC,CC,2.0,0.5,400,CC_CC2.0_CD0.5_400ohm
0.0021918902632773606,2.197991055535285,-2.319197,2.319383,-2.318825,1.406508387085792,0.7970817327907654,0.0,2.63794,2.632975,53.362094825238316,30.235242109032807,0.0,100.0,100.0,3.759662051066727,0.30233246211403886,2.749566,4.200149,2.749566,-5.4367877412031746e-05,0.0006367305469245951,-0.007439999999999891,0.014571000000000112,-0.00019741339387060157,0.0024622709059630983,-0.2148439999999998,0.0024180000000000312,ISC_CS_0.8CC_0.8CD_700ohm.csv,1,ISC,CC,0.8,0.8,700,CC_CC0.8_CD0.8_700ohm
0.0038814899649570215,3.174633344383956,-3.479353,3.479973,-3.479043,1.4843804741956037,0.8203987355999194,0.0,2.664308,2.652777,55.80820669002867,30.825324112655952,0.0,100.0,100.0,3.7915110347244343,0.3284293546863779,2.749256,4.200149,2.749256,-9.760978330146588e-05,0.0009261403957967776,-0.013641000000000236,0.009301000000000226,-0.00046206596558317397,0.003780651808316397,-0.2449159999999999,0.0006200000000000649,ISC_CS_1.2CC_1.2CD_600ohm.csv,1,ISC,CC,1.2,1.2,600,CC_CC1.2_CD1.2_600ohm
0.1368982845421394,2.302053101596955,-1.449033,4.351439,-1.449033,1.4886309721434359,0.8528544008332111,0.0,2.910453,2.526177,55.34742346029173,30.569173107600115,0.0,100.0,100.0,3.7624537263978937,0.326765497395513,2.749566,4.200459,2.749566,-5.6695542046605855e-05,0.0007247490293528589,-0.006200999999999901,0.017670999999999992,-0.0003821694022289767,0.0031984207990725425,-0.23902499999999982,0.0015500000000000513,ISC_CS_1.5CC_0.5CD_30ohm.csv,1,ISC,CC,1.5,0.5,30,CC_CC1.5_CD0.5_30ohm
0.21224280391854364,3.3125967710713313,-4.0594,4.05971,-4.05909,1.6980271875964206,0.8921204650639193,0.0,2.918715,2.532428,60.47161141622956,30.787378411690863,0.0,100.0,100.0,3.8477053469608142,0.4063266976432299,2.749566,4.200149,2.749566,-7.08069444444444e-05,0.0010641723463603028,-0.018600999999999868,0.038441999999999865,-0.0005372242283950618,0.0022115069829992335,-0.09796700000000014,0.0006199999999996209,ISC_CS_1.4CC_1.4CD_20ohm.csv,1,ISC,CC,1.4,1.4,20,CC_CC1.4_CD1.4_20ohm
-0.0012809770380435427,2.6425229206542755,-2.900236,2.899926,-2.899616,1.446225398097826,0.7984813861715201,0.0,2.601148,2.60093,55.601338111413035,30.697928807429836,0.0,100.0,100.0,3.770599475135869,0.35327691452584215,2.749876,4.200149,2.749876,-6.539141070943197e-05,0.000802114097399088,-0.009300000000000086,0.013020000000000032,-0.0003153287578146235,0.0019156100893376507,-0.11532799999999988,0.008371000000000017,ISC_CS_1.0CC_1.0CD_1000ohm.csv,1,ISC,CC,1.0,1.0,1000,CC_CC1.0_CD1.0_1000ohm
0.032754610856969256,3.2033804783519044,-4.349268,2.900236,-4.348958,1.5346780513876181,0.840277747381036,0.0,2.730649,2.674604,56.548553766392196,30.88030612005653,0.0,100.0,100.0,3.819465390820372,0.3283231603686182,2.749566,4.200149,2.749566,-7.457306284319704e-05,0.000928516982794792,-0.013640000000000096,0.006200000000000205,-0.0003537612873703478,0.003062514543321535,-0.20554399999999973,0.0012400000000000189,ISC_CS_1.0CC_1.5CD_700ohm.csv,1,ISC,CC,1.0,1.5,700,CC_CC1.0_CD1.5_700ohm
0.06461203320852975,3.4899229413630892,-2.91853,5.81101,-2.90179,1.6319910678821423,0.8767559963876073,0.0,2.85527,2.74654,58.1672432687612,30.96121730251983,0.0,100.0,100.0,3.8040990011395075,0.35618309029063433,2.749876,4.200459,2.749876,-0.00010212831786354014,0.0007656170289365753,-0.011160999999999976,0.016121000000000052,-0.0008514557889594529,0.004577880129457388,-0.031620000000000203,0.026049999999999685,ISC_CS_2.0CC_1.0CD_300ohm.csv,1,ISC,CC,2.0,1.0,300,CC_CC2.0_CD1.0_300ohm
0.3831691648654866,2.5810426098644212,-3.190104,3.190104,-3.189484,1.8737070282823638,1.0288060973087967,0.0,3.343421,2.416963,60.39171990112669,30.66418392922249,0.0,100.0,100.0,3.865999622786847,0.3639618858423642,2.748946,4.200149,2.748946,-4.6381784728610795e-05,0.000745017189305463,-0.009300000000000086,0.013330999999999982,-0.00030003760349586023,0.001808808137754462,-0.08122499999999988,0.06913400000000003,ISC_CS_1.1CC_1.1CD_10ohm.csv,1,ISC,CC,1.1,1.1,10,CC_CC1.1_CD1.1_10ohm
0.17536335321727248,1.7615849787505338,-1.449591,2.319383,-1.449405,1.4757723435739887,0.8721547478055297,0.0,3.060952,2.486397,53.16020404505889,30.134929225762548,0.0,100.0,100.0,3.7614093492916885,0.29868641003920815,2.749566,4.201079,2.749566,-4.286719016729254e-05,0.0005521039050076958,-0.006510000000000016,0.00868100000000016,-0.00014870160464322294,0.0008858642423136292,-0.027715000000000156,0.0011160000000000059,ISC_CS_0.8CC_0.5CD_20ohm.csv,1,ISC,CC,0.8,0.5,20,CC_CC0.8_CD0.5_20ohm
0.022178480027158318,2.1913983744446615,-2.319197,2.319383,-2.31901,1.4107115663686771,0.8001409119134968,0.0,2.658843,2.602854,53.539169684281994,30.296103881629577,0.0,100.0,100.0,3.762176532194184,0.3042431234684414,2.749566,4.200149,2.749566,-5.35473684210527e-05,0.0006143005935680988,-0.006819999999999826,0.008370999999999906,-0.00019691794001131863,0.00233690671386436,-0.2020080000000002,0.004093000000000013,ISC_CS_0.8CC_0.8CD_200ohm.csv,1,ISC,CC,0.8,0.8,200,CC_CC0.8_CD0.8_200ohm
0.01501970282676973,4.607557741314424,-5.52269,5.51711,-5.50781,1.5200336361439961,0.789347456197219,0.0,2.52111,2.50598,60.40560664411693,31.331741819373192,0.0,100.0,100.0,3.8357164044455185,0.38724661243560127,2.749876,4.200459,2.749876,-0.00014448102489726864,0.0008204849607296023,-0.009300000000000086,0.013020999999999727,-0.0011919676093787765,0.004368777420162219,-0.02418000000000009,0.018600000000000172,ISC_CS_1.9CC_1.9CD_600ohm.csv,1,ISC,CC,1.9,1.9,600,CC_CC1.9_CD1.9_600ohm
0.081821037004713,3.838561953220333,-4.638827,4.638827,-4.638517,1.6946378355733986,0.8746448880699552,0.0,2.834925,2.700482,60.6450811485425,30.98978481825105,0.0,100.0,100.0,3.857702526968057,0.3515614840903686,2.749876,4.200149,2.749876,-9.711454513707004e-05,0.0009731892564276385,-0.010540999999999912,0.012400999999999662,-0.0007087637506547932,0.004380053508528661,-0.2405759999999999,0.00279000000000007,ISC_CS_1.6CC_1.6CD_900ohm.csv,1,ISC,CC,1.6,1.6,900,CC_CC1.6_CD1.6_900ohm
0.010069707635009719,3.7833005681525416,-5.80357,2.90179,-5.79799,1.4696073780260708,0.8173073546551622,0.0,2.64518,2.6262,55.66234013035381,30.93486503640899,0.0,100.0,100.0,3.80353597132216,0.33832177139978126,2.749876,4.200149,2.749876,-8.426210879284652e-05,0.000685842360918834,-0.014260999999999857,0.007749999999999702,-0.000432110655737705,0.00287340340016948,-0.026040000000000063,0.016739999999999977,ISC_CS_1.0CC_2.0CD_400ohm.csv,1,ISC,CC,1.0,2.0,400,CC_CC1.0_CD2.0_400ohm
0.08612253358925114,3.51039807944441,-2.90551,5.80543,-2.89621,1.6365327063339734,0.8845561944390132,0.0,2.87691,2.72475,58.282787747920665,31.079996063673075,0.0,100.0,100.0,3.8021205863723604,0.3544937216373045,2.749876,4.200149,2.749876,-0.0001236606400000001,0.0007875509623876422,-0.03162200000000004,0.019531000000000187,-0.0008354159999999998,0.003739498503649157,-0.027900000000000036,0.03905999999999987,ISC_CS_2.0CC_1.0CD_50ohm.csv,1,ISC,CC,2.0,1.0,50,CC_CC2.0_CD1.0_50ohm
0.07501808084163929,2.764280569505087,-5.79799,1.45275,-5.79427,1.4871460908084164,0.8542958403508328,0.0,2.88724,2.69098,52.123194440753046,29.851113284401862,0.0,100.0,100.0,3.7864288681063125,0.2960115094717578,2.749876,4.200459,2.749876,-3.746466548515728e-05,0.0004965243181878723,-0.011159999999999837,0.00403100000000034,-9.663159060700042e-05,0.002064165229661555,-0.02976000000000001,0.0167400000000002,ISC_CS_0.5CC_2.0CD_50ohm.csv,1,ISC,CC,0.5,2.0,50,CC_CC0.5_CD2.0_50ohm
0.0372177644451482,3.145264646496586,-3.479353,3.479663,-3.479043,1.4884233208801645,0.8206381365545714,0.0,2.67103,2.604405,56.25696455596011,30.893985129337214,0.0,100.0,100.0,3.7877353020421087,0.33949871599307246,2.749256,4.200149,2.749256,-7.378622327790973e-05,0.0009638000673116998,-0.010851000000000166,0.011470999999999787,-0.000459212351543943,0.0033007812202508644,-0.2039930000000001,0.0006200000000000649,ISC_CS_1.2CC_1.2CD_100ohm.csv,1,ISC,CC,1.2,1.2,100,CC_CC1.2_CD1.2_100ohm
0.01260106817816369,3.1968226885206072,-3.479043,3.479353,-3.478733,1.4738740574047273,0.819887977071322,0.0,2.670003,2.645911,55.400062292973146,30.779200992375838,0.0,100.0,100.0,3.7766626383662967,0.32727136344722096,2.748946,4.200149,2.748946,-6.627247868746984e-05,0.0009455339070795636,-0.00961000000000034,0.013951000000000047,-0.0004663014315586296,0.0037051133178866223,-0.24863599999999986,0.0006200000000000649,ISC_CS_1.2CC_1.2CD_300ohm.csv,1,ISC,CC,1.2,1.2,300,CC_CC1.2_CD1.2_300ohm
0.01707130340017446,4.361895690965495,-5.81101,4.36012,-5.79985,1.5577810985178728,0.8302050002596004,0.0,2.65183,2.63217,58.86972665649521,31.337717663765783,0.0,100.0,100.0,3.8276578751089794,0.37053935375658587,2.749876,4.200149,2.749876,-0.00011451657217618852,0.0007747248026175045,-0.011779999999999902,0.011160999999999976,-0.0008189228085477541,0.003853678367965276,-0.02417999999999998,0.016740000000000088,ISC_CS_1.5CC_2.0CD_800ohm.csv,1,ISC,CC,1.5,2.0,800,CC_CC1.5_CD2.0_800ohm
0.01563213840423407,4.04215369173904,-4.929006,4.929006,-4.928385,1.583824826700647,0.8068950694243188,0.0,2.603617,2.575036,61.03442532836698,31.026757920815005,0.0,100.0,100.0,3.8366970315624385,0.40544840446692115,2.749256,4.200149,2.749256,-0.0001136962149441068,0.0008732339633872718,-0.007750999999999841,0.013021000000000171,-0.0008530258874289077,0.0033301578720598044,-0.1522199999999998,0.0009310000000004592,ISC_CS_1.7CC_1.7CD_600ohm.csv,1,ISC,CC,1.7,1.7,600,CC_CC1.7_CD1.7_600ohm
0.19926646797332814,2.6564906668922097,-5.80729,1.45833,-5.79985,1.6414840442513636,0.9504592400554227,0.0,3.23037,2.67651,52.21261459890888,29.869551684249455,0.0,100.0,100.0,3.7894151465952715,0.2930391062303052,2.749876,4.200459,2.749876,-3.054456345998387e-05,0.0005121384295584303,-0.013021000000000171,0.006510000000000016,-8.759195634599841e-05,0.0026483891796187865,-0.02976000000000001,0.020460000000000145,ISC_CS_0.5CC_2.0CD_20ohm.csv,1,ISC,CC,0.5,2.0,20,CC_CC0.5_CD2.0_20ohm
0.012747046023235013,1.417094327522245,-1.449405,1.449591,-1.449219,1.3502981092493298,0.7764016474370546,0.0,2.651652,2.604778,51.34900825886208,29.496852670603154,0.0,100.0,100.0,3.747363499329759,0.2737261820018317,2.749566,4.200149,2.749566,-3.9462460896767463e-05,0.0004439159300665971,-0.005269999999999886,0.005271000000000026,-6.483956502308953e-05,0.0009243777001154098,-0.09728399999999993,0.0011160000000000059,ISC_CS_0.5CC_0.5CD_200ohm.csv,1,ISC,CC,0.5,0.5,200,CC_CC0.5_CD0.5_200ohm
0.0017775366289460841,2.839292523002813,-5.80543,1.45647,-5.80357,1.41179192257296,0.8110977882272665,0.0,2.73085,2.72887,51.70491020845741,29.704830210804715,0.0,100.0,100.0,3.7738616534842166,0.29139723499206893,2.749876,4.200459,2.749876,-3.8969498391516756e-05,0.0005418149347529915,-0.011781000000000041,0.0049600000000000755,-0.00010349934469200522,0.0024119340029202002,-0.022319999999999895,0.020460000000000145,ISC_CS_0.5CC_2.0CD_400ohm.csv,1,ISC,CC,0.5,2.0,400,CC_CC0.5_CD2.0_400ohm
0.07580543687150841,4.58904113802441,-5.51339,5.51339,-5.50967,1.6199511575418994,0.8431331568437669,0.0,2.70041,2.6064,60.63217783240223,31.329287606048226,0.0,100.0,100.0,3.8487493309497203,0.3770197871974982,2.749876,4.200459,2.749876,-0.00012420187793427232,0.0008600916778193531,-0.010229999999999961,0.013951000000000047,-0.0011015984797674938,0.0037900704249687286,-0.020460000000000145,0.022320000000000118,ISC_CS_1.9CC_1.9CD_50ohm.csv,1,ISC,CC,1.9,1.9,50,CC_CC1.9_CD1.9_50ohm
0.12298622232708642,2.9346134674415847,-4.349578,2.320189,-4.349268,1.5466737989753268,0.8756346088877863,0.0,2.903966,2.65297,54.541994674396655,30.57210061886335,0.0,100.0,100.0,3.798487856815424,0.31074781800232765,2.749256,4.200149,2.749256,-5.360013486176673e-05,0.0009441449512050266,-0.021390999999999938,0.025111000000000328,-0.00023492946729602163,0.0022524671510455135,-0.16957999999999984,0.0009299999999998754,ISC_CS_0.8CC_1.5CD_30ohm.csv,1,ISC,CC,0.8,1.5,30,CC_CC0.8_CD1.5_30ohm
0.02413464753060392,4.326572621873001,-5.80357,4.36198,-5.79985,1.5986118341072184,0.8461280016341818,0.0,2.70655,2.67337,59.27014736175602,31.309244283399288,0.0,100.0,100.0,3.8376622019839592,0.3669335023727071,2.749876,4.200459,2.749876,-0.00011403167229729731,0.0007734946249289106,-0.012090000000000156,0.013021000000000171,-0.0007961275337837838,0.003733859569095416,-0.026039999999999952,0.02418000000000009,ISC_CS_1.5CC_2.0CD_1000ohm.csv,1,ISC,CC,1.5,2.0,1000,CC_CC1.5_CD2.0_1000ohm
0.040990912103519246,3.443050946264806,-5.80357,2.32701,-5.79613,1.5040522376518857,0.8496551204244869,0.0,2.78875,2.71434,54.272154252801016,30.597373084420934,0.0,100.0,100.0,3.7949963631055703,0.32421150141213645,2.749876,4.200149,2.749876,-4.3701341752170516e-05,0.0006739720075508931,-0.011781000000000041,0.008370999999999906,-0.0002739526440410418,0.0024600579722194147,-0.020459999999999923,0.016739999999999977,ISC_CS_0.8CC_2.0CD_300ohm.csv,1,ISC,CC,0.8,2.0,300,CC_CC0.8_CD2.0_300ohm
-0.0007336127191762419,2.70407138987693,-2.898252,2.898624,-2.897694,1.4245618167269691,0.8002906909621271,0.0,2.620105,2.620105,54.389993473420546,30.557448237308545,0.0,100.0,100.0,3.758327799888672,0.32299874253739397,2.748946,4.200149,2.748946,-6.369557349665931e-05,0.0006976100573949807,-0.008059999999999956,0.008059999999999956,-0.00032293165367483295,0.002533888559671555,-0.18285000000000018,0.00279000000000007,ISC_CS_1.0CC_1.0CD_800ohm.csv,1,ISC,CC,1.0,1.0,800,CC_CC1.0_CD1.0_800ohm
0.0005317543819188796,2.2109457247721713,-2.319197,2.319383,-2.31901,1.3871371410285978,0.7882673901142342,0.0,2.616097,2.614359,53.03871891143911,30.138474553502803,0.0,100.0,100.0,3.7512634413053507,0.29998916059815267,2.749566,4.200149,2.749566,-5.145547866205295e-05,0.0005953588287746991,-0.005580999999999836,0.00558000000000014,-0.0002005795847750865,0.0025840648797276033,-0.22414500000000004,0.005952999999999986,ISC_CS_0.8CC_0.8CD_800ohm.csv,1,ISC,CC,0.8,0.8,800,CC_CC0.8_CD0.8_800ohm
0.3730587069034475,1.717444962985377,-1.449777,2.319569,-1.449405,1.6610218708903288,1.0495888291106703,0.0,3.559748,2.261768,54.85596891448684,30.51177689497894,0.0,100.0,100.0,3.802800621310295,0.3059048535656011,2.749566,4.201079,2.749566,-4.415041203296258e-05,0.0004859589616789316,-0.0049600000000000755,0.008059999999999956,-0.00013917785422833828,0.0007835126847669649,-0.0316209999999999,0.0020460000000001033,ISC_CS_0.8CC_0.5CD_10ohm.csv,1,ISC,CC,0.8,0.5,10,CC_CC0.8_CD0.5_10ohm
0.3768750600772609,3.0983799931613456,-3.770151,3.770771,-3.769221,1.9026550023977624,1.0409626195764938,0.0,3.362136,2.57358,60.43199095510856,31.004772975101435,0.0,100.0,100.0,3.8696224629012925,0.3418150180119771,2.749876,4.200149,2.749876,-7.109193870752828e-05,0.0009026793211865956,-0.013330000000000286,0.013330000000000286,-0.0004251877415056629,0.003207224546578306,-0.213603,0.0030999999999999917,ISC_CS_1.3CC_1.3CD_10ohm.csv,1,ISC,CC,1.3,1.3,10,CC_CC1.3_CD1.3_10ohm
0.05476510959329422,3.286829015432677,-3.770461,3.770461,-3.769841,1.6099459394597952,0.8646378678793063,0.0,2.808811,2.708104,58.037616066439,30.965136536374267,0.0,100.0,100.0,3.8274564717479045,0.33933188801771225,2.748326,4.200149,2.748326,-8.56886645962733e-05,0.0009632760162362335,-0.013021000000000171,0.011780000000000346,-0.0004957428571428572,0.0034586685146328084,-0.19531200000000037,0.0018599999999999728,ISC_CS_1.3CC_1.3CD_200ohm.csv,1,ISC,CC,1.3,1.3,200,CC_CC1.3_CD1.3_200ohm
0.001914553990610103,3.455822733576628,-5.80543,2.33259,-5.79613,1.459787560304355,0.82205020722228,0.0,2.68625,2.68057,54.37027430791646,30.613091914248972,0.0,100.0,100.0,3.7975729546705517,0.3302763933302016,2.749876,4.200459,2.749876,-5.638089068825915e-05,0.0006178615340891062,-0.009300000000000086,0.010541000000000356,-0.0002822558704453441,0.0035653744758690244,-0.0371999999999999,0.0371999999999999,ISC_CS_0.8CC_2.0CD_700ohm.csv,1,ISC,CC,0.8,2.0,700,CC_CC0.8_CD2.0_700ohm
0.37231579442398743,2.3121498722553624,-2.610987,2.610987,-2.609127,1.76796441283535,1.0450164933119133,0.0,3.450994,2.464185,56.34783928458705,30.84606196876325,0.0,100.0,100.0,3.8244090660704892,0.3121130984562519,2.748326,4.200149,2.748326,-5.017468167946964e-05,0.0007658059210374126,-0.013330999999999982,0.007441000000000031,-0.00021335683468378403,0.0019034522923449997,-0.15159999999999973,0.0024800000000000377,ISC_CS_0.9CC_0.9CD_10ohm.csv,1,ISC,CC,0.9,0.9,10,CC_CC0.9_CD0.9_10ohm
0.1240123207742826,3.5569226885405376,-4.0594,4.05971,-4.05909,1.5730870426892498,0.858216550178762,0.0,2.778395,2.573003,58.07825226408573,31.213195709134276,0.0,100.0,100.0,3.814254620117525,0.349123778366118,2.749256,4.200149,2.749256,-8.602731673582295e-05,0.0009977673499058284,-0.010851000000000166,0.01116000000000028,-0.0006021910442600278,0.004710899887414944,-0.2852190000000001,0.0012400000000000189,ISC_CS_1.4CC_1.4CD_30ohm.csv,1,ISC,CC,1.4,1.4,30,CC_CC1.4_CD1.4_30ohm
-0.000534701352964562,1.9569083153406073,-2.02939,2.029576,-2.029204,1.4110987346796657,0.8060591400024992,0.0,2.699739,2.699739,52.2742140867489,29.86095917424643,0.0,100.0,100.0,3.7504897968563466,0.2894512758614345,2.749566,4.200149,2.749566,-4.5130149253731265e-05,0.0005530157784057796,-0.00558000000000014,0.006200000000000205,-0.0001442934328358209,0.0010514704580528989,-0.08072900000000005,0.0007439999999996338,ISC_CS_0.7CC_0.7CD_300ohm.csv,1,ISC,CC,0.7,0.7,300,CC_CC0.7_CD0.7_300ohm
0.007277133304432671,2.453190532070465,-4.348649,1.449653,-4.348338,1.3907759765904413,0.798034764601013,0.0,2.694709,2.67901,51.68147371843503,29.650068616909365,0.0,100.0,100.0,3.7720396983851745,0.2818885793743331,2.749566,4.200149,2.749566,-3.979002710027099e-05,0.0006756113440694297,-0.009299999999999642,0.004650999999999961,-9.419891598915991e-05,0.0011217374254656398,-0.09579599999999999,0.0006209999999997606,ISC_CS_0.5CC_1.5CD_300ohm.csv,1,ISC,CC,0.5,1.5,300,CC_CC0.5_CD1.5_300ohm
0.07483547258410858,1.4159857278938222,-1.449591,1.449591,-1.449405,1.4126515070150323,0.8195283380317292,0.0,2.88279,2.591615,51.33070768074445,29.48554532867842,0.0,100.0,100.0,3.745605881317108,0.2778011584352485,2.749566,4.200149,2.749566,-3.071785509736536e-05,0.00043446799566191176,-0.005269999999999886,0.004650000000000265,-6.225701603665522e-05,0.0005605370362232067,-0.046875,0.0005580000000000584,ISC_CS_0.5CC_0.5CD_50ohm.csv,1,ISC,CC,0.5,0.5,50,CC_CC0.5_CD0.5_50ohm
0.17179916438644527,4.478779822308192,-5.51339,5.51339,-5.50967,1.6996162681540727,0.8782824078268041,0.0,2.82648,2.58434,61.620578762365824,31.21541422777217,0.0,100.0,100.0,3.8603331498631865,0.38197754435233355,2.749876,4.200459,2.749876,-0.00012879953674457782,0.0007498826739400338,-0.011160999999999976,0.010230999999999657,-0.0010383596546641397,0.0038885680017178913,-0.03163000000000005,0.03163000000000005,ISC_CS_1.9CC_1.9CD_20ohm.csv,1,ISC,CC,1.9,1.9,20,CC_CC1.9_CD1.9_20ohm
0.02913938453840379,4.860162783204899,-5.80543,5.80543,-5.79799,1.5445340805604204,0.8038485113547783,0.0,2.56279,2.53539,60.46949619714786,31.40503822549142,0.0,100.0,100.0,3.834455702276707,0.3844800395641655,2.749876,4.200459,2.749876,-0.00014612440550688358,0.000860796837288116,-0.011781000000000041,0.013330999999999982,-0.0013046433041301628,0.0045193467929369145,-0.026040000000000063,0.020459999999999923,ISC_CS_2.0CC_2.0CD_800ohm.csv,1,ISC,CC,2.0,2.0,800,CC_CC2.0_CD2.0_800ohm
0.07535239608700191,2.407037306592512,-4.348649,1.449343,-4.348028,1.4506212750546361,0.8347659298146738,0.0,2.844232,2.646377,51.795642366531375,29.697867561461653,0.0,100.0,100.0,3.7730729015506297,0.28742439097528905,2.749256,4.200149,2.749256,-2.7429686686790906e-05,0.0007709187835269245,-0.014880999999999922,0.005271000000000026,-9.06470282085979e-05,0.0012204402122545598,-0.1081970000000001,0.0006209999999997606,ISC_CS_0.5CC_1.5CD_50ohm.csv,1,ISC,CC,0.5,1.5,50,CC_CC0.5_CD1.5_50ohm
0.12683983618959388,3.1400889110285353,-3.479353,3.479353,-3.479043,1.537304609078277,0.8575574912435509,0.0,2.816516,2.586001,56.273166218928516,30.917603755518567,0.0,100.0,100.0,3.7954213307086615,0.3319445757597028,2.748946,4.200149,2.748946,-6.712710424710434e-05,0.0009443682180333961,-0.011781000000000041,0.008680999999999717,-0.0004477692664092664,0.00388273495345312,-0.26506700000000016,0.0006200000000000649,ISC_CS_1.2CC_1.2CD_30ohm.csv,1,ISC,CC,1.2,1.2,30,CC_CC1.2_CD1.2_30ohm
0.015848563182811276,1.9324482476497153,-1.450273,2.900236,-1.449343,1.4631088119992717,0.8317725492568855,0.0,2.783685,2.731959,53.13425071922797,30.133157876260178,0.0,100.0,100.0,3.7449961236343774,0.3026835796614031,2.749876,4.200149,2.749876,-4.4405481697322905e-05,0.000550146789477751,-0.004650999999999961,0.008370999999999906,-0.00021130021853942813,0.0014740957408767806,-0.11160799999999993,0.0015500000000000513,ISC_CS_1.0CC_0.5CD_300ohm.csv,1,ISC,CC,1.0,0.5,300,CC_CC1.0_CD0.5_300ohm
0.3785214943770672,2.6862147652710386,-4.349578,2.320189,-4.348958,1.9026195328555677,1.0837487280869658,0.0,3.53462,2.586575,56.99520427783902,30.90063608004317,0.0,100.0,100.0,3.8535895999999994,0.32203328043478385,2.749256,4.200149,2.749256,-4.1914865460961684e-05,0.0007404511506537529,-0.011781000000000041,0.006510000000000016,-0.00019189909572121742,0.0016534709292557806,-0.13671800000000012,0.0009310000000000151,ISC_CS_0.8CC_1.5CD_10ohm.csv,1,ISC,CC,0.8,1.5,10,CC_CC0.8_CD1.5_10ohm
0.05963121662930546,4.336811428404865,-5.80357,4.35826,-5.79799,1.6327110250662318,0.8696189086067224,0.0,2.78162,2.6977,59.198844548604036,31.37097727800256,0.0,100.0,100.0,3.8381297417974323,0.3577558170398643,2.749876,4.200149,2.749876,-0.00011155657492354737,0.0007502482659444806,-0.011471000000000231,0.011471000000000231,-0.000769455657492355,0.003555093715040098,-0.031620000000000203,0.020460000000000145,ISC_CS_1.5CC_2.0CD_50ohm.csv,1,ISC,CC,1.5,2.0,50,CC_CC1.5_CD2.0_50ohm
-0.017917978512396678,4.044824767173847,-4.930866,4.930866,-4.930866,1.491830017768595,0.7595554314561955,0.0,2.468089,2.468089,60.85297030991735,31.039940211094297,0.0,100.0,100.0,3.824538217975207,0.420104179086221,2.749876,4.200149,2.749876,-0.000131364406779661,0.0007003854263264895,-0.007750999999999841,0.012400999999999662,-0.0008993654402645723,0.002466665091817541,-0.11501800000000006,0.0015500000000000513,ISC_CS_1.7CC_1.7CD_1000ohm.csv,1,ISC,CC,1.7,1.7,1000,CC_CC1.7_CD1.7_1000ohm
0.01785874842091104,2.652421902846561,-2.900236,2.900236,-2.899926,1.4660028821394975,0.8133997795655296,0.0,2.659205,2.621008,55.44353158177664,30.69996423271142,0.0,100.0,100.0,3.7791352878645337,0.3370201687511899,2.749876,4.200149,2.749876,-6.768006452480176e-05,0.0007550169192409526,-0.009299999999999642,0.009300999999999782,-0.0003119369538916521,0.0018396406655534498,-0.11935800000000008,0.0024800000000000377,ISC_CS_1.0CC_1.0CD_300ohm.csv,1,ISC,CC,1.0,1.0,300,CC_CC1.0_CD1.0_300ohm
0.009065581159865048,3.0553317588819855,-2.899306,4.349268,-2.898996,1.4927627919607243,0.798788520578426,0.0,2.583745,2.561562,57.984738984351026,30.97357577365193,0.0,100.0,100.0,3.784979039582694,0.3733872948591208,2.749566,4.200459,2.749566,-8.368999386126457e-05,0.0007785835104209874,-0.006200999999999901,0.012710999999999917,-0.0005784086863106201,0.0024803954023625754,-0.1320679999999994,0.0009299999999994313,ISC_CS_1.5CC_1.0CD_500ohm.csv,1,ISC,CC,1.5,1.0,500,CC_CC1.5_CD1.0_500ohm
0.1281774073708688,1.409074141413505,-1.449591,1.449591,-1.449405,1.4444615729687833,0.8489156645380519,0.0,3.024504,2.520668,51.432443147065044,29.537793368604007,0.0,100.0,100.0,3.752684945458389,0.2785650431513197,2.749256,4.200149,2.749256,-2.9867996335189198e-05,0.0004763005037208616,-0.00682000000000027,0.006199999999999761,-6.128733525970822e-05,0.0005509022504108673,-0.04501500000000003,0.0005580000000000584,ISC_CS_0.5CC_0.5CD_30ohm.csv,1,ISC,CC,0.5,0.5,30,CC_CC0.5_CD0.5_30ohm
-0.012437124473842407,4.062391866827688,-4.929006,4.929006,-4.928695,1.5515479919823612,0.7916894388361814,0.0,2.560054,2.560054,60.806614471838046,31.055552995768288,0.0,100.0,100.0,3.8320410561234715,0.41225071627484816,2.749256,4.200149,2.749256,-0.00013073430920393017,0.0008231238235605466,-0.008061000000000096,0.010539999999999772,-0.0008720589532785243,0.003149578874830907,-0.13020799999999966,0.0009310000000004592,ISC_CS_1.7CC_1.7CD_700ohm.csv,1,ISC,CC,1.7,1.7,700,CC_CC1.7_CD1.7_700ohm
0.37386929758646426,1.3401195840728395,-1.449591,1.449591,-1.449405,1.7566380172306546,1.1305008667009475,0.0,3.908007,2.238107,52.34163370241354,29.88107857106045,0.0,100.0,100.0,3.792807837335158,0.2831217597234239,2.749876,4.200149,2.749876,-2.858336443946745e-05,0.00041984114495403386,-0.005271000000000026,0.013330999999999982,3.5515117581187016e-05,0.011370150855230321,-0.026971999999999996,1.440662,ISC_CS_0.5CC_0.5CD_10ohm.csv,1,ISC,CC,0.5,0.5,10,CC_CC0.5_CD0.5_10ohm
0.0029572004758547563,1.7551064489054162,-1.449777,2.318825,-1.449219,1.398930791505111,0.7988792503168433,0.0,2.67758,2.666329,52.36872991716602,29.894287000510495,0.0,100.0,100.0,3.739138438491364,0.2936466924542832,2.749876,4.200149,2.749876,-4.278961748633881e-05,0.0005061997387195241,-0.00434100000000015,0.008370999999999906,-0.00015328855984487926,0.00121238312286252,-0.10063299999999975,0.0009299999999999864,ISC_CS_0.8CC_0.5CD_600ohm.csv,1,ISC,CC,0.8,0.5,600,CC_CC0.8_CD0.5_600ohm
0.024436872524306954,3.7424297055672318,-5.80729,2.90365,-5.79799,1.510763329132157,0.8353545403665629,0.0,2.70093,2.66347,56.13250812027368,30.99372982513719,0.0,100.0,100.0,3.8194252407274036,0.3371898241408294,2.749876,4.200459,2.749876,-8.805853746397707e-05,0.0006629171558068437,-0.01240100000000055,0.007441000000000031,-0.00041879502881844396,0.002985970963941739,-0.022320000000000118,0.02418000000000009,ISC_CS_1.0CC_2.0CD_600ohm.csv,1,ISC,CC,1.0,2.0,600,CC_CC1.0_CD2.0_600ohm
0.004888037022488399,2.008340954941976,-2.898996,1.449405,-2.89881,1.3644034547775703,0.7842501922993037,0.0,2.656112,2.643539,51.44481438672297,29.565364505558403,0.0,100.0,100.0,3.75288339693607,0.2778114047448206,2.749876,4.200149,2.749876,-3.684549651311262e-05,0.0005724111900785126,-0.006510000000000016,0.004650999999999961,-8.541459581573519e-05,0.0007113581263942934,-0.05450200000000005,0.0007449999999999957,ISC_CS_0.5CC_1.0CD_800ohm.csv,1,ISC,CC,0.5,1.0,800,CC_CC0.5_CD1.0_800ohm
0.016479395391146325,3.9852887129966885,-4.930866,4.930866,-4.930555,1.5108229963614312,0.7629460339186251,0.0,2.4702,2.448953,61.31754172225592,30.9122554139901,0.0,100.0,100.0,3.828106870628664,0.43273750177088954,2.749566,4.200149,2.749566,-0.00010288008088978763,0.000690509283330573,-0.006199999999999761,0.009300000000000086,-0.0008797791708796765,0.0024672338854433654,-0.10323700000000002,0.006820999999999966,ISC_CS_1.7CC_1.7CD_300ohm.csv,1,ISC,CC,1.7,1.7,300,CC_CC1.7_CD1.7_300ohm
0.11483710504040015,4.1079299280297255,-4.930555,4.930555,-4.929626,1.647850873220469,0.8608737728963336,0.0,2.758048,2.592279,60.8419940746441,31.366664759849264,0.0,100.0,100.0,3.848406741823778,0.3634740878156202,2.749566,4.200149,2.749566,-0.00012255196304849893,0.0008533111147243256,-0.009920999999999847,0.026661999999999964,-0.0008371610854503462,0.0031690747346437183,-0.15563000000000038,0.0024800000000000377,ISC_CS_1.7CC_1.7CD_30ohm.csv,1,ISC,CC,1.7,1.7,30,CC_CC1.7_CD1.7_30ohm
0.003950307614384765,3.3962906980191727,-3.770771,3.770771,-3.770461,1.500475308627385,0.8235632570771314,0.0,2.656137,2.648661,56.551040266756715,31.02562691715397,0.0,100.0,100.0,3.7971639569474926,0.3342725182064176,2.749876,4.200149,2.749876,-8.77019084614085e-05,0.0007367000036764919,-0.008990999999999971,0.010540999999999912,-0.000538882621178855,0.0024088293732073144,-0.12679799999999997,0.0037199999999999456,ISC_CS_1.3CC_1.3CD_900ohm.csv,1,ISC,CC,1.3,1.3,900,CC_CC1.3_CD1.3_900ohm
-0.0008498883430102926,4.505869285394346,-5.22507,5.22507,-5.21763,1.5885032849486376,0.8447167771821893,0.0,2.70828,2.70828,58.89356828941492,31.352140684518865,0.0,100.0,100.0,3.823924495087093,0.36207544822127485,2.749876,4.200149,2.749876,-0.0001388717605004469,0.0007733023571063786,-0.00961100000000048,0.009611000000000036,-0.001036861036639857,0.0039638948172676805,-0.022319999999999673,0.016739999999999977,ISC_CS_1.8CC_1.8CD_100ohm.csv,1,ISC,CC,1.8,1.8,100,CC_CC1.8_CD1.8_100ohm
0.015946744765601078,2.28989661369766,-1.449033,4.351129,-1.448413,1.4576349274844247,0.8184901841848541,0.0,2.713349,2.659071,54.39632737207641,30.431864516132947,0.0,100.0,100.0,3.7375326468185066,0.321646223986083,2.749566,4.200149,2.749566,-4.943722545714575e-05,0.0008280869883936364,-0.006200999999999901,0.022940999999999878,-0.00038533169884564307,0.0031761221462368572,-0.22538500000000017,0.0009310000000004592,ISC_CS_1.5CC_0.5CD_300ohm.csv,1,ISC,CC,1.5,0.5,300,CC_CC1.5_CD0.5_300ohm
0.007107735448152128,2.9365934926257267,-3.190414,3.190414,-3.190104,1.4519312421068382,0.8084449952508309,0.0,2.632937,2.617453,55.275036854705974,30.752895654896932,0.0,100.0,100.0,3.780890154720934,0.32229431078716897,2.749256,4.200149,2.749256,-7.396677144140102e-05,0.0007965061590913813,-0.009300999999999782,0.010229999999999961,-0.0003906686124831612,0.00281611516488646,-0.18694200000000016,0.0009300000000000974,ISC_CS_1.1CC_1.1CD_900ohm.csv,1,ISC,CC,1.1,1.1,900,CC_CC1.1_CD1.1_900ohm
0.03462913238115511,4.21753465788102,-4.35268,5.80543,-4.34896,1.567276395224899,0.823966307808344,0.0,2.64046,2.59061,59.770167533574934,31.291588629500172,0.0,100.0,100.0,3.8157313660200387,0.37739039085953374,2.749876,4.200149,2.749876,-0.00012502601834079774,0.0008095228876548032,-0.00868100000000016,0.015191000000000177,-0.0011119449776071655,0.004305701718807264,-0.031620000000000203,0.020459999999999923,ISC_CS_2.0CC_1.5CD_200ohm.csv,1,ISC,CC,2.0,1.5,200,CC_CC2.0_CD1.5_200ohm
0.12813256609598628,2.806638217268137,-3.190104,3.190104,-3.189484,1.532745591916924,0.841896631619242,0.0,2.758939,2.498472,57.423726087566656,30.943779494001898,0.0,100.0,100.0,3.8018207878192536,0.3606371092088129,2.749876,4.200149,2.749876,-6.94540988208871e-05,0.0008311610106217615,-0.009920999999999847,0.012710999999999917,-0.00036637521055586756,0.0020822369196726595,-0.11377700000000024,0.0009299999999998754,ISC_CS_1.1CC_1.1CD_30ohm.csv,1,ISC,CC,1.1,1.1,30,CC_CC1.1_CD1.1_30ohm
0.01350990102639321,3.7821753527870356,-5.80357,2.90179,-5.79985,1.4926696609237535,0.8306008269217056,0.0,2.68818,2.66789,55.63677653958945,30.936933409856017,0.0,100.0,100.0,3.8052705164956007,0.3347565770347867,2.749876,4.200149,2.749876,-8.3501833516685e-05,0.0006917806610059219,-0.013950999999999603,0.008061000000000096,-0.0004263201320132015,0.0029331392122074968,-0.027900000000000036,0.02417999999999987,ISC_CS_1.0CC_2.0CD_1000ohm.csv,1,ISC,CC,1.0,2.0,1000,CC_CC1.0_CD2.0_1000ohm
0.02702450730494265,3.4455813032205564,-5.80357,2.32143,-5.79799,1.4963892788312094,0.8433480176435696,0.0,2.76928,2.71061,54.306393814112525,30.55892136531961,0.0,100.0,100.0,3.796194442493005,0.32288962426684775,2.749876,4.200459,2.749876,-6.0297730099502545e-05,0.0006188040080513788,-0.011160999999999976,0.006199999999999761,-0.00026924284825870644,0.0028095513174898378,-0.02232999999999996,0.01859999999999995,ISC_CS_0.8CC_2.0CD_100ohm.csv,1,ISC,CC,0.8,2.0,100,CC_CC0.8_CD2.0_100ohm
0.01126260812713759,4.08752306990202,-4.929006,4.929006,-4.928385,1.5592528213639107,0.8013495812883974,0.0,2.579663,2.558587,60.597583806075235,31.093155312032756,0.0,100.0,100.0,3.8290427940052307,0.4030551630591247,2.749876,4.200149,2.749876,-0.00011118031797142294,0.0009076042185663347,-0.007130000000000081,0.013951000000000047,-0.0008752803380961963,0.0033660797174679805,-0.14787899999999965,0.0009310000000004592,ISC_CS_1.7CC_1.7CD_800ohm.csv,1,ISC,CC,1.7,1.7,800,CC_CC1.7_CD1.7_800ohm
0.12763674939924446,3.6918310592587398,-4.640377,4.640997,-4.639757,1.6743884860968075,0.8474216901887867,0.0,2.764804,2.559695,61.8259066598009,30.774610748891707,0.0,100.0,100.0,3.8589713563336767,0.4071711857945816,2.749566,4.200149,2.749566,-9.576322115384609e-05,0.0006688210853826478,-0.006819999999999826,0.013641000000000236,-0.0006972252747252747,0.0017607501641007063,-0.07471500000000031,0.001550999999999969,ISC_CS_1.6CC_1.6CD_30ohm.csv,1,ISC,CC,1.6,1.6,30,CC_CC1.6_CD1.6_30ohm
0.038981145458395004,4.3048978693867,-5.80357,4.36384,-5.79799,1.5898734977768367,0.839141228247556,0.0,2.69389,2.64336,59.32944634766038,31.219190912550165,0.0,100.0,100.0,3.8433591683252164,0.3674243377159375,2.749876,4.200149,2.749876,-0.00011669243804278759,0.000747664941472867,-0.012090999999999852,0.011160999999999976,-0.0007966871425545438,0.0037589474834940875,-0.026040000000000063,0.026039999999999175,ISC_CS_1.5CC_2.0CD_400ohm.csv,1,ISC,CC,1.5,2.0,400,CC_CC1.5_CD2.0_400ohm
0.015097579664315389,4.576675241935668,-5.52641,5.51711,-5.50595,1.4989165847725616,0.7740378510611992,0.0,2.47839,2.45648,60.64525030406227,31.262729778885294,0.0,100.0,100.0,3.8394368452931156,0.39173191906925664,2.749876,4.200149,2.749876,-0.00015263324409832088,0.0008246022469656427,-0.012401000000000106,0.013640999999999792,-0.0012000900462399609,0.004798589111927856,-0.022319999999999895,0.026040000000000063,ISC_CS_1.9CC_1.9CD_900ohm.csv,1,ISC,CC,1.9,1.9,900,CC_CC1.9_CD1.9_900ohm
0.3658322571148181,3.145066023208831,-5.80543,2.33073,-5.79613,1.912874551030422,1.0901532102005471,0.0,3.55536,2.69896,56.22658043424926,30.950369735943834,0.0,100.0,100.0,3.8443206743130522,0.3132752893379974,2.749876,4.200149,2.749876,-4.469607361963188e-05,0.0005789359873333621,-0.012401000000000106,0.0065109999999997115,-0.00021317177914110426,0.0027434007277489193,-0.02418000000000009,0.020459999999999923,ISC_CS_0.8CC_2.0CD_10ohm.csv,1,ISC,CC,0.8,2.0,10,CC_CC0.8_CD2.0_10ohm
0.010907203228337521,2.561260542021516,-1.46019,5.80915,-1.45647,1.4613257818630196,0.8118559240017009,0.0,2.67388,2.64723,55.00390538056272,30.49587651485373,0.0,100.0,100.0,3.746230214213653,0.33272456167981185,2.749876,4.200149,2.749876,-6.322749187128597e-05,0.0006499113369083384,-0.0037200000000003897,0.020151000000000252,-0.0005852102253615876,0.0034839871062018425,-0.031620000000000203,0.020460000000000145,ISC_CS_2.0CC_0.5CD_800ohm.csv,1,ISC,CC,2.0,0.5,800,CC_CC2.0_CD0.5_800ohm
0.013149991696750903,1.7529244094852356,-1.449777,2.31901,-1.449405,1.366101368231047,0.7804469411085516,0.0,2.62193,2.580578,52.55903700361011,29.977185340375886,0.0,100.0,100.0,3.7421747740072204,0.292797594878614,2.749876,4.200149,2.749876,-5.4459198411265595e-05,0.00048675406669696896,-0.00558000000000014,0.0058909999999996465,-0.00015696335078534032,0.0012677421602235517,-0.10435300000000014,0.0014880000000000448,ISC_CS_0.8CC_0.5CD_200ohm.csv,1,ISC,CC,0.8,0.5,200,CC_CC0.8_CD0.5_200ohm
0.0005955365321702508,2.006230304183773,-2.898996,1.449591,-2.89881,1.3512645402993952,0.7757846207839122,0.0,2.620081,2.619402,51.577569267373846,29.61132042995183,0.0,100.0,100.0,3.7584151554476053,0.2828890892078806,2.749876,4.200149,2.749876,-3.931730292513633e-05,0.0005253503108314481,-0.005891000000000091,0.005580999999999836,-8.6282994546356e-05,0.0005847514549067944,-0.042783000000000015,0.0014880000000000448,ISC_CS_0.5CC_1.0CD_1000ohm.csv,1,ISC,CC,0.5,1.0,1000,CC_CC0.5_CD1.0_1000ohm
0.025851558428642427,3.36974133874231,-3.770461,3.770771,-3.769841,1.5307983227250126,0.8353241338906275,0.0,2.707518,2.657986,56.92377112547654,30.968399539164874,0.0,100.0,100.0,3.8100263916790977,0.3362043506628526,2.749566,4.200149,2.749566,-0.00011797297297297308,0.0012946200364990284,-0.048363000000000156,0.017670999999999992,-0.000529619300281877,0.0033459796505475683,-0.16740999999999984,0.0009299999999998754,ISC_CS_1.3CC_1.3CD_600ohm.csv,1,ISC,CC,1.3,1.3,600,CC_CC1.3_CD1.3_600ohm
0.01676042993841779,1.9120850491140255,-1.449033,2.898252,-1.449033,1.400947937565135,0.7930417457207798,0.0,2.643312,2.590278,53.611588981525344,30.2596483583431,0.0,100.0,100.0,3.740393186167693,0.3130666007911791,2.749876,4.200149,2.749876,-5.173363024732305e-05,0.0005649267675333644,-0.00434100000000015,0.011471000000000231,-0.0002197313560125083,0.0015420312749544005,-0.11811799999999995,0.0014890000000000736,ISC_CS_1.0CC_0.5CD_200ohm.csv,1,ISC,CC,1.0,0.5,200,CC_CC1.0_CD0.5_200ohm
0.06317267635883066,3.478730471581168,-2.91667,5.81845,-2.89807,1.6005188732859743,0.8591035728249741,0.0,2.79511,2.69757,58.184763968280194,30.96933996822113,0.0,100.0,100.0,3.8056004021146537,0.35687706169055605,2.749876,4.201079,2.749876,-0.00010677259957031905,0.0007047472840644143,-0.00558000000000014,0.015190999999999732,-0.0008644290199966948,0.0069894265682129775,-0.09113999999999933,0.044640000000000235,ISC_CS_2.0CC_1.0CD_400ohm.csv,1,ISC,CC,2.0,1.0,400,CC_CC2.0_CD1.0_400ohm
0.07031055768995485,2.4392644689445486,-2.898996,2.319258,-2.898685,1.4539339210816102,0.8261577013045949,0.0,2.763542,2.60489,53.747761911170926,30.33213163986143,0.0,100.0,100.0,3.772042619601126,0.3101855629011487,2.748946,4.200149,2.748946,-5.2586831477175314e-05,0.0007447860725722583,-0.010540999999999912,0.006200000000000205,-0.0002128516705421613,0.0020985350207515453,-0.1680299999999999,0.0009299999999999864,ISC_CS_0.8CC_1.0CD_50ohm.csv,1,ISC,CC,0.8,1.0,50,CC_CC0.8_CD1.0_50ohm
0.010719457968476351,2.4648881030402072,-2.898624,2.319197,-2.898252,1.4186995332749563,0.8055538495236284,0.0,2.66835,2.644674,53.350146659995005,30.26855640002996,0.0,100.0,100.0,3.766554540030022,0.29919580286241654,2.749566,4.200149,2.749566,-5.8652402402402456e-05,0.0006797591589122631,-0.0077510000000002854,0.009300000000000086,-0.00021754929929929925,0.001967028191579043,-0.15215699999999988,0.0033480000000000176,ISC_CS_0.8CC_1.0CD_200ohm.csv,1,ISC,CC,0.8,1.0,200,CC_CC0.8_CD1.0_200ohm
0.02661663870008497,2.534374415891344,-1.46019,5.80915,-1.45461,1.5418589528462192,0.8536510283421685,0.0,2.82989,2.75185,55.44157991716228,30.50646111236282,0.0,100.0,100.0,3.759144942438402,0.33506021916734935,2.749876,4.200149,2.749876,-6.013341831315062e-05,0.0006386797445076646,-0.0030999999999998806,0.018291000000000057,-0.0005544391332058635,0.0034942114246486944,-0.029759999999999565,0.022319999999999895,ISC_CS_2.0CC_0.5CD_600ohm.csv,1,ISC,CC,2.0,0.5,600,CC_CC2.0_CD0.5_600ohm
0.12744785862224167,3.194560883705541,-4.347098,2.898996,-4.346788,1.5791906352994147,0.8763723562199457,0.0,2.867197,2.632208,56.4185485967282,30.923493450761526,0.0,100.0,100.0,3.8132902530391717,0.3293446575333652,2.749256,4.200149,2.749256,-6.744002402041737e-05,0.0009244725162094625,-0.013330999999999982,0.010540000000000216,-0.0003481848070860231,0.0026682667509599824,-0.17144199999999987,0.0006200000000000649,ISC_CS_1.0CC_1.5CD_30ohm.csv,1,ISC,CC,1.0,1.5,30,CC_CC1.0_CD1.5_30ohm
0.003961641905008507,2.4384017293088993,-2.608445,2.608445,-2.608073,1.3814417137310728,0.7764524675947685,0.0,2.550337,2.539771,54.2610871489582,30.483216171198016,0.0,100.0,100.0,3.7622424184030026,0.319701045148998,2.749566,4.200149,2.749566,-6.673967637540446e-05,0.0006692813144892961,-0.007750999999999841,0.008990999999999971,-0.0002626560517799353,0.0016278981728924079,-0.0989580000000001,0.0022320000000000118,ISC_CS_0.9CC_0.9CD_600ohm.csv,1,ISC,CC,0.9,0.9,600,CC_CC0.9_CD0.9_600ohm
0.20138625517241385,4.046622597129454,-4.929316,4.929316,-4.928695,1.700301915750233,0.8886960529127188,0.0,2.852136,2.550683,61.451124082013045,31.313436878761603,0.0,100.0,100.0,3.8549496574091333,0.36548695667688375,2.749876,4.200149,2.749876,-8.549673690098824e-05,0.0008491083724141486,-0.007439999999999891,0.012399999999999967,-0.000810918888681708,0.0029190340185095117,-0.13361800000000024,0.0031010000000000204,ISC_CS_1.7CC_1.7CD_20ohm.csv,1,ISC,CC,1.7,1.7,20,CC_CC1.7_CD1.7_20ohm
0.18299037982276764,2.885756115204514,-2.899306,4.348958,-2.898996,1.6534882167689158,0.8709385781577238,0.0,2.867478,2.486609,60.46209806407635,30.667097007849634,0.0,100.0,100.0,3.8333962002726656,0.390052764396903,2.749876,4.200149,2.749876,-8.950102277376246e-05,0.00077121524390633,-0.008059999999999956,0.017360999999999738,-0.0005140928678576299,0.0025183739226126416,-0.13888799999999968,0.0009299999999994313,ISC_CS_1.5CC_1.0CD_20ohm.csv,1,ISC,CC,1.5,1.0,20,CC_CC1.5_CD1.0_20ohm
0.14908323889246677,4.694999047613779,-5.80357,5.79799,-5.79799,1.7382658274307792,0.8912198636383727,0.0,2.86531,2.67155,61.84014003004937,31.22339129314209,0.0,100.0,100.0,3.8593112552049793,0.3865927275253398,2.749876,4.200459,2.749876,-0.00012315567962207437,0.0009189525913498498,-0.012710999999999917,0.016741000000000117,-0.0011171891775821343,0.0037457989729186283,-0.02417999999999987,0.020469999999999988,ISC_CS_2.0CC_2.0CD_30ohm.csv,1,ISC,CC,2.0,2.0,30,CC_CC2.0_CD2.0_30ohm
0.012042747306421443,3.0037588575555323,-4.349578,2.319879,-4.349268,1.4479184641574485,0.81714888018751,0.0,2.690198,2.668686,53.948943858641,30.42737525054207,0.0,100.0,100.0,3.7738700775750615,0.31714541215187936,2.749566,4.200149,2.749566,-4.949432389711168e-05,0.0008168421399294382,-0.009919999999999707,0.007441000000000031,-0.00025032346601523215,0.002357229517365322,-0.17547200000000007,0.0006209999999997606,ISC_CS_0.8CC_1.5CD_500ohm.csv,1,ISC,CC,0.8,1.5,500,CC_CC0.8_CD1.5_500ohm
0.14917280891980356,4.373411398912589,-5.22135,5.22693,-5.21391,1.6959159226677578,0.8958167246298014,0.0,2.88181,2.66184,60.250187254500815,31.291846093267917,0.0,100.0,100.0,3.8431269830196397,0.36787599310465374,2.749876,4.200149,2.749876,-0.00010564531313958244,0.0008220176954127344,-0.010231000000000101,0.015191000000000177,-0.0009483319688907083,0.0037358994950291396,-0.02603999999999984,0.020459999999999923,ISC_CS_1.8CC_1.8CD_30ohm.csv,1,ISC,CC,1.8,1.8,30,CC_CC1.8_CD1.8_30ohm
-0.006213905298759533,4.381984656835976,-5.80915,4.35082,-5.79613,1.5059737880496054,0.8033138507012677,0.0,2.56727,2.56727,58.71877670800451,31.328386395427735,0.0,100.0,100.0,3.8240333578354,0.3674988424478792,2.749876,4.200149,2.749876,-0.00010294360478231454,0.0007994730902284188,-0.010540000000000216,0.012401000000000106,-0.0008497044890593278,0.0035062447871503474,-0.018610000000000015,0.01860000000000006,ISC_CS_1.5CC_2.0CD_900ohm.csv,1,ISC,CC,1.5,2.0,900,CC_CC1.5_CD2.0_900ohm
0.4046946763869133,4.3270460826998915,-5.80171,5.80729,-5.79799,2.031662604907539,1.012991275947609,0.0,3.28961,2.63727,64.58563216571835,30.51089124766918,0.0,100.0,100.0,3.914206831614509,0.37435648710997804,2.749876,4.200149,2.749876,-0.00010405674137317674,0.0009646468451354884,-0.015810999999999797,0.017360999999999738,-0.0009284044823906084,0.004772890976547697,-0.12276999999999982,0.09113999999999978,ISC_CS_2.0CC_2.0CD_10ohm.csv,1,ISC,CC,2.0,2.0,10,CC_CC2.0_CD2.0_10ohm
-0.0017127043952410304,3.3033978758695213,-4.348958,2.899616,-4.348958,1.4407484575346994,0.8028715526557226,0.0,2.614843,2.612981,55.11159530733642,30.709197653702418,0.0,100.0,100.0,3.7824776300396565,0.3232554900827546,2.749876,4.200149,2.749876,-5.8775537190082665e-05,0.0010757403927023261,-0.013640999999999792,0.013330999999999982,-0.00038334859504132225,0.0037103976365829502,-0.2535970000000001,0.00279000000000007,ISC_CS_1.0CC_1.5CD_800ohm.csv,1,ISC,CC,1.0,1.5,800,CC_CC1.0_CD1.5_800ohm
-0.003470833018867745,3.8564125923126813,-4.349268,4.349268,-4.348338,1.54314268245283,0.8343268377198271,0.0,2.682854,2.678096,57.555806849056594,31.10932368941451,0.0,100.0,100.0,3.8058162124528296,0.342913408962054,2.748326,4.200149,2.748326,-0.00010304718761796913,0.001123562320030869,-0.013021000000000171,0.015501000000000431,-0.000711852019630049,0.004544066923848742,-0.2241439999999999,0.0006209999999997606,ISC_CS_1.5CC_1.5CD_300ohm.csv,1,ISC,CC,1.5,1.5,300,CC_CC1.5_CD1.5_300ohm
0.01607074751131181,3.56081216406072,-2.90923,5.81473,-2.89621,1.4796107656108597,0.8039032395934192,0.0,2.5945,2.56891,57.30163123981901,31.065827103517528,0.0,100.0,100.0,3.7814140711312216,0.35613992012396295,2.749876,4.200149,2.749876,-0.00011411714647836324,0.0007442808542997398,-0.006200999999999901,0.015191000000000177,-0.0009410048886474741,0.004427410519947723,-0.04092000000000029,0.02976000000000001,ISC_CS_2.0CC_1.0CD_900ohm.csv,1,ISC,CC,2.0,1.0,900,CC_CC2.0_CD1.0_900ohm
0.02981448735792168,2.8111929308143906,-5.80357,1.45647,-5.79613,1.449743421479935,0.8323967805966515,0.0,2.81023,2.72452,51.87515069589422,29.754966044727766,0.0,100.0,100.0,3.778223949315704,0.2904636555968036,2.749876,4.200459,2.749876,-4.067656612529003e-05,0.0005531887356655273,-0.013020000000000032,0.0065110000000001556,-0.00010142111368909516,0.002152715472755981,-0.020459999999999923,0.016750000000000043,ISC_CS_0.5CC_2.0CD_100ohm.csv,1,ISC,CC,0.5,2.0,100,CC_CC0.5_CD2.0_100ohm
0.02186924059616728,4.816449122291996,-5.81101,5.80729,-5.79427,1.621529914833215,0.8373654045038287,0.0,2.67583,2.64849,60.789627324343506,31.328281643853572,0.0,100.0,100.0,3.8433160496806242,0.38317871412324017,2.749876,4.200149,2.749876,-0.00014594769230769232,0.0008418481691074418,-0.012090999999999852,0.014571000000000112,-0.001233621301775148,0.00455420338938177,-0.027910000000000323,0.02418000000000009,ISC_CS_2.0CC_2.0CD_1000ohm.csv,1,ISC,CC,2.0,2.0,1000,CC_CC2.0_CD2.0_1000ohm
0.12240678144578311,2.443447098259728,-2.610987,2.610987,-2.610677,1.5027739383132532,0.8588084859770361,0.0,2.893274,2.607893,54.07934304819277,30.422948933011856,0.0,100.0,100.0,3.7724615959036143,0.30568763811951766,2.749256,4.200149,2.749256,-4.804591467823571e-05,0.0008194154103633878,-0.010541000000000356,0.010540000000000216,-0.0002447131838997349,0.0023368099579305747,-0.17950100000000013,0.0021700000000000053,ISC_CS_0.9CC_0.9CD_30ohm.csv,1,ISC,CC,0.9,0.9,30,CC_CC0.9_CD0.9_30ohm
0.18019014021949642,2.890728496525851,-4.349578,2.320189,-4.349268,1.6168795399612652,0.9172561925663535,0.0,3.04063,2.658994,54.95951536475145,30.661691893791563,0.0,100.0,100.0,3.8065723546804384,0.3147150212308456,2.749256,4.200149,2.749256,-4.748585819449831e-05,0.0008209026134537536,-0.010541000000000356,0.006819999999999826,-0.0002246572387963322,0.002054847326770581,-0.15625,0.0006210000000002047,ISC_CS_0.8CC_1.5CD_20ohm.csv,1,ISC,CC,0.8,1.5,20,CC_CC0.8_CD1.5_20ohm
0.0037220840304893112,3.7818632504116905,-5.80543,2.90551,-5.80171,1.467742593418851,0.8160622994595703,0.0,2.63906,2.62845,55.674603476482616,30.943084918621288,0.0,100.0,100.0,3.8078232747722622,0.33659786410555176,2.749876,4.200459,2.749876,-9.052092244746137e-05,0.0007007125223964592,-0.012401000000000106,0.007439999999999891,-0.0004303496373442439,0.002823149538233889,-0.020460000000000145,0.016739999999999977,ISC_CS_1.0CC_2.0CD_700ohm.csv,1,ISC,CC,1.0,2.0,700,CC_CC1.0_CD2.0_700ohm
0.12385764100250626,2.3751218622909973,-4.348958,1.449653,-4.348338,1.510903583558897,0.8720134172111065,0.0,2.986187,2.648819,51.83907671177945,29.696077923137352,0.0,100.0,100.0,3.7816564014035094,0.2814678001462231,2.749566,4.200149,2.749566,-3.590424145192019e-05,0.0007448697129330408,-0.014570999999999668,0.007750999999999841,-8.735144891206255e-05,0.0009792660358811222,-0.08277599999999996,0.0006209999999997606,ISC_CS_0.5CC_1.5CD_30ohm.csv,1,ISC,CC,0.5,1.5,30,CC_CC0.5_CD1.5_30ohm
0.39082179751332136,4.146447535636518,-5.51339,5.51525,-5.50967,1.952141332149201,0.9814843521811106,0.0,3.18038,2.54439,64.26929673179397,30.598098720960515,0.0,100.0,100.0,3.9060730165186497,0.3789413876403078,2.749876,4.200459,2.749876,-8.565760483297797e-05,0.000792207177703681,-0.013330999999999982,0.014881000000000366,-0.0008751936744847194,0.0040217112016744765,-0.027900000000000258,0.027900000000000036,ISC_CS_1.9CC_1.9CD_10ohm.csv,1,ISC,CC,1.9,1.9,10,CC_CC1.9_CD1.9_10ohm
0.00468543587602078,1.936914349480444,-1.450273,2.900236,-1.449963,1.4366076259279883,0.8164957702370815,0.0,2.723255,2.705877,52.95235846325167,30.07260602548006,0.0,100.0,100.0,3.739759202394209,0.30218332529058606,2.749566,4.200149,2.749566,-4.281687395581948e-05,0.0005764993290893379,-0.004650000000000265,0.011781000000000041,-0.00021535075180991272,0.0017022211194734293,-0.13175900000000018,0.0009299999999998754,ISC_CS_1.0CC_0.5CD_1000ohm.csv,1,ISC,CC,1.0,0.5,1000,CC_CC1.0_CD0.5_1000ohm
0.01883548846516015,2.8276562624601813,-5.80729,1.46205,-5.80171,1.4271445080037664,0.8205401198849755,0.0,2.76984,2.72544,51.67703379237288,29.699111602395888,0.0,100.0,100.0,3.772737257179849,0.2894918528057895,2.749876,4.200459,2.749876,-3.8980574523192824e-05,0.0005527014273088907,-0.013951000000000047,0.004960999999999771,-0.00010270661643513069,0.0028512862919684197,-0.026040000000000063,0.020469999999999988,ISC_CS_0.5CC_2.0CD_200ohm.csv,1,ISC,CC,0.5,2.0,200,CC_CC0.5_CD2.0_200ohm
0.01851581060049894,2.8303474041788155,-3.190414,3.190414,-3.189484,1.4478639503743944,0.7871285822381826,0.0,2.552926,2.516326,57.012901174570544,30.92285556776475,0.0,100.0,100.0,3.7871417531933638,0.3661705530168377,2.749876,4.200149,2.749876,-7.248509325892196e-05,0.0005938468106166927,-0.004961000000000215,0.006510000000000016,-0.000383324570421501,0.0014896150144943262,-0.07564500000000018,0.0030999999999999917,ISC_CS_1.1CC_1.1CD_500ohm.csv,1,ISC,CC,1.1,1.1,500,CC_CC1.1_CD1.1_500ohm
0.0030652330572291404,2.4621708095088835,-2.898996,2.319258,-2.898685,1.414090246360442,0.8008549628251954,0.0,2.65047,2.641126,53.42505666415663,30.24727441809268,0.0,100.0,100.0,3.763533356676707,0.30816711397136776,2.749566,4.200149,2.749566,-5.4523851368315364e-05,0.0006463991879854764,-0.005269999999999886,0.0071310000000002205,-0.00021856276675872457,0.0020088228475675114,-0.1602800000000002,0.0006200000000000649,ISC_CS_0.8CC_1.0CD_1000ohm.csv,1,ISC,CC,0.8,1.0,1000,CC_CC0.8_CD1.0_1000ohm
0.049440830888031216,3.4286256980852623,-5.80543,2.32329,-5.79799,1.5076731752895751,0.8502524775661299,0.0,2.79492,2.69461,54.39639791505792,30.59020538643998,0.0,100.0,100.0,3.797801843397683,0.3237937306360614,2.749876,4.200459,2.749876,-2.8784489417580804e-05,0.0008790564690081057,-0.011160999999999976,0.03038199999999991,-0.00026811215819558167,0.002638112055609135,-0.020460000000000145,0.020459999999999923,ISC_CS_0.8CC_2.0CD_50ohm.csv,1,ISC,CC,0.8,2.0,50,CC_CC0.8_CD2.0_50ohm
-0.001324699760765356,2.8408456993987126,-5.80543,1.46019,-5.80543,1.404801923444976,0.8071793644174687,0.0,2.71636,2.71636,51.71745772727273,29.716135170575114,0.0,100.0,100.0,3.7718553844497613,0.29174604702964885,2.749876,4.200149,2.749876,-3.8316582914572884e-05,0.0005646618382205221,-0.012710999999999917,0.009920999999999847,-0.00010371021775544397,0.0022834005164771996,-0.027900000000000036,0.022319999999999895,ISC_CS_0.5CC_2.0CD_1000ohm.csv,1,ISC,CC,0.5,2.0,1000,CC_CC0.5_CD2.0_1000ohm
0.03795132826207659,2.2084671015059056,-2.31901,2.318825,-2.318639,1.4419991604664075,0.8225286462002249,0.0,2.76058,2.664548,53.034637090505285,30.139067053016607,0.0,100.0,100.0,3.7581205352581897,0.3003215273109763,2.749876,4.200149,2.749876,-3.949716761079643e-05,0.000614058772279969,-0.005889999999999951,0.008059999999999956,-0.0001932020437631901,0.001258222007359808,-0.09672700000000001,0.0022320000000000118,ISC_CS_0.8CC_0.8CD_100ohm.csv,1,ISC,CC,0.8,0.8,100,CC_CC0.8_CD0.8_100ohm
0.3948445519893009,3.9889884707908334,-5.80729,4.36012,-5.79613,1.9655173085924438,1.0340969570699408,0.0,3.31986,2.64073,61.94322520896021,31.08638697280533,0.0,100.0,100.0,3.8912980812437308,0.35576237538514843,2.749876,4.200459,2.749876,-7.506839464882944e-05,0.0007312597205488715,-0.012090999999999852,0.014571000000000112,-0.0006295785953177257,0.0037150633765743917,-0.026039999999999175,0.027900000000000036,ISC_CS_1.5CC_2.0CD_10ohm.csv,1,ISC,CC,1.5,2.0,10,CC_CC1.5_CD2.0_10ohm
0.004352268272309919,2.702220265490859,-2.898252,2.898252,-2.897694,1.4243642139774468,0.8002330771496747,0.0,2.620575,2.609688,54.44690082138383,30.573809249519364,0.0,100.0,100.0,3.758189370458026,0.32292795603875146,2.749256,4.200149,2.749256,-5.9879821751845234e-05,0.0006864826265521288,-0.0065110000000001556,0.009300000000000086,-0.0003231442696003343,0.0026157418717505524,-0.1906629999999998,0.0016739999999999533,ISC_CS_1.0CC_1.0CD_900ohm.csv,1,ISC,CC,1.0,1.0,900,CC_CC1.0_CD1.0_900ohm
0.010727502691924105,2.000488396152013,-2.898996,1.449591,-2.89881,1.3443940498504487,0.7715018450950907,0.0,2.611623,2.583156,51.651729770687936,29.628114097638456,0.0,100.0,100.0,3.75819783449651,0.2837926967325544,2.749566,4.200149,2.749566,-3.771679297965686e-05,0.0006122403033603089,-0.00837100000000035,0.005269999999999886,-8.679198244914241e-05,0.0006587403751301867,-0.04668899999999998,0.00037200000000003897,ISC_CS_0.5CC_1.0CD_300ohm.csv,1,ISC,CC,0.5,1.0,300,CC_CC0.5_CD1.0_300ohm
0.05399236345350475,3.281130862030783,-3.770771,3.770771,-3.769841,1.611883460622002,0.8650163464635167,0.0,2.814854,2.709265,58.01510303264738,30.92099890084005,0.0,100.0,100.0,3.829774950642117,0.3401746308971516,2.749256,4.200149,2.749256,-8.944079863798173e-05,0.0009688921473944319,-0.013330999999999982,0.012401000000000106,-0.0004938916576381365,0.00355542040074437,-0.20461300000000016,0.0009299999999998754,ISC_CS_1.3CC_1.3CD_700ohm.csv,1,ISC,CC,1.3,1.3,700,CC_CC1.3_CD1.3_700ohm
0.3747989519405698,1.787684227579308,-2.898996,1.449591,-2.89881,1.8434099231352332,1.1171957853167895,0.0,3.787274,2.415662,52.79586787446937,30.03700462495687,0.0,100.0,100.0,3.8104995234232866,0.28532930042299837,2.748946,4.200149,2.748946,-3.1754131918119746e-05,0.0005094029641759612,-0.00868100000000016,0.004650000000000265,-6.591508718726309e-05,0.00041895227470932505,-0.027902000000000093,0.0016740000000000643,ISC_CS_0.5CC_1.0CD_10ohm.csv,1,ISC,CC,0.5,1.0,10,CC_CC0.5_CD1.0_10ohm
0.01907981100524997,4.029660804782323,-4.929006,4.929006,-4.928075,1.593339954112386,0.809508463490178,0.0,2.616349,2.581805,61.141829029749175,30.98157574669566,0.0,100.0,100.0,3.8408037783394904,0.4023524201216673,2.749256,4.200149,2.749256,-0.00011397335148803742,0.0008699417999394325,-0.008061000000000096,0.012090000000000156,-0.0008461773973935031,0.0032189945348225567,-0.1391979999999995,0.0009310000000004592,ISC_CS_1.7CC_1.7CD_900ohm.csv,1,ISC,CC,1.7,1.7,900,CC_CC1.7_CD1.7_900ohm
0.08662023817034699,3.3237485169172998,-3.769531,3.770151,-3.768601,1.601213829652997,0.8725414232846463,0.0,2.832438,2.674963,57.652872870662456,31.086594361971102,0.0,100.0,100.0,3.8141976244479494,0.3418662040722947,2.749256,4.200149,2.749256,-8.114910066266956e-05,0.0008720525386263258,-0.010231000000000101,0.011780000000000346,-0.0005035254023351215,0.0034983435709829255,-0.22104400000000002,0.0009299999999999864,ISC_CS_1.3CC_1.3CD_50ohm.csv,1,ISC,CC,1.3,1.3,50,CC_CC1.3_CD1.3_50ohm
0.004696663892191801,2.0066747010097945,-2.898996,1.449591,-2.89881,1.3527615972057074,0.7768034235378442,0.0,2.629931,2.616962,51.51662258224336,29.57751236766997,0.0,100.0,100.0,3.7581784653190646,0.28043889231400077,2.749256,4.200149,2.749256,-3.966650148662041e-05,0.0005668742441149251,-0.006510000000000016,0.004650000000000265,-8.618493557978197e-05,0.0006190258451935529,-0.04389900000000013,0.0011160000000000059,ISC_CS_0.5CC_1.0CD_500ohm.csv,1,ISC,CC,0.5,1.0,500,CC_CC0.5_CD1.0_500ohm
0.03634047730716469,1.419994294815554,-1.449591,1.449591,-1.449405,1.395756274190057,0.8053919231203004,0.0,2.789854,2.651598,51.20653207302114,29.449406437104766,0.0,100.0,100.0,3.7423999756836714,0.2762646027523388,2.749876,4.200149,2.749876,-3.047174713141373e-05,0.00043400306452436515,-0.005269999999999886,0.005891000000000091,-6.280941040629285e-05,0.0005137124912312495,-0.04129500000000008,0.0013020000000000254,ISC_CS_0.5CC_0.5CD_100ohm.csv,1,ISC,CC,0.5,0.5,100,CC_CC0.5_CD0.5_100ohm
0.3952557562756148,2.916333872303457,-2.899306,4.348958,-2.898996,1.8490788691086064,1.023517432776886,0.0,3.312524,2.445545,60.91590704405738,30.83293113040047,0.0,100.0,100.0,3.8420428105788935,0.3791348123358148,2.749256,4.200149,2.749256,-7.180579041762744e-05,0.0020988307999730837,-0.10044600000000026,0.07130500000000017,-0.0004829415833973866,0.0036774296761262182,-0.25080599999999986,0.0018599999999999728,ISC_CS_1.5CC_1.0CD_10ohm.csv,1,ISC,CC,1.5,1.0,10,CC_CC1.5_CD1.0_10ohm
0.0357827555881275,3.7937080711202955,-4.349578,4.349578,-4.348958,1.564508668559912,0.8406968461423748,0.0,2.704341,2.651655,58.24403081714914,31.187924001085555,0.0,100.0,100.0,3.8241154375229027,0.34492514130787144,2.749876,4.200149,2.749876,-0.0001033020527859237,0.0007944969190585904,-0.009610999999999592,0.012090999999999852,-0.0008202230571847508,0.009871134599094273,-0.7049849999999998,0.005579999999999918,ISC_CS_1.5CC_1.5CD_500ohm.csv,1,ISC,CC,1.5,1.5,500,CC_CC1.5_CD1.5_500ohm
0.0033551444915671537,2.00680429472339,-2.89881,1.449591,-2.898624,1.3584641075056711,0.7803657879510654,0.0,2.63962,2.631425,51.514431600749575,29.58909151152544,0.0,100.0,100.0,3.7571496511490285,0.2762957793527962,2.748946,4.200149,2.748946,-4.2938443326427903e-05,0.000568382276077413,-0.0071310000000002205,0.004649999999999821,-8.57853408306205e-05,0.0007202759832167805,-0.055617999999999945,0.0013019999999999143,ISC_CS_0.5CC_1.0CD_600ohm.csv,1,ISC,CC,0.5,1.0,600,CC_CC0.5_CD1.0_600ohm
0.3769006400452062,2.050613601829942,-2.31901,2.31901,-2.318639,1.7708906930683745,1.059542518450954,0.0,3.509955,2.396024,56.0172420041439,30.71226047800761,0.0,100.0,100.0,3.8296202602184977,0.3130543993521058,2.749256,4.200149,2.749256,-4.897353051996988e-05,0.0006137009542055724,-0.009300999999999782,0.0065110000000001556,-0.0001638117935192163,0.0011505472908509525,-0.09486600000000012,0.0011160000000000059,ISC_CS_0.8CC_0.8CD_10ohm.csv,1,ISC,CC,0.8,0.8,10,CC_CC0.8_CD0.8_10ohm
0.13801763007474724,3.3533235124366656,-5.80171,2.32701,-5.79613,1.5862016796130736,0.8953554072798787,0.0,2.94154,2.67394,55.005451795397924,30.762964951883326,0.0,100.0,100.0,3.8189529510479256,0.31559804479595827,2.749876,4.200149,2.749876,-6.326740947075211e-05,0.0006176236547620176,-0.010540999999999912,0.006200999999999901,-0.00025579680398768505,0.002519058707805058,-0.02418000000000009,0.016739999999999977,ISC_CS_0.8CC_2.0CD_30ohm.csv,1,ISC,CC,0.8,2.0,30,CC_CC0.8_CD2.0_30ohm
-0.014574684583014499,3.680136665031402,-4.05816,4.05816,-4.05723,1.4362562855776588,0.7901446496039665,0.0,2.553975,2.553975,56.3964035386381,31.047702644288456,0.0,100.0,100.0,3.7889267517214997,0.3396563077149073,2.748636,4.200459,2.748636,-0.00012748430922311521,0.0010954912856698889,-0.01581100000000024,0.010850999999999722,-0.0006653027171833141,0.004839441702923846,-0.2656869999999998,0.0009300000000003195,ISC_CS_1.4CC_1.4CD_600ohm.csv,1,ISC,CC,1.4,1.4,600,CC_CC1.4_CD1.4_600ohm
0.017274207836455738,4.241972849853284,-4.36198,5.80543,-4.35454,1.5742669995741054,0.8289144169737211,0.0,2.64876,2.62725,59.61398128194208,31.3341164632598,0.0,100.0,100.0,3.8109999708262348,0.37794956449093825,2.749876,4.200149,2.749876,-0.00012403429910524082,0.0008211808860533534,-0.010231000000000101,0.013640999999999792,-0.0011111567959096718,0.0042072200839732895,-0.02418000000000009,0.022319999999999895,ISC_CS_2.0CC_1.5CD_500ohm.csv,1,ISC,CC,2.0,1.5,500,CC_CC2.0_CD1.5_500ohm
0.35923366213470864,3.759378357413319,-4.930555,4.930866,-4.929935,1.9575070425066416,0.9896552373798999,0.0,3.210078,2.570374,63.90745035161744,30.60357642824012,0.0,100.0,100.0,3.9087383963119238,0.3549523992230011,2.749876,4.200149,2.749876,-8.442316710958264e-05,0.0007489296407951633,-0.009609999999999896,0.010540000000000216,-0.0006800856651555417,0.0032242807101315546,-0.15531900000000043,0.04464299999999999,ISC_CS_1.7CC_1.7CD_10ohm.csv,1,ISC,CC,1.7,1.7,10,CC_CC1.7_CD1.7_10ohm
0.010206388881933521,2.457844193976338,-2.898996,2.319568,-2.898996,1.414874269312633,0.802160435177377,0.0,2.65522,2.629917,53.48153152623013,30.294478841212648,0.0,100.0,100.0,3.7659991406034807,0.30895736441406063,2.749876,4.200149,2.749876,-5.598609893550416e-05,0.0006059143967546059,-0.0058909999999996465,0.005271000000000026,-0.00021777107075767062,0.0017766404157208637,-0.14198900000000014,0.0018610000000000015,ISC_CS_0.8CC_1.0CD_300ohm.csv,1,ISC,CC,0.8,1.0,300,CC_CC0.8_CD1.0_300ohm
0.0062592584577456705,2.669112487957417,-2.900236,2.900236,-2.899306,1.4399092833858376,0.8019426674901586,0.0,2.618168,2.605692,55.102435981372416,30.669442048948493,0.0,100.0,100.0,3.7695105226681274,0.33691782204246556,2.749256,4.200149,2.749256,-6.10354843129196e-05,0.000719675919707407,-0.007130000000000081,0.00837000000000021,-0.00031770776818742293,0.0016128496745129793,-0.10199700000000034,0.0018600000000000838,ISC_CS_1.0CC_1.0CD_500ohm.csv,1,ISC,CC,1.0,1.0,500,CC_CC1.0_CD1.0_500ohm
0.4049785904168037,3.8769372014776637,-4.35082,5.80357,-4.34524,1.9684548260584183,1.0215754637710261,0.0,3.30149,2.59145,63.3253512799475,30.70761168857927,0.0,100.0,100.0,3.8898567341647516,0.36645421968405983,2.749876,4.200459,2.749876,-9.404399212081414e-05,0.0007521795793260492,-0.012400999999999662,0.015500999999999987,-0.0008549458305975049,0.003837971114512949,-0.024189999999999934,0.02232999999999996,ISC_CS_2.0CC_1.5CD_10ohm.csv,1,ISC,CC,2.0,1.5,10,CC_CC2.0_CD1.5_10ohm
0.030422427066748196,2.4664130447874446,-2.610987,2.610987,-2.610677,1.4699016413962034,0.8334238246614978,0.0,2.774346,2.703516,53.56505494182486,30.28305573364951,0.0,100.0,100.0,3.763995372443356,0.30208647891558804,2.749876,4.200149,2.749876,-5.719588386622563e-05,0.0007516761140080576,-0.0077510000000002854,0.007750000000000146,-0.00024883621217689574,0.0023901991641091893,-0.17857100000000026,0.0021700000000000053,ISC_CS_0.9CC_0.9CD_100ohm.csv,1,ISC,CC,0.9,0.9,100,CC_CC0.9_CD0.9_100ohm
0.03521529875161432,1.687187289085195,-1.739583,1.739769,-1.739397,1.40038189358588,0.8055477686540072,0.0,2.752968,2.639027,51.84176425312097,29.72168226179489,0.0,100.0,100.0,3.748568053293156,0.28784627617971975,2.749876,4.200149,2.749876,-3.563911134073885e-05,0.00047801571953104784,-0.0049600000000000755,0.00558100000000028,-9.996555584259023e-05,0.0010347378296020288,-0.09709800000000013,0.0037210000000000854,ISC_CS_0.6CC_0.6CD_100ohm.csv,1,ISC,CC,0.6,0.6,100,CC_CC0.6_CD0.6_100ohm
0.132142596919809,2.7215534827605348,-5.80357,1.45647,-5.80171,1.5569799989378652,0.8975800411858991,0.0,3.05129,2.69866,52.028203228890064,29.799283409924378,0.0,100.0,100.0,3.782833185661179,0.2921488652892548,2.749876,4.200459,2.749876,-2.9938170615106797e-05,0.0005219596818518658,-0.013951000000000047,0.005271000000000026,-9.248167428025068e-05,0.0025760569117362154,-0.02603999999999984,0.020469999999999988,ISC_CS_0.5CC_2.0CD_30ohm.csv,1,ISC,CC,0.5,2.0,30,CC_CC0.5_CD2.0_30ohm
0.007543964686098875,3.840980790205587,-4.349268,4.348958,-4.348649,1.5528223406203288,0.8381838696706004,0.0,2.698462,2.674535,57.728370440956645,31.113419517339757,0.0,100.0,100.0,3.814564204596412,0.3397556638336451,2.749256,4.200149,2.749256,-0.00010621794392523363,0.0009372173627797176,-0.006819999999999826,0.016741000000000117,-0.0007045854205607476,0.004614668057760709,-0.24987599999999954,0.0015500000000000513,ISC_CS_1.5CC_1.5CD_1000ohm.csv,1,ISC,CC,1.5,1.5,1000,CC_CC1.5_CD1.5_1000ohm
0.018575731467308735,4.340658780412827,-5.80543,4.35268,-5.79799,1.544742635031708,0.8198420818867257,0.0,2.62299,2.59284,59.0866672206429,31.301649381122072,0.0,100.0,100.0,3.8319962167067563,0.37360879120403107,2.749876,4.200149,2.749876,-0.0001207252242397725,0.0007695820046620716,-0.013020999999999727,0.012401000000000106,-0.0008199824983592213,0.003585553581453025,-0.018600000000000172,0.026050000000000018,ISC_CS_1.5CC_2.0CD_200ohm.csv,1,ISC,CC,1.5,2.0,200,CC_CC1.5_CD2.0_200ohm
0.005208806545454784,3.6218773741376897,-4.057539,4.05816,-4.05723,1.498664159090909,0.8156044036090762,0.0,2.626518,2.613515,57.163471054545454,31.084425902856694,0.0,100.0,100.0,3.7961180603636366,0.34626068672206195,2.748946,4.200149,2.748946,-9.664859949072391e-05,0.0010565572084065963,-0.011781000000000041,0.013021000000000171,-0.000633008912331757,0.0038765785668837655,-0.19345299999999988,0.0009299999999999864,ISC_CS_1.4CC_1.4CD_200ohm.csv,1,ISC,CC,1.4,1.4,200,CC_CC1.4_CD1.4_200ohm
0.024038210505798654,2.2481083350302287,-1.449343,4.351129,-1.448723,1.5151666295682682,0.8438994916455911,0.0,2.801206,2.726857,54.96655402007601,30.452503413109273,0.0,100.0,100.0,3.759135338758406,0.3261086277143775,2.749876,4.200149,2.749876,-6.007583585144752e-05,0.0005986117556664728,-0.004649999999999821,0.013330999999999982,-0.0003675876791110245,0.00261990218708003,-0.190353,0.0012410000000000476,ISC_CS_1.5CC_0.5CD_1000ohm.csv,1,ISC,CC,1.5,0.5,1000,CC_CC1.5_CD0.5_1000ohm
0.006890349406009872,4.774992189516541,-5.80915,5.80357,-5.79985,1.631206727230375,0.835421302737624,0.0,2.67302,2.65912,61.12082695085023,31.27062679669851,0.0,100.0,100.0,3.8555605753552293,0.38283133691650484,2.749876,4.200459,2.749876,-0.00015078326730365882,0.0007934675797423716,-0.010851000000000166,0.011160999999999976,-0.0012142134700536004,0.004120568375160586,-0.026040000000000063,0.027899999999999814,ISC_CS_2.0CC_2.0CD_900ohm.csv,1,ISC,CC,2.0,2.0,900,CC_CC2.0_CD2.0_900ohm
0.38220917202572363,2.401553111018678,-2.900236,2.900236,-2.899616,1.8650914819935691,1.0514603463506946,0.0,3.416766,2.423768,59.27755704180064,30.785152608528513,0.0,100.0,100.0,3.865080764737406,0.34735043582760233,2.749876,4.200149,2.749876,-5.1149228130360225e-05,0.0007270513844933224,-0.010851000000000166,0.010541000000000356,-0.0002487338121783877,0.001479067462780549,-0.10106699999999957,0.0015500000000000513,ISC_CS_1.0CC_1.0CD_10ohm.csv,1,ISC,CC,1.0,1.0,10,CC_CC1.0_CD1.0_10ohm
0.3765423416722408,2.959935517066062,-3.479353,3.479663,-3.479043,1.7908465272240803,1.0095369905963505,0.0,3.274392,2.493197,58.813030073578595,31.097807867803812,0.0,100.0,100.0,3.8456656132441474,0.33432494357989745,2.749876,4.200149,2.749876,-6.0402515723270454e-05,0.0009235667738815697,-0.015500999999999987,0.020772000000000013,-0.0003880537936571658,0.003100686241098388,-0.22135399999999983,0.003411000000000053,ISC_CS_1.2CC_1.2CD_10ohm.csv,1,ISC,CC,1.2,1.2,10,CC_CC1.2_CD1.2_10ohm
0.00878371011541095,3.3905078148194243,-3.770771,3.770771,-3.769841,1.4964388632043446,0.8199222979836085,0.0,2.643461,2.623403,56.770441768499666,31.067628045905778,0.0,100.0,100.0,3.796509254582485,0.3359960928791107,2.749876,4.200149,2.749876,-9.23215619694398e-05,0.001034268395584283,-0.014571000000000112,0.012090999999999852,-0.0005417188455008489,0.0039777879719353594,-0.2263139999999999,0.0006200000000000649,ISC_CS_1.3CC_1.3CD_400ohm.csv,1,ISC,CC,1.3,1.3,400,CC_CC1.3_CD1.3_400ohm
0.04981716581317364,3.777677808840064,-5.80171,2.90551,-5.79799,1.5244251015362884,0.8510696109808706,0.0,2.76435,2.69207,55.521466325269294,30.915134231664496,0.0,100.0,100.0,3.8029635103302133,0.3291212341135405,2.749876,4.200149,2.749876,-7.962709768592124e-05,0.000696822620128543,-0.015810999999999797,0.007441000000000031,-0.0004087599364069953,0.0029733461684162336,-0.029770000000000074,0.022320000000000007,ISC_CS_1.0CC_2.0CD_30ohm.csv,1,ISC,CC,1.0,2.0,30,CC_CC1.0_CD2.0_30ohm
0.07179966085219693,2.6421465227860432,-2.900236,2.900236,-2.899616,1.4848300374167778,0.8279481078733301,0.0,2.727086,2.574287,55.64084655126498,30.74246836720631,0.0,100.0,100.0,3.784535384687084,0.3362940959269557,2.749256,4.200149,2.749256,-6.590183803942464e-05,0.0007810714982089147,-0.009920000000000151,0.008059999999999956,-0.00030911148108684065,0.0019220804688111198,-0.12338799999999983,0.0006200000000000649,ISC_CS_1.0CC_1.0CD_50ohm.csv,1,ISC,CC,1.0,1.0,50,CC_CC1.0_CD1.0_50ohm
0.020626514166279954,4.80469068114899,-5.81101,5.81101,-5.79799,1.6501744263817928,0.849547210282333,0.0,2.71584,2.69325,60.91562726428239,31.308803802823384,0.0,100.0,100.0,3.848861920111472,0.3789679259837633,2.749876,4.200459,2.749876,-0.00015155227695167294,0.0010971707896362157,-0.03441300000000025,0.019530999999999743,-0.001212706784386617,0.004766560821012883,-0.027899999999999814,0.022319999999999673,ISC_CS_2.0CC_2.0CD_500ohm.csv,1,ISC,CC,2.0,2.0,500,CC_CC2.0_CD2.0_500ohm
0.004341317890964742,2.461461624085158,-2.89881,2.319197,-2.898438,1.3855442297158946,0.7856096718979823,0.0,2.593793,2.584377,53.492274532889674,30.32031327157997,0.0,100.0,100.0,3.7705537619657026,0.3010932428030901,2.749876,4.200149,2.749876,-6.95281618023554e-05,0.0006817174170000201,-0.009301000000000226,0.004960999999999771,-0.00022263325652841783,0.0019914266932327712,-0.15141399999999994,0.0026049999999999685,ISC_CS_0.8CC_1.0CD_400ohm.csv,1,ISC,CC,0.8,1.0,400,CC_CC0.8_CD1.0_400ohm
0.17464921802837802,1.946932468052894,-1.450273,2.899926,-1.449343,1.467448978855606,0.8618658012390569,0.0,2.990044,2.462344,54.084568033014925,30.3834666285983,0.0,100.0,100.0,3.763928075303719,0.30720318047434514,2.749566,4.200149,2.749566,-5.6477042945923335e-05,0.000611582260812814,-0.00837100000000035,0.025420999999999694,-0.00021509590947036452,0.0019500016593117706,-0.15253000000000005,0.0015499999999999403,ISC_CS_1.0CC_0.5CD_20ohm.csv,1,ISC,CC,1.0,0.5,20,CC_CC1.0_CD0.5_20ohm
0.017081553198948284,3.571484404950137,-4.0594,4.05971,-4.05909,1.5379893936897457,0.8288982530120783,0.0,2.667238,2.638426,57.88406624014023,31.13819437951237,0.0,100.0,100.0,3.8126810771253288,0.34740627335677615,2.749256,4.200149,2.749256,-9.795826757846748e-05,0.0008922534021504978,-0.008990999999999971,0.009609999999999896,-0.0006101460634753638,0.004252672114963469,-0.2532860000000001,0.0012400000000000189,ISC_CS_1.4CC_1.4CD_1000ohm.csv,1,ISC,CC,1.4,1.4,1000,CC_CC1.4_CD1.4_1000ohm
0.03901662540868714,4.781250391530245,-5.80543,5.80543,-5.80171,1.6338954950957496,0.8401988735559524,0.0,2.69334,2.64768,60.97612003736571,31.249019192440542,0.0,100.0,100.0,3.855243852405418,0.3769353728541674,2.749876,4.200459,2.749876,-0.00014747663551401875,0.0008054554345446435,-0.008990999999999971,0.011159999999999837,-0.0012199415887850465,0.004167935087040742,-0.024180000000000312,0.020459999999999923,ISC_CS_2.0CC_2.0CD_400ohm.csv,1,ISC,CC,2.0,2.0,400,CC_CC2.0_CD2.0_400ohm
0.0057409395641001264,1.9263767102646443,-1.449033,2.898252,-1.449033,1.3971991749309984,0.7927306354846384,0.0,2.63405,2.617601,53.23708544779671,30.180979583733375,0.0,100.0,100.0,3.7387765476349104,0.30394333942559754,2.749566,4.200149,2.749566,-4.816297001427893e-05,0.0005998179962431392,-0.00558100000000028,0.018291000000000057,-0.00022068224654926222,0.0017073466173446797,-0.132069,0.0024180000000000312,ISC_CS_1.0CC_0.5CD_600ohm.csv,1,ISC,CC,1.0,0.5,600,CC_CC1.0_CD0.5_600ohm
0.0018637191113126284,2.208869147882909,-2.318825,2.318825,-2.318639,1.411475718431195,0.8015309954960717,0.0,2.661731,2.654929,53.08824128315574,30.14002237488642,0.0,100.0,100.0,3.758414748809794,0.29803976752425226,2.749876,4.200149,2.749876,-5.177539682539684e-05,0.0006672381792518365,-0.008061000000000096,0.008369999999999767,-0.00019718956916099775,0.0016571311802678424,-0.1302089999999998,0.0005579999999999474,ISC_CS_0.8CC_0.8CD_1000ohm.csv,1,ISC,CC,0.8,0.8,1000,CC_CC0.8_CD0.8_1000ohm
0.019068095238094933,4.57589479540515,-5.51339,5.52455,-5.50967,1.5479953630363037,0.7995251921577013,0.0,2.55724,2.54276,60.63967696841112,31.28515550711391,0.0,100.0,100.0,3.831808703677511,0.3950546534089501,2.749876,4.200459,2.749876,-0.0001270056603773585,0.0008524448635007516,-0.015500000000000291,0.014261000000000301,-0.001161695754716981,0.0038908827779288147,-0.02232000000000056,0.018600000000000172,ISC_CS_1.9CC_1.9CD_1000ohm.csv,1,ISC,CC,1.9,1.9,1000,CC_CC1.9_CD1.9_1000ohm
0.07602941711065586,2.3028493159158807,-1.449033,4.351129,-1.448103,1.4617410711065575,0.8292330219208994,0.0,2.800436,2.580058,54.78279836065573,30.51957743980279,0.0,100.0,100.0,3.750032786885246,0.32336470154268127,2.749566,4.200149,2.749566,-5.401035048165606e-05,0.0007741617069212258,-0.006820999999999966,0.018290999999999613,-0.0003864922115187538,0.00346931214921002,-0.25483600000000006,0.0009310000000004592,ISC_CS_1.5CC_0.5CD_50ohm.csv,1,ISC,CC,1.5,0.5,50,CC_CC1.5_CD0.5_50ohm
0.001057842692404215,2.4612208717011654,-2.898996,2.319258,-2.898685,1.4163327657307596,0.8013555922401431,0.0,2.650012,2.649053,53.45373967159689,30.242958920056033,0.0,100.0,100.0,3.764697441087992,0.30798179279314,2.748946,4.200149,2.748946,-5.531068204613838e-05,0.0007721958874164596,-0.011160999999999976,0.006201000000000345,-0.00021801680040120362,0.002252439649388615,-0.17950199999999983,0.0021700000000000053,ISC_CS_0.8CC_1.0CD_500ohm.csv,1,ISC,CC,0.8,1.0,500,CC_CC0.8_CD1.0_500ohm
-0.0011905018208306227,3.0175072212980094,-4.349888,2.319879,-4.349578,1.427893991114348,0.8074248143309889,0.0,2.660336,2.660336,53.74253915513474,30.393625393749225,0.0,100.0,100.0,3.7765231274581206,0.3078729486404585,2.748946,4.200149,2.748946,-5.610447326242166e-05,0.0007891946836041707,-0.00992100000000029,0.007440999999999587,-0.00025359915488853274,0.002296432755303947,-0.17050999999999972,0.0009299999999998754,ISC_CS_0.8CC_1.5CD_900ohm.csv,1,ISC,CC,0.8,1.5,900,CC_CC0.8_CD1.5_900ohm
0.018783101766554802,2.5149807167132754,-1.46205,5.81473,-1.45089,1.504970669773491,0.8298931256471431,0.0,2.74403,2.69065,55.518914175788446,30.484970612533722,0.0,100.0,100.0,3.760528695458979,0.33708376023414366,2.749876,4.200149,2.749876,-7.027111111111108e-05,0.0005819215581154931,-0.008990000000000276,0.016121000000000052,-0.0005651934959349594,0.00362177855901962,-0.035339999999999705,0.022319999999999895,ISC_CS_2.0CC_0.5CD_900ohm.csv,1,ISC,CC,2.0,0.5,900,CC_CC2.0_CD0.5_900ohm
0.010496070537107185,2.212520975712911,-2.31901,2.31901,-2.318453,1.4360298162469356,0.8171845127253458,0.0,2.724789,2.697431,52.93676299309115,30.0962142023274,0.0,100.0,100.0,3.7588388080008923,0.2974806285472992,2.749566,4.200149,2.749566,-4.982701738742757e-05,0.0006090788835095199,-0.006820999999999966,0.0065109999999997115,-0.00019386959429335712,0.0014473875583657905,-0.11272400000000005,0.0005579999999999474,ISC_CS_0.8CC_0.8CD_300ohm.csv,1,ISC,CC,0.8,0.8,300,CC_CC0.8_CD0.8_300ohm
0.005994957292506136,3.4602910571404273,-5.80543,2.32515,-5.79985,1.4713450120870266,0.8295950850212688,0.0,2.7168,2.70079,54.23348356164383,30.566526129636937,0.0,100.0,100.0,3.7948390556003226,0.32632874193707,2.749876,4.200149,2.749876,-6.167402869579234e-05,0.0006340339589414163,-0.011160999999999976,0.006819999999999826,-0.0002812816379171369,0.003020293074074441,-0.018610000000000015,0.020459999999999923,ISC_CS_0.8CC_2.0CD_800ohm.csv,1,ISC,CC,0.8,2.0,800,CC_CC0.8_CD2.0_800ohm
0.034075576408554,1.9938911850662875,-2.898996,1.449591,-2.89881,1.373166769358461,0.7898308626172134,0.0,2.692538,2.595238,51.568140035152815,29.608504088857863,0.0,100.0,100.0,3.7619812403085637,0.2802820952069137,2.749256,4.200149,2.749256,-4.045180193378259e-05,0.0005656926568935728,-0.0071310000000002205,0.006200000000000205,-8.49670866295537e-05,0.0006164355887803882,-0.04464299999999999,0.0011160000000000059,ISC_CS_0.5CC_1.0CD_100ohm.csv,1,ISC,CC,0.5,1.0,100,CC_CC0.5_CD1.0_100ohm
0.035958779596099985,3.5383343475145765,-2.91109,5.80729,-2.89621,1.53396738683844,0.8310269404993701,0.0,2.69396,2.62539,57.635020247214484,31.039471282946824,0.0,100.0,100.0,3.7862222386838438,0.35646506567669783,2.749876,4.200149,2.749876,-0.00010744339951236512,0.0007243239046261852,-0.0062000000000006494,0.016430999999999862,-0.0009077063740856844,0.004646646217998351,-0.11533000000000015,0.06696999999999997,ISC_CS_2.0CC_1.0CD_200ohm.csv,1,ISC,CC,2.0,1.0,200,CC_CC2.0_CD1.0_200ohm
0.012502340336834745,3.382912148928438,-3.769221,3.769221,-3.769221,1.5219558349174584,0.8323639781672887,0.0,2.688097,2.662326,56.82169292979823,31.028065429145816,0.0,100.0,100.0,3.7932442116058027,0.34267812581850493,2.749566,4.200149,2.749566,-7.963803169307765e-05,0.000942802997580705,-0.009611000000000036,0.014261000000000301,-0.0005321791492910758,0.0035082050791172595,-0.20895300000000017,0.0006200000000000649,ISC_CS_1.3CC_1.3CD_500ohm.csv,1,ISC,CC,1.3,1.3,500,CC_CC1.3_CD1.3_500ohm
0.09052680437138724,3.783629703349839,-4.349268,4.349268,-4.348649,1.5991823045520233,0.8621854743676287,0.0,2.785645,2.640672,58.43594499638728,31.18351730524481,0.0,100.0,100.0,3.8256879284682075,0.3436428302834798,2.749256,4.200149,2.749256,-9.954915070473433e-05,0.0010031590359220197,-0.010851000000000166,0.013640999999999792,-0.0006811028189374773,0.003927515692981255,-0.20058199999999982,0.0021700000000000053,ISC_CS_1.5CC_1.5CD_50ohm.csv,1,ISC,CC,1.5,1.5,50,CC_CC1.5_CD1.5_50ohm
0.0031559789277140317,1.6687741341205684,-1.739397,1.739397,-1.738839,1.3507743199075308,0.7701373824072418,0.0,2.579171,2.567884,52.47585805992709,29.90869819825303,0.0,100.0,100.0,3.7348101618209295,0.3118657432585353,2.749566,4.200149,2.749566,-3.7274077367718964e-05,0.0005318931581338423,-0.007439999999999891,0.017360999999999738,-0.00010305504668741664,0.000513963408575506,-0.02604099999999998,0.00037200000000003897,ISC_CS_0.6CC_0.6CD_1000ohm.csv,1,ISC,CC,0.6,0.6,1000,CC_CC0.6_CD0.6_1000ohm
0.03499398667935318,2.5325969197591793,-1.46019,5.80543,-1.45275,1.5493295993233955,0.8579404412810188,0.0,2.85487,2.75798,55.442723205412825,30.466569404161984,0.0,100.0,100.0,3.7611188674278466,0.33560993928380195,2.749876,4.200459,2.749876,-5.8778153748546126e-05,0.000638031772053412,-0.0034100000000005792,0.018910999999999678,-0.0005505413979063128,0.0031448938186709498,-0.022319999999999895,0.020469999999999988,ISC_CS_2.0CC_0.5CD_1000ohm.csv,1,ISC,CC,2.0,0.5,1000,CC_CC2.0_CD0.5_1000ohm
0.1874897408487205,2.6013950130201198,-1.45833,5.80915,-1.45275,1.5278392279451465,0.8804112195997384,0.0,3.00312,2.50848,56.25472161753591,30.67617474856085,0.0,100.0,100.0,3.7737873241550592,0.33905775418018547,2.749876,4.200149,2.749876,-7.416502862080135e-05,0.0005144075083684618,-0.0043400000000000105,0.013021000000000171,-0.0005643233610541095,0.0033807330723825196,-0.029769999999999852,0.018610000000000015,ISC_CS_2.0CC_0.5CD_20ohm.csv,1,ISC,CC,2.0,0.5,20,CC_CC2.0_CD0.5_20ohm
0.07781485986159183,2.8166196508559698,-3.190104,3.190104,-3.189794,1.4854789051326414,0.8104779867305565,0.0,2.648203,2.493221,57.28192400519032,30.916572283150717,0.0,100.0,100.0,3.7924881660899654,0.36888871996099915,2.749256,4.200149,2.749256,-6.572382463224688e-05,0.0008410044481284794,-0.009300000000000086,0.014571000000000112,-0.0003764143351600808,0.0020909828571517137,-0.11563699999999999,0.0006200000000000649,ISC_CS_1.1CC_1.1CD_50ohm.csv,1,ISC,CC,1.1,1.1,50,CC_CC1.1_CD1.1_50ohm
0.1423209060690541,2.6066356691720967,-1.45647,5.79799,-1.45089,1.5292718507398673,0.8734404747598455,0.0,2.98041,2.59429,55.668086907570235,30.59300518846747,0.0,100.0,100.0,3.7631089659017802,0.3367495611505005,2.749876,4.200149,2.749876,-5.782110682110684e-05,0.00065925766937765,-0.0037199999999995015,0.019220999999999933,-0.0005587934362934364,0.003046536166812698,-0.02417999999999987,0.02418000000000009,ISC_CS_2.0CC_0.5CD_30ohm.csv,1,ISC,CC,2.0,0.5,30,CC_CC2.0_CD0.5_30ohm
0.08747436349344963,3.7481370527728712,-4.349888,4.349888,-4.348958,1.6400466841921395,0.8770751787689448,0.0,2.858192,2.713584,58.374319388646285,30.916975006424618,0.0,100.0,100.0,3.8360880413973795,0.34481977481922405,2.749256,4.200149,2.749256,-0.00010254534335138918,0.000937387475431238,-0.009611000000000036,0.010541000000000356,-0.0006585551284291456,0.0037799341251007227,-0.2061630000000001,0.0012399999999999078,ISC_CS_1.5CC_1.5CD_900ohm.csv,1,ISC,CC,1.5,1.5,900,CC_CC1.5_CD1.5_900ohm
0.051855088229396724,3.9867059765575714,-4.930866,4.930866,-4.930555,1.5305634882695005,0.7768661756396176,0.0,2.516581,2.442036,61.34957679967916,30.949718303666554,0.0,100.0,100.0,3.8320864479647083,0.43451972610344614,2.749876,4.200149,2.749876,-0.00011063691073219656,0.0008058096621652774,-0.010231000000000101,0.02449099999999982,-0.000872906519558676,0.002274286229219115,-0.10044699999999995,0.005269999999999886,ISC_CS_1.7CC_1.7CD_100ohm.csv,1,ISC,CC,1.7,1.7,100,CC_CC1.7_CD1.7_100ohm
0.005371084748761591,1.752321034930481,-1.449591,2.318825,-1.449405,1.3934496079263978,0.7953027690151423,0.0,2.666096,2.646202,52.482527423920736,29.932264256916,0.0,100.0,100.0,3.7394458075017694,0.2946480333060262,2.749876,4.200149,2.749876,-4.487630507874715e-05,0.0004965326196124148,-0.005271000000000026,0.007441000000000031,-0.00015398407361528931,0.0012078570873234821,-0.09970300000000032,0.0009299999999999864,ISC_CS_0.8CC_0.5CD_400ohm.csv,1,ISC,CC,0.8,0.5,400,CC_CC0.8_CD0.5_400ohm
0.01412149525521921,1.9970465153550807,-2.898996,1.449591,-2.89881,1.3411257452801917,0.7698834808536398,0.0,2.603885,2.567871,51.72503828788333,29.675376263049724,0.0,100.0,100.0,3.7674969880131854,0.2792355163261947,2.749876,4.200149,2.749876,-4.955859726246374e-05,0.0005671380601977108,-0.0077510000000002854,0.00527000000000033,-8.686382255969629e-05,0.0005930625498112558,-0.04073700000000002,0.0007439999999999669,ISC_CS_0.5CC_1.0CD_200ohm.csv,1,ISC,CC,0.5,1.0,200,CC_CC0.5_CD1.0_200ohm
0.12846399345650542,4.157889518287789,-4.35268,5.80357,-4.34896,1.7003695977675133,0.8909299626983788,0.0,2.86759,2.68519,60.62177118937643,31.26418169767489,0.0,100.0,100.0,3.8390359720939182,0.3667377613840344,2.749876,4.200459,2.749876,-0.00011448170966499801,0.000750313176126414,-0.008060999999999652,0.011781000000000041,-0.0010056237966884866,0.003826833583038033,-0.026040000000000063,0.020459999999999923,ISC_CS_2.0CC_1.5CD_30ohm.csv,1,ISC,CC,2.0,1.5,30,CC_CC2.0_CD1.5_30ohm
-0.00827583978769439,4.043795667008631,-4.638827,4.638827,-4.638207,1.5549775199528209,0.8304638510854662,0.0,2.661803,2.661803,58.51086878317278,31.262167649419133,0.0,100.0,100.0,3.8156212610575975,0.35399197649374914,2.749566,4.200149,2.749566,-0.0001305923303834808,0.0009337065578923201,-0.009300999999999782,0.009300000000000086,-0.0007981258603736481,0.0044751934187497846,-0.22228400000000015,0.0009300000000003195,ISC_CS_1.6CC_1.6CD_700ohm.csv,1,ISC,CC,1.6,1.6,700,CC_CC1.6_CD1.6_700ohm
0.009591898011546278,3.1752159684532195,-3.479973,3.479973,-3.479043,1.4718534518922386,0.8148805476290857,0.0,2.643915,2.623821,55.83508713919179,30.878420784449876,0.0,100.0,100.0,3.785977338838999,0.32890531722210287,2.749256,4.200149,2.749256,-8.165736284889318e-05,0.0008432115783024652,-0.00868100000000016,0.010231000000000101,-0.00046527847289059996,0.003177732070050403,-0.20368299999999984,0.0018599999999999728,ISC_CS_1.2CC_1.2CD_900ohm.csv,1,ISC,CC,1.2,1.2,900,CC_CC1.2_CD1.2_900ohm
0.014795225420967048,3.764407119533736,-5.80357,2.90365,-5.79985,1.5090151294586274,0.8361020099890613,0.0,2.70734,2.67938,55.886733604924856,30.93356123551778,0.0,100.0,100.0,3.8123822938620315,0.3359622309975137,2.749876,4.200459,2.749876,-8.327458793696794e-05,0.0006825521195957309,-0.013330999999999982,0.007750000000000146,-0.00041912515848578164,0.003058246877342311,-0.022320000000000118,0.02418000000000009,ISC_CS_1.0CC_2.0CD_800ohm.csv,1,ISC,CC,1.0,2.0,800,CC_CC1.0_CD2.0_800ohm
0.030308402072957128,2.6628663085066395,-2.898438,2.898438,-2.89788,1.4665855187777628,0.8174678566119951,0.0,2.681578,2.616174,55.225139211199355,30.675407108695673,0.0,100.0,100.0,3.7810840119800777,0.3281479815170398,2.748946,4.200149,2.748946,-7.755702167766253e-05,0.0006792606326612601,-0.007750000000000146,0.008680000000000021,-0.0003121404335532516,0.002459242055063723,-0.17950199999999983,0.003161999999999998,ISC_CS_1.0CC_1.0CD_400ohm.csv,1,ISC,CC,1.0,1.0,400,CC_CC1.0_CD1.0_400ohm
0.0043689237601777986,2.4725541394254518,-2.610987,2.610987,-2.609127,1.4581344210461387,0.825599020450403,0.0,2.733285,2.721722,53.445306254626196,30.247967923662678,0.0,100.0,100.0,3.7609489629903776,0.3011450051703842,2.749566,4.200149,2.749566,-5.7153134254689065e-05,0.0008069961162852211,-0.00992100000000029,0.009300999999999782,-0.00025064782823297136,0.0023521258336176775,-0.17330099999999993,0.0021700000000000053,ISC_CS_0.9CC_0.9CD_1000ohm.csv,1,ISC,CC,0.9,0.9,1000,CC_CC0.9_CD0.9_1000ohm
0.005644074497726972,1.4208334577285706,-1.449033,1.449033,-1.448847,1.3700963153688224,0.7885624417779756,0.0,2.686978,2.665866,51.18113500513272,29.44714469078286,0.0,100.0,100.0,3.739763063865669,0.2740476726673093,2.749876,4.200149,2.749876,-2.8350982692871817e-05,0.0005946283268557115,-0.004340999999999706,0.04340300000000008,-0.00010104070108536227,0.0044764034316531675,-0.507813,0.007068999999999992,ISC_CS_0.5CC_0.5CD_900ohm.csv,1,ISC,CC,0.5,0.5,900,CC_CC0.5_CD0.5_900ohm
0.05792415872608171,2.630600419694543,-2.898252,2.898624,-2.897694,1.5303403566200076,0.8491206563117139,0.0,2.798824,2.670774,55.65358836522409,30.65858261083887,0.0,100.0,100.0,3.7915895182997303,0.3307055563404095,2.748946,4.200149,2.748946,-6.554810533076431e-05,0.0006752008462025116,-0.007130999999999776,0.008990999999999971,-0.0002980014129736673,0.0024966321419632436,-0.1910339999999997,0.0029760000000000897,ISC_CS_1.0CC_1.0CD_200ohm.csv,1,ISC,CC,1.0,1.0,200,CC_CC1.0_CD1.0_200ohm
0.02451757470119538,3.46361017475527,-2.89993,5.80171,-2.89435,1.5894100398406377,0.8477707825122813,0.0,2.74845,2.70451,58.25598346613546,30.957259834287505,0.0,100.0,100.0,3.79592946630146,0.3680492569586118,2.749876,4.200459,2.749876,-0.00011892145466622392,0.0010836198541687766,-0.04247299999999976,0.038443000000000005,-0.0008658103620059781,0.003528526122121034,-0.02605000000000013,0.02790999999999988,ISC_CS_2.0CC_1.0CD_600ohm.csv,1,ISC,CC,2.0,1.0,600,CC_CC2.0_CD1.0_600ohm
0.009969012411039735,1.6881513974454885,-1.739769,1.739769,-1.739397,1.3874425751605624,0.7959446452693618,0.0,2.691161,2.660382,51.82886879881965,29.71088186313031,0.0,100.0,100.0,3.7474118898628705,0.2872763647200374,2.749876,4.200149,2.749876,-3.7057031249999985e-05,0.00047262338688748915,-0.004030999999999896,0.005889999999999951,-0.00010072413194444444,0.0010485635890354558,-0.09728400000000015,0.00279000000000007,ISC_CS_0.6CC_0.6CD_300ohm.csv,1,ISC,CC,0.6,0.6,300,CC_CC0.6_CD0.6_300ohm
0.034832916048650304,1.9544836006386928,-2.029576,2.02939,-2.028832,1.421190129635123,0.8146100685200308,0.0,2.760187,2.661993,52.32016190052408,29.89342109398364,0.0,100.0,100.0,3.755074083456937,0.28878051964768436,2.749876,4.200149,2.749876,-4.586984472356838e-05,0.000544534346276281,-0.00558000000000014,0.0049600000000000755,-0.00014338611413312232,0.000993814027037907,-0.07235900000000006,0.0007439999999996338,ISC_CS_0.7CC_0.7CD_100ohm.csv,1,ISC,CC,0.7,0.7,100,CC_CC0.7_CD0.7_100ohm
0.004579869417418589,2.198655087951696,-2.319383,2.319383,-2.31901,1.3615589274410973,0.7723083876353505,0.0,2.554941,2.545029,53.38106508029539,30.267298495680663,0.0,100.0,100.0,3.757152130699801,0.30738129733772723,2.749256,4.200149,2.749256,-6.302907726579903e-05,0.0007508397728803677,-0.023562000000000083,0.029452000000000034,-0.0002038737249384453,0.0019903552837634993,-0.1635040000000001,0.0018599999999999728,ISC_CS_0.8CC_0.8CD_400ohm.csv,1,ISC,CC,0.8,0.8,400,CC_CC0.8_CD0.8_400ohm
0.010888382743362809,2.8454387254912126,-3.190104,3.190104,-3.189484,1.451953755162242,0.7894907801026216,0.0,2.563755,2.539214,56.836158141592925,30.857583840686193,0.0,100.0,100.0,3.7859795466076696,0.3634620839314527,2.749566,4.200149,2.749566,-7.560666863381531e-05,0.0008218683526618384,-0.00868100000000016,0.012401000000000106,-0.0003852149601652405,0.0020874524963977723,-0.10571700000000028,0.0024800000000000377,ISC_CS_1.1CC_1.1CD_300ohm.csv,1,ISC,CC,1.1,1.1,300,CC_CC1.1_CD1.1_300ohm
0.0385290759149598,2.2477272097500762,-1.449343,4.351439,-1.448723,1.5241215292690031,0.8496039328725171,0.0,2.839412,2.720018,55.057628181729925,30.420984778310952,0.0,100.0,100.0,3.760603743520047,0.3280294645000654,2.749256,4.200149,2.749256,-5.460481600155353e-05,0.0007299403982565597,-0.006199999999999761,0.01860100000000031,-0.00036628031847752205,0.0030146899905859406,-0.21732500000000066,0.0009310000000004592,ISC_CS_1.5CC_0.5CD_500ohm.csv,1,ISC,CC,1.5,0.5,500,CC_CC1.5_CD0.5_500ohm
0.006396707626133449,2.2041728677172774,-2.319197,2.319383,-2.31901,1.3751131796093932,0.7806824058415727,0.0,2.588906,2.573201,53.25657784236225,30.217062293238676,0.0,100.0,100.0,3.753442194140898,0.30240087653826125,2.749876,4.200149,2.749876,-5.56594186046512e-05,0.0006462716149448365,-0.007439999999999891,0.008061000000000096,-0.00020260151162790699,0.0023790839709200975,-0.20182300000000009,0.003162999999999916,ISC_CS_0.8CC_0.8CD_600ohm.csv,1,ISC,CC,0.8,0.8,600,CC_CC0.8_CD0.8_600ohm
0.0587148509397274,3.4505401817297106,-2.91481,5.81845,-2.90179,1.6292071095268958,0.8686564349061582,0.0,2.835,2.72551,58.480713966299426,30.885112813968327,0.0,100.0,100.0,3.8095030291639658,0.36041283088880355,2.749876,4.200459,2.749876,-0.00010411037277147497,0.0006920452140931535,-0.00558100000000028,0.015190999999999732,-0.0008459465153970827,0.004326024796153307,-0.026040000000000063,0.035350000000000215,ISC_CS_2.0CC_1.0CD_1000ohm.csv,1,ISC,CC,2.0,1.0,1000,CC_CC2.0_CD1.0_1000ohm
0.011416695422662415,1.4216457339286412,-1.449591,1.449591,-1.449405,1.391080868609444,0.8006490984967113,0.0,2.739531,2.695067,51.1710709595777,29.4290197466907,0.0,100.0,100.0,3.7383114466700413,0.2768328011895296,2.749566,4.200149,2.749566,-2.9528820423808448e-05,0.0004171937466605032,-0.004649999999999821,0.00558000000000014,-6.30936573370941e-05,0.0005354693608446289,-0.04464299999999999,0.0009299999999999864,ISC_CS_0.5CC_0.5CD_300ohm.csv,1,ISC,CC,0.5,0.5,300,CC_CC0.5_CD0.5_300ohm
0.0026536984828575256,2.8392295106352328,-5.81287,1.45833,-5.79799,1.4045937056504598,0.8070404790864678,0.0,2.71729,2.71323,51.70532954246804,29.70742356333492,0.0,100.0,100.0,3.773314359096882,0.2898975916939333,2.749876,4.200459,2.749876,-4.1970725295734286e-05,0.0008186738940316924,-0.036582000000000114,0.038132000000000055,-0.0001029071573664716,0.002952574996838767,-0.027899999999999814,0.018600000000000172,ISC_CS_0.5CC_2.0CD_900ohm.csv,1,ISC,CC,0.5,2.0,900,CC_CC0.5_CD2.0_900ohm
0.17882486765897138,2.290017807777977,-1.449343,4.351439,-1.448103,1.498235678817335,0.8656936700905575,0.0,2.955128,2.453403,55.94384831915755,30.642373588131218,0.0,100.0,100.0,3.7714564358039695,0.3318224795949491,2.749876,4.200149,2.749876,-7.036196070488148e-05,0.0005871235188358229,-0.004650999999999961,0.013330999999999982,-0.00038195179258659103,0.0028605422741857685,-0.19314199999999992,0.0009310000000004592,ISC_CS_1.5CC_0.5CD_20ohm.csv,1,ISC,CC,1.5,0.5,20,CC_CC1.5_CD0.5_20ohm
0.03412297192746808,2.646348697901545,-2.900236,2.900236,-2.899616,1.4681297511081264,0.8150734181614615,0.0,2.672043,2.598482,55.540727548690384,30.70880656503612,0.0,100.0,100.0,3.777276167494963,0.34262845847556833,2.748946,4.200149,2.748946,-6.160405750369468e-05,0.0008030607553279092,-0.009611000000000036,0.009609999999999896,-0.00031160271395942496,0.0019150549830343896,-0.11780799999999969,0.0006200000000000649,ISC_CS_1.0CC_1.0CD_100ohm.csv,1,ISC,CC,1.0,1.0,100,CC_CC1.0_CD1.0_100ohm
0.025923021988173943,3.7856717237168533,-4.640687,4.640997,-4.640067,1.5691670752032523,0.799153070165281,0.0,2.587092,2.546832,60.93821868070953,30.939737315899965,0.0,100.0,100.0,3.8335323595713233,0.41821555112721615,2.749876,4.200149,2.749876,-9.953863216266176e-05,0.00076013345643325,-0.0065110000000001556,0.022011000000000003,-0.0007505231053604437,0.0018364224866756023,-0.06820399999999971,0.0015500000000000513,ISC_CS_1.6CC_1.6CD_500ohm.csv,1,ISC,CC,1.6,1.6,500,CC_CC1.6_CD1.6_500ohm
0.11150734259661273,4.5359981811146675,-5.51711,5.51525,-5.51339,1.6501501411202777,0.8531474517044476,0.0,2.73351,2.59324,61.28725219279201,31.332566149197724,0.0,100.0,100.0,3.8488818721233176,0.3794530647051779,2.749876,4.200459,2.749876,-0.00013400086880973068,0.0008802383253696815,-0.012711000000000361,0.019840999999999998,-0.0010694461337966987,0.004722318176598629,-0.03348000000000084,0.027900000000000036,ISC_CS_1.9CC_1.9CD_30ohm.csv,1,ISC,CC,1.9,1.9,30,CC_CC1.9_CD1.9_30ohm
0.020171454545455183,4.245741279559962,-4.35268,5.80357,-4.34896,1.532938481927711,0.8089447925763605,0.0,2.58729,2.55935,59.48895386637459,31.319665260890137,0.0,100.0,100.0,3.8043621487404167,0.3791611726045322,2.749876,4.200149,2.749876,-0.00010571794871794886,0.0008954781279280837,-0.01085100000000061,0.016121000000000052,-0.0011434648257725181,0.004272824537837783,-0.046499999999999986,0.022320000000000118,ISC_CS_2.0CC_1.5CD_400ohm.csv,1,ISC,CC,2.0,1.5,400,CC_CC2.0_CD1.5_400ohm
0.014993919295671504,2.9130134310800493,-3.190104,3.190724,-3.189484,1.4762761413059429,0.8176177951376538,0.0,2.666309,2.636835,55.60925790168745,30.7500277509105,0.0,100.0,100.0,3.7959251622890684,0.3243443508606503,2.748946,4.200149,2.748946,-9.15543813298107e-05,0.0010718260146778548,-0.022940999999999878,0.02976100000000015,-0.0003830540143842654,0.0033317660134917983,-0.2229040000000002,0.0009299999999998754,ISC_CS_1.1CC_1.1CD_600ohm.csv,1,ISC,CC,1.1,1.1,600,CC_CC1.1_CD1.1_600ohm
0.004773785098275185,1.949370483916892,-2.02939,2.029576,-2.029018,1.3972756165262736,0.7978920153896676,0.0,2.667701,2.654669,52.49296663658243,29.963691456511928,0.0,100.0,100.0,3.7517964840553546,0.293001246620041,2.749566,4.200149,2.749566,-4.62386158475426e-05,0.0005197840621780647,-0.007441000000000031,0.007441000000000031,-0.00014545125376128388,0.0008617676158306602,-0.05543200000000015,0.0020459999999999923,ISC_CS_0.7CC_0.7CD_900ohm.csv,1,ISC,CC,0.7,0.7,900,CC_CC0.7_CD0.7_900ohm
0.0052518976291526485,1.4216560452635043,-1.449219,1.449219,-1.448847,1.373857147738914,0.7904853416914643,0.0,2.6948,2.676372,51.1481846699839,29.4208562059845,0.0,100.0,100.0,3.738602390897117,0.27396651323042803,2.749566,4.200149,2.749566,-2.9926522248243563e-05,0.00042850047863900534,-0.004650999999999961,0.00558000000000014,-6.360128805620609e-05,0.0011515210558810825,-0.12574400000000008,0.0026040000000000507,ISC_CS_0.5CC_0.5CD_700ohm.csv,1,ISC,CC,0.5,0.5,700,CC_CC0.5_CD0.5_700ohm
0.0036415242317379853,1.949125774068998,-2.02939,2.02939,-2.028832,1.3913757352141056,0.7942349933723091,0.0,2.65509,2.643419,52.50796564231738,29.962501493504337,0.0,100.0,100.0,3.7517318934005037,0.29337552453569243,2.749566,4.200149,2.749566,-4.9144512748160895e-05,0.0005405598608755506,-0.00558000000000014,0.008059999999999956,-0.00014614017938123546,0.001012449023306603,-0.07142900000000019,0.0011170000000000346,ISC_CS_0.7CC_0.7CD_400ohm.csv,1,ISC,CC,0.7,0.7,400,CC_CC0.7_CD0.7_400ohm
0.001440105721802474,3.296945806777948,-4.349268,2.900236,-4.348958,1.4425987116080237,0.804951178963438,0.0,2.616266,2.61421,55.15358646826701,30.772406978070045,0.0,100.0,100.0,3.788481945577113,0.32188951231685586,2.749566,4.200149,2.749566,-7.490444078947362e-05,0.0008336662749859857,-0.009611000000000036,0.005889999999999951,-0.0003815590460526315,0.0028977992855942626,-0.19407299999999994,0.0018599999999999728,ISC_CS_1.0CC_1.5CD_900ohm.csv,1,ISC,CC,1.0,1.5,900,CC_CC1.0_CD1.5_900ohm
0.2034777219233356,3.6832441054241163,-4.639447,4.639757,-4.639447,1.7280971508069938,0.8830320711200025,0.0,2.877245,2.54124,61.997665332885006,30.801129832023705,0.0,100.0,100.0,3.8653211925016815,0.4004875066317258,2.749566,4.200149,2.749566,-7.617541204170874e-05,0.0030463348553866868,-0.042781999999999876,0.08060499999999982,-0.0006828153380423814,0.0018781581646330728,-0.08618599999999965,0.001550999999999969,ISC_CS_1.6CC_1.6CD_20ohm.csv,1,ISC,CC,1.6,1.6,20,CC_CC1.6_CD1.6_20ohm
0.15872495485678736,3.4115397763847595,-2.89993,5.80171,-2.89435,1.6654853424657534,0.8933138238796908,0.0,2.92817,2.64475,59.28941762141967,30.92737001844754,0.0,100.0,100.0,3.8140360054483184,0.3726253608865047,2.749876,4.200769,2.749876,-9.809405169729064e-05,0.0006601109185055716,-0.006819999999999382,0.013021000000000171,-0.0008133322952351293,0.003343683366190459,-0.029769999999999852,0.02232999999999996,ISC_CS_2.0CC_1.0CD_30ohm.csv,1,ISC,CC,2.0,1.0,30,CC_CC2.0_CD1.0_30ohm
0.022104668386146165,3.775145557606005,-5.80357,2.90737,-5.80171,1.486801320928519,0.8271020400599398,0.0,2.67819,2.64468,55.696000939572585,30.94549933080743,0.0,100.0,100.0,3.805921448968313,0.3361400202677772,2.749876,4.200149,2.749876,-8.37613343162551e-05,0.0006737459177209772,-0.012091000000000296,0.007441000000000031,-0.0004298912642830815,0.002794665729773258,-0.02417999999999987,0.016739999999999977,ISC_CS_1.0CC_2.0CD_200ohm.csv,1,ISC,CC,1.0,2.0,200,CC_CC1.0_CD2.0_200ohm
0.013695361210183167,2.4707511509663322,-2.610987,2.610987,-2.609127,1.461862287664494,0.828635903227284,0.0,2.747236,2.715912,53.47482238347066,30.27514432047471,0.0,100.0,100.0,3.762651730168491,0.3009150114045267,2.749566,4.200149,2.749566,-5.915118710788542e-05,0.0006925182378414532,-0.008061000000000096,0.006200999999999901,-0.00024945749784721367,0.0020891235390381475,-0.1522199999999998,0.0018600000000001948,ISC_CS_0.9CC_0.9CD_300ohm.csv,1,ISC,CC,0.9,0.9,300,CC_CC0.9_CD0.9_300ohm
0.022252538197096862,3.8516760736118565,-4.349888,4.349888,-4.349268,1.521908969633308,0.8246850538367284,0.0,2.642831,2.608562,57.853766195569136,31.277649830556868,0.0,100.0,100.0,3.8059408548510314,0.34129505569947477,2.749566,4.200459,2.749566,-0.00011046752006113867,0.0009923638596793889,-0.010850999999999722,0.010540999999999912,-0.0007206153993121896,0.004667871996764523,-0.25359599999999993,0.0012400000000000189,ISC_CS_1.5CC_1.5CD_200ohm.csv,1,ISC,CC,1.5,1.5,200,CC_CC1.5_CD1.5_200ohm
0.0002025811216824756,2.4714113494186676,-2.898624,2.319383,-2.898252,1.417451689784677,0.8053060099357505,0.0,2.664787,2.664787,53.194429281422146,30.22188995410141,0.0,100.0,100.0,3.761784884076114,0.29961051909087766,2.749566,4.200149,2.749566,-5.330040070122717e-05,0.0006923741889869216,-0.007750999999999841,0.006820999999999966,-0.00021787578261958426,0.0020051528793277483,-0.15513399999999988,0.0013019999999999143,ISC_CS_0.8CC_1.0CD_800ohm.csv,1,ISC,CC,0.8,1.0,800,CC_CC0.8_CD1.0_800ohm
0.008074113910305235,2.45372450178263,-4.348649,1.449343,-4.348028,1.3897771460527744,0.7968107163494602,0.0,2.693853,2.675335,51.67346866109241,29.620390536798677,0.0,100.0,100.0,3.769166960690628,0.28250775226662744,2.748326,4.200149,2.748326,-3.902606712284134e-05,0.0007578989141297702,-0.013021000000000171,0.005271000000000026,-9.438318670576735e-05,0.0009496465468755102,-0.07316499999999992,0.0006209999999997606,ISC_CS_0.5CC_1.5CD_500ohm.csv,1,ISC,CC,0.5,1.5,500,CC_CC0.5_CD1.5_500ohm
0.021816469729344753,3.5831780087839484,-4.0594,4.0594,-4.05909,1.5188279871794872,0.8209803272766162,0.0,2.646018,2.6091,57.688331463675205,31.107632356022286,0.0,100.0,100.0,3.8082958141025642,0.3482799830538031,2.749876,4.200149,2.749876,-9.542465265407918e-05,0.0009271583350400178,-0.010231000000000101,0.011471000000000231,-0.0006197084075525472,0.004137075128415022,-0.2424360000000001,0.0003100000000006986,ISC_CS_1.4CC_1.4CD_500ohm.csv,1,ISC,CC,1.4,1.4,500,CC_CC1.4_CD1.4_500ohm
0.0574676705452888,4.766731524816328,-5.79985,5.80171,-5.79427,1.6762393680127767,0.8603025901454876,0.0,2.75692,2.68595,61.26964001825234,31.277708413426158,0.0,100.0,100.0,3.853113184576774,0.3812086778005995,2.749876,4.200769,2.749876,-0.00014520908468386223,0.0008207259750590398,-0.011781000000000041,0.013330999999999982,-0.0011922414973750285,0.003972044657918459,-0.02976000000000001,0.02418000000000009,ISC_CS_2.0CC_2.0CD_100ohm.csv,1,ISC,CC,2.0,2.0,100,CC_CC2.0_CD2.0_100ohm
0.010871783045977653,3.2463567290691278,-4.349268,2.900856,-4.348958,1.4760204891443167,0.8144368938611538,0.0,2.640731,2.622662,56.0130231321839,30.88173673064473,0.0,100.0,100.0,3.8115694248084293,0.32722281389182173,2.748946,4.200149,2.748946,-8.81244011497924e-05,0.0009217285690688845,-0.013641000000000236,0.00558000000000014,-0.000370667358671351,0.0033830886558339616,-0.22848500000000005,0.0012399999999996858,ISC_CS_1.0CC_1.5CD_600ohm.csv,1,ISC,CC,1.0,1.5,600,CC_CC1.0_CD1.5_600ohm
0.0016936904699164025,1.7558238453942616,-1.449777,2.318825,-1.449591,1.4036899365832236,0.8014517728315407,0.0,2.685436,2.678372,52.34736082564778,29.881168771089897,0.0,100.0,100.0,3.7385472715854196,0.2936140651803548,2.749876,4.200149,2.749876,-4.1942370201177194e-05,0.0005058395004971042,-0.00434100000000015,0.007440999999999587,-0.00015288834226478084,0.001307886382052343,-0.11477000000000004,0.0014880000000000448,ISC_CS_0.8CC_0.5CD_800ohm.csv,1,ISC,CC,0.8,0.5,800,CC_CC0.8_CD0.5_800ohm
0.07415338197722857,2.969323789339375,-4.349578,2.319879,-4.348958,1.5000096031657872,0.8483916539508831,0.0,2.808433,2.663829,54.1996851707859,30.49949960055643,0.0,100.0,100.0,3.7889486239933348,0.3111462799579331,2.748326,4.200149,2.748326,-5.1454583333333405e-05,0.0008852541738033615,-0.013641000000000236,0.004959999999999631,-0.00024181555555555543,0.0025982113619365957,-0.19841200000000025,0.0006209999999997606,ISC_CS_0.8CC_1.5CD_50ohm.csv,1,ISC,CC,0.8,1.5,50,CC_CC0.8_CD1.5_50ohm
-0.010884357157894676,2.214621546750993,-1.450583,4.348338,-1.449963,1.398495527368421,0.7727397550001516,0.0,2.547943,2.547943,54.99855587368422,30.417987332088828,0.0,100.0,100.0,3.731031941052631,0.34326076470765876,2.748946,4.200149,2.748946,-8.767245735944415e-05,0.0006153388437269509,-0.008369999999999767,0.011471000000000231,-0.0003968436512950095,0.0022452778874125644,-0.11625700000000005,0.0012399999999999078,ISC_CS_1.5CC_0.5CD_600ohm.csv,1,ISC,CC,1.5,0.5,600,CC_CC1.5_CD0.5_600ohm
0.0013056505766066342,3.2836812120341285,-4.348958,2.900546,-4.348649,1.4377628487644152,0.8000713912169274,0.0,2.594033,2.591243,55.44479243822076,30.849675610637473,0.0,100.0,100.0,3.7915897780889627,0.32668861169467994,2.749566,4.200149,2.749566,-7.86288727752142e-05,0.0009766187441656233,-0.013641000000000236,0.006201000000000345,-0.00038231377719182604,0.0032252050896862364,-0.20616400000000024,0.0009299999999998754,ISC_CS_1.0CC_1.5CD_400ohm.csv,1,ISC,CC,1.0,1.5,400,CC_CC1.0_CD1.5_400ohm
0.034789298412698844,3.1998182643840365,-4.349268,2.900546,-4.348958,1.5459665644746787,0.8474464719935223,0.0,2.750508,2.684276,56.61156143613,30.935178576729996,0.0,100.0,100.0,3.8209086444444442,0.32701065342201574,2.748326,4.200149,2.748326,-7.430530772720394e-05,0.000928706988769672,-0.013021000000000171,0.007750000000000146,-0.0003508527143505217,0.0032806482295713105,-0.230035,0.0012399999999999078,ISC_CS_1.0CC_1.5CD_200ohm.csv,1,ISC,CC,1.0,1.5,200,CC_CC1.0_CD1.5_200ohm
0.05516424772288147,2.8522416966561193,-3.190414,3.190414,-3.190104,1.5546019595638971,0.8520221661791776,0.0,2.799672,2.687279,56.36901442174993,30.691984189762977,0.0,100.0,100.0,3.8092235662434453,0.33513878351540677,2.749256,4.200149,2.749256,-7.305411374930977e-05,0.0008732505424231097,-0.012090999999999852,0.010850000000000026,-0.00036043442849254545,0.0030441286856213424,-0.2123630000000003,0.0021700000000000053,ISC_CS_1.1CC_1.1CD_700ohm.csv,1,ISC,CC,1.1,1.1,700,CC_CC1.1_CD1.1_700ohm
0.007134982934609038,3.2613479748852168,-4.347098,2.898996,-4.346478,1.4812783405103669,0.8197027326497224,0.0,2.66132,2.646592,55.7564004784689,30.83462290691304,0.0,100.0,100.0,3.7972944585326953,0.3318880668842645,2.749256,4.200149,2.749256,-7.567485641352906e-05,0.0008986737984585557,-0.010231000000000101,0.00992100000000029,-0.00036996617740906194,0.00284594132146781,-0.18291199999999996,0.0009299999999998754,ISC_CS_1.0CC_1.5CD_1000ohm.csv,1,ISC,CC,1.0,1.5,1000,CC_CC1.0_CD1.5_1000ohm
0.026557882034848615,4.043968750793805,-4.929006,4.929006,-4.928075,1.5545553256559184,0.7930999234384817,0.0,2.562216,2.520259,60.974682675746045,31.005926303489257,0.0,100.0,100.0,3.8286286451031435,0.41913175185354634,2.749876,4.200149,2.749876,-0.0001082055700260469,0.0008690121705258709,-0.007749999999999702,0.013641000000000236,-0.0008711737126828291,0.0031835356517827106,-0.1382690000000002,0.0009310000000004592,ISC_CS_1.7CC_1.7CD_400ohm.csv,1,ISC,CC,1.7,1.7,400,CC_CC1.7_CD1.7_400ohm
0.009022738669238159,3.4639347842648944,-5.80171,2.32701,-5.79799,1.4757093715846996,0.8331306757703763,0.0,2.72856,2.71117,54.16638352619736,30.567212999290756,0.0,100.0,100.0,3.792779494374799,0.32463056732871487,2.749876,4.200149,2.749876,-6.120643086816715e-05,0.0006379948903653581,-0.013020999999999727,0.006200999999999901,-0.00027961575562700973,0.002611266958413221,-0.022320000000000118,0.016739999999999977,ISC_CS_0.8CC_2.0CD_1000ohm.csv,1,ISC,CC,0.8,2.0,1000,CC_CC0.8_CD2.0_1000ohm
0.05220807017284675,3.0837773819820984,-3.479353,3.479973,-3.479043,1.576622949771015,0.8582115823292885,0.0,2.794994,2.696265,57.137036755798505,30.911663219317695,0.0,100.0,100.0,3.814753620032501,0.33489736021040817,2.748636,4.200149,2.748636,-7.824929806413493e-05,0.0009210255852299907,-0.013640999999999792,0.008990000000000276,-0.0004284935717452342,0.0032852033442736794,-0.2070940000000001,0.0009300000000003195,ISC_CS_1.2CC_1.2CD_200ohm.csv,1,ISC,CC,1.2,1.2,200,CC_CC1.2_CD1.2_200ohm
0.010909296320206447,3.459571060657675,-5.80171,2.32701,-5.79613,1.4700184602969657,0.8294217789833457,0.0,2.71439,2.69725,54.238047191736605,30.589274935621404,0.0,100.0,100.0,3.7936396376694637,0.32612981626656273,2.749876,4.200149,2.749876,-6.271456247981923e-05,0.0006323015470985197,-0.011780000000000346,0.006201000000000345,-0.00028018889247659014,0.0026105261181908956,-0.018600000000000172,0.020469999999999988,ISC_CS_0.8CC_2.0CD_500ohm.csv,1,ISC,CC,0.8,2.0,500,CC_CC0.8_CD2.0_500ohm
0.0063684911653762106,2.003786513040178,-2.898996,1.449591,-2.89881,1.3495913003772086,0.7750651710539194,0.0,2.620908,2.605703,51.586475620408976,29.619456715717078,0.0,100.0,100.0,3.7562622405201505,0.2788437450991833,2.749256,4.200149,2.749256,-4.0353057982525836e-05,0.000573242200511644,-0.007749999999999702,0.0049600000000000755,-8.637589356632248e-05,0.0006496234047920312,-0.04706100000000002,0.0013020000000000254,ISC_CS_0.5CC_1.0CD_700ohm.csv,1,ISC,CC,0.5,1.0,700,CC_CC0.5_CD1.0_700ohm
0.004721362018240944,2.8524622279855416,-3.190414,3.190104,-3.189484,1.4538557034421888,0.7927644452957411,0.0,2.570042,2.553378,56.706922433068556,30.89025956467491,0.0,100.0,100.0,3.786008768461312,0.3581000123869266,2.749256,4.200149,2.749256,-7.431165391406714e-05,0.0008146940790087546,-0.008061000000000096,0.011780999999999597,-0.00038424028840494407,0.0021507508035738783,-0.11594700000000024,0.0037199999999999456,ISC_CS_1.1CC_1.1CD_1000ohm.csv,1,ISC,CC,1.1,1.1,1000,CC_CC1.1_CD1.1_1000ohm
0.005064829612034972,3.186689869208032,-2.898996,4.348958,-2.898685,1.4822732899445763,0.8155548522071067,0.0,2.632599,2.621766,56.41061786223278,31.01388935332601,0.0,100.0,100.0,3.7835762440221696,0.3299582175441467,2.749566,4.200149,2.749566,-0.00011167194677649299,0.0008509691157332712,-0.010231000000000101,0.009301000000000226,-0.0005970079201647394,0.00438055743959104,-0.27560699999999994,0.0012400000000000189,ISC_CS_1.5CC_1.0CD_700ohm.csv,1,ISC,CC,1.5,1.0,700,CC_CC1.5_CD1.0_700ohm
0.011066989968014118,2.9924912195867703,-4.349578,2.320189,-4.349578,1.4281715332945624,0.8044502162917194,0.0,2.640094,2.621568,54.206227987787145,30.515187548315193,0.0,100.0,100.0,3.783012404768828,0.3150774012704194,2.749566,4.200149,2.749566,-5.9019051774287445e-05,0.0009136113306497019,-0.014260999999999857,0.006201000000000345,-0.0002531198371146015,0.002315718936854942,-0.16337999999999964,0.0009299999999998754,ISC_CS_0.8CC_1.5CD_200ohm.csv,1,ISC,CC,0.8,1.5,200,CC_CC0.8_CD1.5_200ohm
0.005930792272309244,3.634163774043455,-4.057539,4.05785,-4.05723,1.48464852125115,0.8097382056237673,0.0,2.61062,2.596605,56.983506734130636,31.052353343517474,0.0,100.0,100.0,3.790269826310948,0.3474550816237065,2.749566,4.200149,2.749566,-8.314006994294124e-05,0.0011231039511012404,-0.013330999999999982,0.017050999999999927,-0.0006404682495858641,0.004025546888146502,-0.21236399999999955,0.0012389999999999901,ISC_CS_1.4CC_1.4CD_800ohm.csv,1,ISC,CC,1.4,1.4,800,CC_CC1.4_CD1.4_800ohm
0.011158425597874444,4.382925938305626,-5.80357,4.35454,-5.79799,1.5364113950398581,0.8212434497527364,0.0,2.62185,2.60971,58.67975524800709,31.343115418610836,0.0,100.0,100.0,3.8232929154118693,0.36884827256987307,2.749876,4.200149,2.749876,-0.00011387062472308378,0.0007928773127476607,-0.010851000000000166,0.012401000000000106,-0.0008340451927337175,0.0035065993791107215,-0.020469999999999988,0.016740000000000088,ISC_CS_1.5CC_2.0CD_600ohm.csv,1,ISC,CC,1.5,2.0,600,CC_CC1.5_CD2.0_600ohm
0.07950470477865743,2.9623505600726427,-2.898996,4.348958,-2.898685,1.5451569236294342,0.8155616502629752,0.0,2.671257,2.509919,59.22404566109645,30.806937504786905,0.0,100.0,100.0,3.799940413661683,0.3956859114855505,2.749256,4.200149,2.749256,-8.10051319648094e-05,0.001215038555650521,-0.034102999999999994,0.05952400000000013,-0.0005525353372434017,0.002569199811189679,-0.11718799999999963,0.0006209999999997606,ISC_CS_1.5CC_1.0CD_50ohm.csv,1,ISC,CC,1.5,1.0,50,CC_CC1.5_CD1.0_50ohm
0.11692423298346083,3.3419181402196427,-3.769221,3.769531,-3.769221,1.5999872173982186,0.8793005164558435,0.0,2.860644,2.652951,57.39456922709923,31.097784386156672,0.0,100.0,100.0,3.807936285782443,0.33939792376062444,2.749256,4.200149,2.749256,-7.230178173719379e-05,0.0009813536076181987,-0.012711000000000361,0.012710999999999917,-0.0005073948456888323,0.004028752744408032,-0.25266600000000006,0.0009299999999998754,ISC_CS_1.3CC_1.3CD_30ohm.csv,1,ISC,CC,1.3,1.3,30,CC_CC1.3_CD1.3_30ohm
0.004559950410306214,1.6747309870805778,-1.739397,1.739397,-1.739025,1.3621426209300274,0.7783031946919937,0.0,2.612048,2.596915,52.28593885996647,29.86246413227418,0.0,100.0,100.0,3.740285325421336,0.30004595347541796,2.749876,4.200149,2.749876,-3.5540993734003995e-05,0.00048656518751775366,-0.0049600000000000755,0.0071310000000002205,-0.0001023385402877063,0.0005725836979915508,-0.03292399999999995,0.00037200000000003897,ISC_CS_0.6CC_0.6CD_700ohm.csv,1,ISC,CC,0.6,0.6,700,CC_CC0.6_CD0.6_700ohm
0.03297559928254903,2.5371705410654126,-1.45833,5.80543,-1.45275,1.5539623580924244,0.861198195335994,0.0,2.86317,2.77318,55.36306847436168,30.467563262047115,0.0,100.0,100.0,3.7596621065625664,0.33496393633189336,2.749876,4.200149,2.749876,-5.767876741241035e-05,0.0006551912350024074,-0.003100000000000769,0.021392000000000078,-0.0005506152384972563,0.003148808864932656,-0.024180000000000312,0.01859999999999995,ISC_CS_2.0CC_0.5CD_500ohm.csv,1,ISC,CC,2.0,0.5,500,CC_CC2.0_CD0.5_500ohm
0.18452688166965733,1.902547973927813,-2.02939,2.02939,-2.028832,1.5075375387666448,0.8810290661717561,0.0,3.026942,2.482165,53.54914822929456,30.24367666877726,0.0,100.0,100.0,3.777106884502786,0.3046711910215028,2.749566,4.200149,2.749566,-4.3953811277982365e-05,0.0006118592274288156,-0.00868100000000016,0.016121000000000052,-0.00013686908472655145,0.0008610469807922873,-0.058408000000000015,0.0007439999999996338,ISC_CS_0.7CC_0.7CD_20ohm.csv,1,ISC,CC,0.7,0.7,20,CC_CC0.7_CD0.7_20ohm
0.014659632814315765,4.463489126401234,-5.22507,5.22507,-5.21949,1.520691935858703,0.8042795047205428,0.0,2.56862,2.54338,59.39486462932837,31.35492702847577,0.0,100.0,100.0,3.818637600278875,0.37415551414439596,2.749876,4.200149,2.749876,-0.00011799651243896785,0.0008335069345769427,-0.010851000000000166,0.010851000000000166,-0.0010803464310625438,0.004070797504398706,-0.05952000000000002,0.02418000000000009,ISC_CS_1.8CC_1.8CD_900ohm.csv,1,ISC,CC,1.8,1.8,900,CC_CC1.8_CD1.8_900ohm
0.0002296847143593127,2.2107023355896547,-1.450583,4.348338,-1.449343,1.4290209726196603,0.7888311399245026,0.0,2.596811,2.580197,55.240908121461665,30.455569952848045,0.0,100.0,100.0,3.7297475572825523,0.34330635883963945,2.749256,4.200149,2.749256,-7.08579223720787e-05,0.0006755315921819285,-0.007749999999999702,0.016432000000000002,-0.0003878679089879543,0.0023698656482697067,-0.13981900000000014,0.0012399999999999078,ISC_CS_1.5CC_0.5CD_800ohm.csv,1,ISC,CC,1.5,0.5,800,CC_CC1.5_CD0.5_800ohm
0.07056775906735688,4.513615488199468,-5.22507,5.22135,-5.21949,1.6293948164939553,0.8749949991016588,0.0,2.80126,2.69744,58.89449004749568,31.397122509028723,0.0,100.0,100.0,3.82140662521589,0.36478797376321515,2.749876,4.200149,2.749876,-0.0001300341252699784,0.0007783124893565461,-0.010229999999999517,0.011471000000000231,-0.0010023736501079915,0.004914688676828538,-0.22321999999999997,0.016739999999999977,ISC_CS_1.8CC_1.8CD_20ohm.csv,1,ISC,CC,1.8,1.8,20,CC_CC1.8_CD1.8_20ohm
0.003873920045538212,1.6751851101119637,-1.739211,1.739397,-1.738839,1.3727065838514756,0.7842248859053658,0.0,2.632006,2.619428,52.26792679744286,29.850214288473172,0.0,100.0,100.0,3.7401284012610567,0.3007975547137173,2.749876,4.200149,2.749876,-3.671253394061485e-05,0.0004767210803859036,-0.004959999999999631,0.008680000000000021,-0.00010156766225803625,0.0005453248136808241,-0.02957500000000013,0.0005579999999999474,ISC_CS_0.6CC_0.6CD_800ohm.csv,1,ISC,CC,0.6,0.6,800,CC_CC0.6_CD0.6_800ohm
0.05136513123924259,2.5693333895451027,-1.45833,5.80171,-1.45275,1.53168482035284,0.8542229669292073,0.0,2.84742,2.72246,55.31292757099828,30.536577445441438,0.0,100.0,100.0,3.7578247028829606,0.33297696544787747,2.749876,4.200149,2.749876,-7.048321497740482e-05,0.0005532464408635843,-0.0037200000000003897,0.017672000000000132,-0.0005615978050355068,0.0031957658042994345,-0.039060000000000095,0.02418000000000009,ISC_CS_2.0CC_0.5CD_100ohm.csv,1,ISC,CC,2.0,0.5,100,CC_CC2.0_CD0.5_100ohm
0.09000961997348628,4.762831823112979,-5.80915,5.80357,-5.79613,1.7025879562527617,0.8763445125039335,0.0,2.81252,2.69165,61.31102620415378,31.267618447438533,0.0,100.0,100.0,3.853953720503756,0.3787539296269478,2.749876,4.200149,2.749876,-0.00013157338638373125,0.0008577945865123679,-0.012710999999999917,0.014571000000000112,-0.0011516777188328913,0.004639180184569451,-0.03533999999999993,0.020460000000000034,ISC_CS_2.0CC_2.0CD_50ohm.csv,1,ISC,CC,2.0,2.0,50,CC_CC2.0_CD2.0_50ohm
-0.0006190886899918283,3.461378083210825,-5.80357,2.33073,-5.80357,1.452471440195281,0.8184956297246258,0.0,2.67737,2.67221,54.27496405207486,30.58102237476439,0.0,100.0,100.0,3.795950078763222,0.3314091294721287,2.749876,4.200459,2.749876,-6.565782191111833e-05,0.0006156779872910694,-0.011470999999999787,0.006200000000000205,-0.0002861484616636821,0.002485577030320502,-0.018609999999999793,0.020469999999999988,ISC_CS_0.8CC_2.0CD_900ohm.csv,1,ISC,CC,0.8,2.0,900,CC_CC0.8_CD2.0_900ohm
0.1282395107585048,2.4221392952727028,-2.898996,2.319258,-2.898685,1.4857060753696356,0.8495092590541746,0.0,2.859248,2.562225,53.95002154105061,30.391191018252922,0.0,100.0,100.0,3.774986871018151,0.31193139201625425,2.748946,4.200149,2.748946,-3.947457015750873e-05,0.0007938172220929656,-0.010851000000000166,0.009611000000000036,-0.00020933894433088854,0.0020992997821797643,-0.17051099999999986,0.0006200000000000649,ISC_CS_0.8CC_1.0CD_30ohm.csv,1,ISC,CC,0.8,1.0,30,CC_CC0.8_CD1.0_30ohm
0.004354647734628006,3.1849629527719556,-3.479353,3.479353,-3.479043,1.4649734074433658,0.8106492326550246,0.0,2.633745,2.620908,55.73019040453074,30.817000873911834,0.0,100.0,100.0,3.7814602676375406,0.3277782852618011,2.748946,4.200149,2.748946,-8.013936549044998e-05,0.001018741742255564,-0.013330999999999982,0.013951000000000047,-0.0004694457753318226,0.00361736730727831,-0.22507499999999991,0.0003100000000002545,ISC_CS_1.2CC_1.2CD_800ohm.csv,1,ISC,CC,1.2,1.2,800,CC_CC1.2_CD1.2_800ohm
0.057124258071413185,2.5526320960662394,-1.46019,5.81659,-1.45275,1.5395601892238617,0.8573912769264784,0.0,2.86899,2.71735,55.48218774855676,30.50936608186467,0.0,100.0,100.0,3.761661024374599,0.33505785964325097,2.749876,4.200149,2.749876,-5.0918520102651826e-05,0.0007652132870009351,-0.0030999999999998806,0.0260419999999999,-0.0005597059452523524,0.0034843804225165365,-0.039060000000000095,0.020459999999999923,ISC_CS_2.0CC_0.5CD_200ohm.csv,1,ISC,CC,2.0,0.5,200,CC_CC2.0_CD0.5_200ohm
0.035925839132214366,4.184202692831066,-4.36384,5.80543,-4.35268,1.623866841997544,0.8465792262466018,0.0,2.71382,2.67035,60.18292783462955,31.26328071153327,0.0,100.0,100.0,3.824756919361441,0.37680311600853283,2.749876,4.200459,2.749876,-0.00012536629811629805,0.0007876909459649795,-0.00899100000000086,0.013641000000000236,-0.0010675491400491404,0.004068663208947727,-0.02417999999999987,0.022319999999999895,ISC_CS_2.0CC_1.5CD_300ohm.csv,1,ISC,CC,2.0,1.5,300,CC_CC2.0_CD1.5_300ohm
0.015284152232314392,2.4416301787561854,-2.608445,2.608445,-2.607887,1.3978551505692722,0.7882981153176091,0.0,2.595384,2.558696,54.17891243443777,30.50126283961063,0.0,100.0,100.0,3.76627953869771,0.3132462726051635,2.748946,4.200149,2.748946,-6.692309660908512e-05,0.0006742652018486621,-0.008370999999999906,0.00682000000000027,-0.0002598930262316059,0.0017733217401054602,-0.11067699999999991,0.004092999999999902,ISC_CS_0.9CC_0.9CD_200ohm.csv,1,ISC,CC,0.9,0.9,200,CC_CC0.9_CD0.9_200ohm
0.022350410869565008,4.200115977715171,-4.35268,5.80171,-4.3471,1.5294401826086956,0.7998900527697763,0.0,2.56473,2.53969,59.84752621739131,31.233624551225354,0.0,100.0,100.0,3.817365245,0.3809747955155721,2.749876,4.200149,2.749876,-0.0001365354501957373,0.0007772022093694817,-0.009610999999999592,0.012710999999999917,-0.0011343562418442803,0.004186062630805433,-0.033479999999999954,0.020460000000000145,ISC_CS_2.0CC_1.5CD_900ohm.csv,1,ISC,CC,2.0,1.5,900,CC_CC2.0_CD1.5_900ohm
0.02456028275486108,3.6300258666850755,-4.0594,4.05971,-4.05909,1.5022304577503178,0.8208992953244186,0.0,2.644732,2.600069,57.15514995457024,31.143538878012244,0.0,100.0,100.0,3.79553343794294,0.34636612271181605,2.748946,4.200149,2.748946,-9.676477004181053e-05,0.001062264325059009,-0.012090999999999852,0.013641000000000236,-0.0006331708780221778,0.005244400045959985,-0.31498000000000026,0.0006199999999999539,ISC_CS_1.4CC_1.4CD_100ohm.csv,1,ISC,CC,1.4,1.4,100,CC_CC1.4_CD1.4_100ohm
0.030099607542205857,4.4251482264955895,-5.22507,5.22321,-5.21949,1.604383157202368,0.8435660101060601,0.0,2.70319,2.66861,59.5979771979829,31.259918765624715,0.0,100.0,100.0,3.835126803551853,0.3696682887631898,2.749876,4.200149,2.749876,-0.00013029129194998913,0.0008013909404798464,-0.009301000000000226,0.012090999999999852,-0.0010179842070629525,0.004009425128177421,-0.039060000000000095,0.014880000000000004,ISC_CS_1.8CC_1.8CD_500ohm.csv,1,ISC,CC,1.8,1.8,500,CC_CC1.8_CD1.8_500ohm
0.05350119686183327,3.115975954598876,-2.898996,4.348958,-2.898685,1.5994960379195118,0.8707250178400893,0.0,2.845157,2.739208,57.139280473630684,30.866795390046804,0.0,100.0,100.0,3.8030441673688795,0.33622122099689933,2.749256,4.200149,2.749256,-8.23144891730854e-05,0.0008155891626221906,-0.009919999999999707,0.008680000000000021,-0.0005477721261444557,0.0039713154167537595,-0.2659970000000005,0.0009299999999994313,ISC_CS_1.5CC_1.0CD_900ohm.csv,1,ISC,CC,1.5,1.0,900,CC_CC1.5_CD1.0_900ohm
0.004294739176346153,2.950882554414749,-3.190104,3.190104,-3.189794,1.445292451199276,0.8063365847384789,0.0,2.630727,2.620753,55.02357058379846,30.68272630823732,0.0,100.0,100.0,3.775403769497662,0.32023722824950773,2.749566,4.200149,2.749566,-6.858140938584574e-05,0.0009777726998567815,-0.012710999999999917,0.012710999999999917,-0.0003937584125547005,0.003333290714452161,-0.22104400000000002,0.0009299999999998754,ISC_CS_1.1CC_1.1CD_800ohm.csv,1,ISC,CC,1.1,1.1,800,CC_CC1.1_CD1.1_800ohm
-0.0007708788107834009,2.447357004809167,-2.608445,2.608445,-2.607515,1.4201126582262535,0.7999241955700869,0.0,2.628059,2.628059,54.04276887125221,30.442003130858353,0.0,100.0,100.0,3.7663017389770723,0.3086792699469349,2.749256,4.200149,2.749256,-6.4886970766129e-05,0.0006769523192569004,-0.007130999999999776,0.008061000000000096,-0.00025553200604838704,0.001978328048672082,-0.13448599999999988,0.00483699999999998,ISC_CS_0.9CC_0.9CD_800ohm.csv,1,ISC,CC,0.9,0.9,800,CC_CC0.9_CD0.9_800ohm
0.002705958391902775,2.7036042472183484,-2.898252,2.898624,-2.897694,1.4107052421984818,0.7927547454174877,0.0,2.592299,2.587103,54.46435937587855,30.599171939529096,0.0,100.0,100.0,3.7576250049198765,0.3239616549610096,2.749566,4.200149,2.749566,-6.77841676040495e-05,0.0006892153629886169,-0.008369999999999767,0.0065109999999997115,-0.0003260440101237346,0.002558924480713127,-0.1822919999999999,0.0020459999999999923,ISC_CS_1.0CC_1.0CD_600ohm.csv,1,ISC,CC,1.0,1.0,600,CC_CC1.0_CD1.0_600ohm
0.026238002471169596,4.1707005664278025,-4.35268,5.80357,-4.34896,1.6122455107084022,0.8384400876081282,0.0,2.69212,2.65927,60.151573270181224,31.197325969396058,0.0,100.0,100.0,3.8274203990939046,0.3750645349059798,2.749876,4.200149,2.749876,-0.00012895138030490324,0.0007873186693493756,-0.008370999999999462,0.015190999999999732,-0.0010729975278121137,0.00432596886391617,-0.04463999999999935,0.022319999999999895,ISC_CS_2.0CC_1.5CD_600ohm.csv,1,ISC,CC,2.0,1.5,600,CC_CC2.0_CD1.5_600ohm
0.37250509367194007,2.2883213908366864,-2.898996,2.319258,-2.898685,1.7618429039342214,1.040650354705367,0.0,3.447098,2.453444,55.68314947960033,30.740156582491085,0.0,100.0,100.0,3.8208182381348874,0.31472269142543546,2.748636,4.200149,2.748636,-4.160056214865716e-05,0.000719884871670396,-0.010231000000000101,0.005579999999999696,-0.00018105465334166144,0.0018369251376420181,-0.16152100000000003,0.0030999999999999917,ISC_CS_0.8CC_1.0CD_10ohm.csv,1,ISC,CC,0.8,1.0,10,CC_CC0.8_CD1.0_10ohm
0.005237056564608423,3.4213142213630574,-3.770771,3.770771,-3.769841,1.4778110596782563,0.813759375969025,0.0,2.63331,2.617017,56.25368802975263,30.947043391651412,0.0,100.0,100.0,3.7826870264660095,0.33592670516745077,2.748946,4.200149,2.748946,-7.011524485205054e-05,0.0011008436059357,-0.012710999999999917,0.015500999999999987,-0.0005521775393666724,0.003967036864839304,-0.22228400000000015,0.0006200000000000649,ISC_CS_1.3CC_1.3CD_800ohm.csv,1,ISC,CC,1.3,1.3,800,CC_CC1.3_CD1.3_800ohm
-0.0014169577934574978,2.445494053263922,-2.608445,2.608445,-2.607887,1.3946482645285438,0.7848231121938314,0.0,2.581004,2.581004,54.05560642719692,30.421417008298818,0.0,100.0,100.0,3.7554598257857603,0.32068638239186437,2.749256,4.200149,2.749256,-6.110496599512383e-05,0.000657490659178335,-0.006200999999999901,0.0071310000000002205,-0.0002602925702553573,0.0015499104116879377,-0.09226199999999984,0.0029760000000000897,ISC_CS_0.9CC_0.9CD_900ohm.csv,1,ISC,CC,0.9,0.9,900,CC_CC0.9_CD0.9_900ohm
0.1752723432912696,2.6465824326201184,-2.899926,2.900236,-2.899306,1.556164721607005,0.8847267514316831,0.0,2.941759,2.563395,55.53572463301571,30.782955923290285,0.0,100.0,100.0,3.7984032181303116,0.3142294583738467,2.749566,4.200149,2.749566,-7.055692941782588e-05,0.0008316853272452022,-0.011160999999999976,0.007750999999999841,-0.00029875953116950026,0.002680609335033024,-0.1965530000000002,0.0009299999999998754,ISC_CS_1.0CC_1.0CD_20ohm.csv,1,ISC,CC,1.0,1.0,20,CC_CC1.0_CD1.0_20ohm
-0.000997261987147532,3.3820788502352843,-3.769221,3.769221,-3.769221,1.5388733290492667,0.8408611576680812,0.0,2.710315,2.701088,56.85083982534191,31.04730765794956,0.0,100.0,100.0,3.7970004575712633,0.3385160005908927,2.749256,4.200149,2.749256,-8.640893357507826e-05,0.0010265842901197456,-0.012710999999999917,0.014881000000000366,-0.0005256080435140926,0.0043640963906192,-0.27281699999999987,0.0006200000000000649,ISC_CS_1.3CC_1.3CD_300ohm.csv,1,ISC,CC,1.3,1.3,300,CC_CC1.3_CD1.3_300ohm
0.03024434674276165,2.9211095696972302,-4.349888,2.319879,-4.348958,1.474302597577951,0.8187720741112454,0.0,2.677115,2.616793,55.41072693485523,30.70314439471054,0.0,100.0,100.0,3.7887199407015593,0.3690179905364782,2.749876,4.200149,2.749876,-4.139626844890011e-05,0.0006583063054435136,-0.006820999999999966,0.010540999999999912,-0.00024211932609301024,0.001286780629350314,-0.080295,0.0009300000000003195,ISC_CS_0.8CC_1.5CD_1000ohm.csv,1,ISC,CC,0.8,1.5,1000,CC_CC0.8_CD1.5_1000ohm
0.32200166165305794,3.4404090268999887,-4.640687,5.090216,-4.640067,1.9646157265434752,0.9415797932510365,0.0,3.157364,2.519779,65.05517341355107,29.472236665873574,0.0,100.0,100.0,3.9287465361696032,0.4014760992411296,2.749566,4.197049,2.749566,-8.363461814013465e-05,0.0011712432119533726,-0.017670999999999992,0.06045400000000001,-0.0006446493767015332,0.001616792895869015,-0.028831999999999525,0.025731999999999644,ISC_CS_1.6CC_1.6CD_10ohm.csv,1,ISC,CC,1.6,1.6,10,CC_CC1.6_CD1.6_10ohm
0.017906038248564595,2.253820469123777,-1.450893,4.347718,-1.450273,1.4456173036300246,0.8068272916287221,0.0,2.674235,2.611156,54.841500389663665,30.466257460542998,0.0,100.0,100.0,3.7363505169196065,0.3309379188831529,2.749566,4.200149,2.749566,-6.0000717948717954e-05,0.0007160083926606222,-0.00527000000000033,0.019840999999999998,-0.00038652317948717946,0.0025214075286952545,-0.14477900000000066,0.0018599999999999728,ISC_CS_1.5CC_0.5CD_200ohm.csv,1,ISC,CC,1.5,0.5,200,CC_CC1.5_CD0.5_200ohm
0.060572063923125044,4.315347256465022,-5.80543,4.35268,-5.79985,1.6129039043242113,0.8564261606833528,0.0,2.74207,2.67223,59.24231330687278,31.32463964316321,0.0,100.0,100.0,3.8393444535199492,0.36709904522810793,2.749876,4.200459,2.749876,-0.00011202173458725179,0.0007603398179376882,-0.012399999999999967,0.012710000000000221,-0.0007860313479623827,0.0036351509279649117,-0.02232000000000056,0.020459999999999923,ISC_CS_1.5CC_2.0CD_100ohm.csv,1,ISC,CC,1.5,2.0,100,CC_CC1.5_CD2.0_100ohm
0.38515454136184574,3.433759015326281,-5.80357,2.90737,-5.79985,1.9089099817107482,1.0612584389563506,0.0,3.42601,2.64301,58.30085893359594,31.152488827850362,0.0,100.0,100.0,3.8643864409116486,0.3322495298601392,2.749876,4.200459,2.749876,-5.649802983394321e-05,0.0006046515314799959,-0.011160999999999976,0.007439999999999891,-0.0003269476498733465,0.0032482864403662317,-0.022320000000000007,0.020459999999999923,ISC_CS_1.0CC_2.0CD_10ohm.csv,1,ISC,CC,1.0,2.0,10,CC_CC1.0_CD2.0_10ohm
0.02469279077890322,3.5374548481331733,-2.91295,5.81473,-2.89621,1.5268702200489,0.826219573704972,0.0,2.67527,2.63684,57.467417638840374,30.997656629672942,0.0,100.0,100.0,3.789805824310164,0.3547940430972,2.749876,4.200149,2.749876,-0.00011525541579315163,0.0007039220246385977,-0.006200999999999901,0.014260999999999857,-0.0009131603773584905,0.004824658854738935,-0.02790999999999988,0.024180000000000312,ISC_CS_2.0CC_1.0CD_700ohm.csv,1,ISC,CC,2.0,1.0,700,CC_CC2.0_CD1.0_700ohm
0.3779092647619046,1.9046196202133618,-1.450273,2.900236,-1.449343,1.6556307338528138,1.0367274123530283,0.0,3.479698,2.263306,56.08753183549784,30.68998842139403,0.0,100.0,100.0,3.8060630258008654,0.31734145638742167,2.749256,4.200149,2.749256,-4.316868721856593e-05,0.0006255991483343026,-0.009301000000000226,0.008059999999999956,-0.00020078273294076897,0.0018039662723448955,-0.1528400000000003,0.0015500000000000513,ISC_CS_1.0CC_0.5CD_10ohm.csv,1,ISC,CC,1.0,0.5,10,CC_CC1.0_CD0.5_10ohm
0.03566528697155435,3.24792951170356,-4.347098,2.898996,-4.346478,1.5033698110953952,0.8341386951595783,0.0,2.713626,2.64538,55.83435434543455,30.88325032262891,0.0,100.0,100.0,3.800734347791922,0.331176861011037,2.748946,4.200149,2.748946,-7.286260022009118e-05,0.0009236699254161751,-0.012711000000000361,0.008061000000000096,-0.0003646058795786826,0.002967447474564561,-0.1922130000000002,0.0009299999999998754,ISC_CS_1.0CC_1.5CD_100ohm.csv,1,ISC,CC,1.0,1.5,100,CC_CC1.0_CD1.5_100ohm
0.049113479272987835,1.9235560411412718,-1.450273,2.899926,-1.449653,1.489962423314531,0.8481046358843871,0.0,2.868635,2.710959,53.59703189184349,30.234407852360373,0.0,100.0,100.0,3.7556630693884863,0.305982234810646,2.749256,4.200149,2.749256,-4.5835228799140296e-05,0.000625863868313588,-0.007441000000000031,0.010231000000000101,-0.00020777191725620132,0.002093302366973405,-0.17826200000000014,0.0009299999999998754,ISC_CS_1.0CC_0.5CD_100ohm.csv,1,ISC,CC,1.0,0.5,100,CC_CC1.0_CD0.5_100ohm
0.01310272277227732,3.6258595494806123,-4.0594,4.0594,-4.05909,1.486253311881188,0.810415567760224,0.0,2.610177,2.583157,57.15822904290429,31.113308261955467,0.0,100.0,100.0,3.7958950806747342,0.34643252735913205,2.749256,4.200149,2.749256,-9.666801173881145e-05,0.0009757696190678536,-0.009300999999999782,0.013641000000000236,-0.0006382360601614088,0.004374059015364632,-0.2548360000000005,0.0003100000000006986,ISC_CS_1.4CC_1.4CD_300ohm.csv,1,ISC,CC,1.4,1.4,300,CC_CC1.4_CD1.4_300ohm
-0.0034547302910635353,3.014124210249733,-4.349578,2.320189,-4.348958,1.422314237384818,0.8032633592644501,0.0,2.649375,2.649375,53.84068563697528,30.41620641759353,0.0,100.0,100.0,3.778655919701623,0.30934738278434454,2.748326,4.200149,2.748326,-5.9645208485735283e-05,0.0009243733440060718,-0.014260999999999857,0.009610999999999592,-0.000254592684711046,0.0025658871417916593,-0.1857009999999999,0.0009310000000000151,ISC_CS_0.8CC_1.5CD_600ohm.csv,1,ISC,CC,0.8,1.5,600,CC_CC0.8_CD1.5_600ohm
0.003966488814514641,1.7539088821296336,-1.449777,2.319383,-1.449405,1.3991267824555222,0.7988643004511926,0.0,2.67713,2.663544,52.4100688479831,29.91045374722863,0.0,100.0,100.0,3.7397238022723274,0.29342591728914036,2.749876,4.200149,2.749876,-4.208412614517267e-05,0.00048022001853527873,-0.004649999999999821,0.006200000000000205,-0.00015325660676532768,0.0011046264683258196,-0.09263399999999988,0.0009299999999999864,ISC_CS_0.8CC_0.5CD_900ohm.csv,1,ISC,CC,0.8,0.5,900,CC_CC0.8_CD0.5_900ohm
0.04673414963568546,3.709028562685266,-5.80543,2.90365,-5.80171,1.5254413257508441,0.840412057011373,0.0,2.71895,2.64755,56.47031759374445,31.022050138935825,0.0,100.0,100.0,3.8266253652034834,0.34091948362937596,2.749876,4.200459,2.749876,-8.079804444444447e-05,0.000672552209760636,-0.012710999999999917,0.00837000000000021,-0.00041302933333333335,0.003060133510442786,-0.020459999999999923,0.02418000000000009,ISC_CS_1.0CC_2.0CD_900ohm.csv,1,ISC,CC,1.0,2.0,900,CC_CC1.0_CD2.0_900ohm
0.05452813603531294,4.063600226400882,-4.35454,5.80357,-4.34896,1.6231432905296947,0.8303739220642713,0.0,2.69414,2.60588,60.92769917736757,30.93255777171103,0.0,100.0,100.0,3.8413091569020863,0.3860854860272768,2.749876,4.200149,2.749876,-0.00012980750702529118,0.0007507096836932317,-0.00961000000000034,0.013021000000000171,-0.0010458028904054596,0.004165051133091127,-0.039060000000000095,0.016739999999999977,ISC_CS_2.0CC_1.5CD_700ohm.csv,1,ISC,CC,2.0,1.5,700,CC_CC2.0_CD1.5_700ohm
0.03578341997593289,4.7758630975346374,-5.80357,5.80543,-5.79799,1.5806775258724428,0.8122578709216859,0.0,2.60324,2.57133,60.94519227436823,31.241584270071254,0.0,100.0,100.0,3.8519382623345364,0.3920877647471663,2.749876,4.200459,2.749876,-0.00018281675896941976,0.0009429881612933633,-0.032551999999999914,0.008989999999999831,-0.0012567999036840838,0.004087628179706436,-0.029770000000000074,0.027900000000000036,ISC_CS_2.0CC_2.0CD_700ohm.csv,1,ISC,CC,2.0,2.0,700,CC_CC2.0_CD2.0_700ohm
-0.0005453032815199773,2.210925623418611,-2.319197,2.319383,-2.31901,1.3884814546919975,0.7892444667190788,0.0,2.619005,2.619005,53.027054634427174,30.14283040146083,0.0,100.0,100.0,3.749877557858376,0.3008002593734573,2.749566,4.200149,2.749566,-4.7415294253138293e-05,0.0006272658192682043,-0.00558100000000028,0.008369999999999767,-0.0002002792813543706,0.0024777284836741925,-0.21633199999999997,0.003161999999999998,ISC_CS_0.8CC_0.8CD_900ohm.csv,1,ISC,CC,0.8,0.8,900,CC_CC0.8_CD0.8_900ohm
0.12716418937263652,1.9414990324370662,-2.02939,2.02939,-2.029018,1.4607358730728206,0.8477495611003828,0.0,2.931535,2.564485,52.59217185106176,29.97920503559264,0.0,100.0,100.0,3.7625539002230193,0.2919543265115914,2.749566,4.200149,2.749566,-4.1341964891863e-05,0.0005729820932358669,-0.012401000000000106,0.007441000000000031,-0.0001405327320337504,0.0009210894794567947,-0.06938200000000005,0.0018599999999999728,ISC_CS_0.7CC_0.7CD_30ohm.csv,1,ISC,CC,0.7,0.7,30,CC_CC0.7_CD0.7_30ohm
0.005544861673151971,3.8720496200045256,-4.350198,4.349888,-4.349578,1.4966832605058367,0.8135563524340779,0.0,2.611189,2.600108,57.40694517509727,31.182721538787117,0.0,100.0,100.0,3.7994917441634244,0.3456140532300259,2.749256,4.200459,2.749256,-0.00010860938108213327,0.0009824774839300192,-0.010229999999999961,0.008990999999999971,-0.0007337175943947062,0.004164441189957434,-0.21515299999999993,0.0009300000000003195,ISC_CS_1.5CC_1.5CD_400ohm.csv,1,ISC,CC,1.5,1.5,400,CC_CC1.5_CD1.5_400ohm
0.007332439763814323,1.6738059824393745,-1.739397,1.739397,-1.739025,1.363718772186481,0.7794143007438562,0.0,2.618341,2.59349,52.307989777033576,29.874279651338814,0.0,100.0,100.0,3.740930194060104,0.301302514887431,2.749566,4.200149,2.749566,-3.9596121639488736e-05,0.0004751624322735987,-0.00558000000000014,0.007750999999999841,-0.00010219585720581755,0.000545699475661068,-0.028272999999999993,0.0005579999999999474,ISC_CS_0.6CC_0.6CD_400ohm.csv,1,ISC,CC,0.6,0.6,400,CC_CC0.6_CD0.6_400ohm
0.0007996748844378227,3.8518201611327436,-4.350198,4.349888,-4.349268,1.5057982933359015,0.814500215996309,0.0,2.607683,2.603713,57.77632577041602,31.24365381577542,0.0,100.0,100.0,3.8122988333975347,0.3422180538673488,2.749256,4.200459,2.749256,-0.0001348797687861273,0.0009567848472739137,-0.011160999999999976,0.009919999999999707,-0.000726366281310212,0.0046430148156017675,-0.25080599999999986,0.000620000000000509,ISC_CS_1.5CC_1.5CD_700ohm.csv,1,ISC,CC,1.5,1.5,700,CC_CC1.5_CD1.5_700ohm
0.009085726721094653,2.446741394197173,-4.348649,1.449343,-4.348028,1.3661789492497791,0.7829358174672516,0.0,2.639153,2.622134,51.843076412180054,29.704348835284847,0.0,100.0,100.0,3.772867379854369,0.28380593882044086,2.748326,4.200149,2.748326,-4.0950452438755256e-05,0.0007788295132724611,-0.01581100000000024,0.005271000000000026,-9.623548885455749e-05,0.0011862425885150124,-0.09889700000000001,0.0006209999999997606,ISC_CS_0.5CC_1.5CD_400ohm.csv,1,ISC,CC,0.5,1.5,400,CC_CC0.5_CD1.5_400ohm
0.007430455954026308,1.4116424568308386,-1.449405,1.449405,-1.449033,1.3799823576780388,0.7924481620991785,0.0,2.690248,2.661882,51.549451974976364,29.58448419525612,0.0,100.0,100.0,3.73374277835164,0.29055542285313246,2.749876,4.200149,2.749876,-2.8847944707166207e-05,0.0004123334505382834,-0.0043400000000000105,0.00527000000000033,-6.324001455074572e-05,0.0003657479699223949,-0.015066999999999942,0.0005580000000000584,ISC_CS_0.5CC_0.5CD_500ohm.csv,1,ISC,CC,0.5,0.5,500,CC_CC0.5_CD0.5_500ohm
-0.0026404442211055514,2.471124358355459,-2.898624,2.319197,-2.898252,1.4134171243718592,0.8021326140622065,0.0,2.658315,2.658315,53.24329472361809,30.221957506024616,0.0,100.0,100.0,3.7633823932160806,0.2982554527432387,2.748946,4.200149,2.748946,-5.847436541844687e-05,0.0006914706919073374,-0.008370999999999906,0.006510000000000016,-0.0002186423724553908,0.0021509147588612337,-0.1685270000000001,0.0037199999999999456,ISC_CS_0.8CC_1.0CD_700ohm.csv,1,ISC,CC,0.8,1.0,700,CC_CC0.8_CD1.0_700ohm
0.0025278009207275903,2.2064291469218515,-2.31901,2.318825,-2.318825,1.4231685848865931,0.8085093850808485,0.0,2.684108,2.674238,53.10781595553559,30.160524113219232,0.0,100.0,100.0,3.7619422108690768,0.29826229917059205,2.749876,4.200149,2.749876,-5.6857816711590346e-05,0.0006723294977990046,-0.00868100000000016,0.019840999999999998,-0.00019535017969451928,0.0013780441331640411,-0.10491099999999998,0.0014879999999999338,ISC_CS_0.8CC_0.8CD_500ohm.csv,1,ISC,CC,0.8,0.8,500,CC_CC0.8_CD0.8_500ohm
0.0067211449304576,2.237457477912062,-1.450583,4.348028,-1.450273,1.4619288826849426,0.812317703742951,0.0,2.673639,2.65074,54.96357406772828,30.49056686052988,0.0,100.0,100.0,3.7411440989719815,0.33246392689589943,2.749566,4.200149,2.749566,-6.10039314516129e-05,0.0005455724662626082,-0.0040300000000002,0.013330999999999982,-0.0003799305443548387,0.0016427408029306787,-0.09734599999999993,0.0015499999999999403,ISC_CS_1.5CC_0.5CD_900ohm.csv,1,ISC,CC,1.5,0.5,900,CC_CC1.5_CD0.5_900ohm
0.0006445756630261049,3.1894681232807462,-2.898996,4.348958,-2.898685,1.5057876249609983,0.8290685920672702,0.0,2.686369,2.683738,56.07835176287051,30.870781432606275,0.0,100.0,100.0,3.780786946801872,0.33436728370765567,2.749566,4.200149,2.749566,-8.950312109862676e-05,0.0008520538082785132,-0.008990000000000276,0.008989999999999831,-0.0005882055243445693,0.003369178298780775,-0.1906629999999998,0.0009299999999994313,ISC_CS_1.5CC_1.0CD_800ohm.csv,1,ISC,CC,1.5,1.0,800,CC_CC1.5_CD1.0_800ohm
0.01684077575690372,2.4328967873221345,-4.348649,1.449343,-4.348338,1.3586943119662858,0.7772209265646683,0.0,2.614185,2.579844,52.12958970832871,29.805308921501112,0.0,100.0,100.0,3.785702723078629,0.2859928730079304,2.748636,4.200149,2.748636,-4.611602884082089e-05,0.0007646620560594859,-0.014880999999999922,0.004340999999999706,-9.653089295618412e-05,0.0010566347965666725,-0.085256,0.0006209999999997606,ISC_CS_0.5CC_1.5CD_200ohm.csv,1,ISC,CC,0.5,1.5,200,CC_CC0.5_CD1.5_200ohm
0.03304246189707753,3.752454368047304,-5.80915,2.90365,-5.80357,1.5243423794154563,0.8456560016975295,0.0,2.73999,2.6684,56.00539571454187,30.984008054075325,0.0,100.0,100.0,3.8145949689797374,0.33612615960368825,2.749876,4.200459,2.749876,-8.786224215246642e-05,0.0006662385675450309,-0.011781000000000041,0.007130000000000081,-0.0004160663677130045,0.0029899125176489944,-0.02603999999999984,0.02418000000000009,ISC_CS_1.0CC_2.0CD_100ohm.csv,1,ISC,CC,1.0,2.0,100,CC_CC1.0_CD2.0_100ohm
0.06971805930756088,3.2331306953940246,-4.347098,2.898685,-4.346478,1.524639542307095,0.8464267648137439,0.0,2.76205,2.634515,55.98165160689334,30.887905997428117,0.0,100.0,100.0,3.8021917650985873,0.33094352980182534,2.749256,4.200149,2.749256,-7.029507687529121e-05,0.0009467613812245498,-0.013640999999999792,0.010229999999999961,-0.00036014101568566557,0.002920826306194856,-0.19097300000000006,0.0006209999999997606,ISC_CS_1.0CC_1.5CD_50ohm.csv,1,ISC,CC,1.0,1.5,50,CC_CC1.0_CD1.5_50ohm
0.07059944324642216,3.9640746070174155,-4.930866,4.930866,-4.930866,1.5602635067633797,0.7898799097404943,0.0,2.55977,2.457191,61.65913450303861,30.95064704738533,0.0,100.0,100.0,3.838547529307979,0.4214877698501747,2.749876,4.200149,2.749876,-8.85248087860365e-05,0.001052361874000955,-0.007441000000000031,0.05518299999999998,-0.0008532690723671308,0.0023591009008899614,-0.11470800000000025,0.0015500000000000513,ISC_CS_1.7CC_1.7CD_50ohm.csv,1,ISC,CC,1.7,1.7,50,CC_CC1.7_CD1.7_50ohm
0.03113103202846938,4.825491058827862,-5.80357,5.80729,-5.79799,1.6199871079478056,0.8385861769878425,0.0,2.67772,2.64077,60.75584156583629,31.36314319998918,0.0,100.0,100.0,3.8406464201660726,0.3854474295700419,2.749876,4.200149,2.749876,-0.00014261072869689058,0.0008360045713413537,-0.010850999999999722,0.013949999999999907,-0.0012433159268929505,0.004091164383804908,-0.02417999999999987,0.018600000000000172,ISC_CS_2.0CC_2.0CD_300ohm.csv,1,ISC,CC,2.0,2.0,300,CC_CC2.0_CD2.0_300ohm
0.19464566568047387,4.064179673352149,-4.35454,5.80729,-4.35082,1.7549343620562132,0.9121714609838859,0.0,2.94911,2.63851,61.58804452662722,31.107682265577584,0.0,100.0,100.0,3.851348772004438,0.3742858788243902,2.749876,4.200149,2.749876,-0.00011566944136145026,0.0007344684463381371,-0.00961000000000034,0.013951999999999742,-0.0009644672586015539,0.003606090885399933,-0.022319999999999673,0.016750000000000043,ISC_CS_2.0CC_1.5CD_20ohm.csv,1,ISC,CC,2.0,1.5,20,CC_CC2.0_CD1.5_20ohm
0.03530130390143726,2.841179231657112,-3.190104,3.190414,-3.189484,1.4601888134350247,0.7969473291793826,0.0,2.593748,2.523318,56.86419470519214,30.89555191363346,0.0,100.0,100.0,3.7868038726899385,0.36413388377141614,2.749256,4.200149,2.749256,-7.02730340375587e-05,0.0007902676418093786,-0.009611000000000036,0.011470999999999787,-0.0003830218603286385,0.0022254770717490256,-0.1246280000000004,0.0012400000000001299,ISC_CS_1.1CC_1.1CD_100ohm.csv,1,ISC,CC,1.1,1.1,100,CC_CC1.1_CD1.1_100ohm
0.20325260953483884,4.220426052631027,-5.81473,4.36198,-5.79427,1.7256979366917584,0.9170954069003561,0.0,2.9506,2.65333,60.04430380235477,31.28767165164068,0.0,100.0,100.0,3.8540739945956375,0.36538211856896,2.749876,4.200459,2.749876,-0.00010272118169530804,0.0007260193448559915,-0.012399999999999967,0.011470999999999787,-0.0007247962927206025,0.004196757541544652,-0.02418000000000009,0.02418000000000009,ISC_CS_1.5CC_2.0CD_20ohm.csv,1,ISC,CC,1.5,2.0,20,CC_CC1.5_CD2.0_20ohm
0.037887328434143684,3.8440469926350613,-4.349268,4.349268,-4.348028,1.5456246762766157,0.8364024341348564,0.0,2.692284,2.630958,57.87747868852459,31.191638299981015,0.0,100.0,100.0,3.807262089881289,0.34360704216461274,2.748016,4.200149,2.748016,-9.75932139491048e-05,0.001160974485697045,-0.014261000000000301,0.017981999999999942,-0.0007107372290292178,0.005261831397532148,-0.2907989999999998,0.0009299999999994313,ISC_CS_1.5CC_1.5CD_100ohm.csv,1,ISC,CC,1.5,1.5,100,CC_CC1.5_CD1.5_100ohm
0.007619213756802469,1.6717142127527134,-1.739397,1.739397,-1.739025,1.3473755600856456,0.7692493049044525,0.0,2.583435,2.558776,52.380021902043005,29.88286961032972,0.0,100.0,100.0,3.7341496904273352,0.3079490803058531,2.749256,4.200149,2.749256,-3.156348710627286e-05,0.0005636738199659333,-0.00558000000000014,0.014880999999999922,-0.00010345426965289551,0.0005645189550158925,-0.027157000000000098,0.00037200000000003897,ISC_CS_0.6CC_0.6CD_500ohm.csv,1,ISC,CC,0.6,0.6,500,CC_CC0.6_CD0.6_500ohm
0.07417766557799739,1.762870707896423,-1.449405,2.319383,-1.449219,1.4414271153416414,0.8318231700335731,0.0,2.869333,2.62895,52.587253923506665,29.984479260287934,0.0,100.0,100.0,3.746719648818221,0.2939108247821645,2.749876,4.200149,2.749876,-4.0721224103842565e-05,0.0004951113560546051,-0.004030999999999896,0.007750999999999841,-0.00014957070403163414,0.0014917076948282005,-0.13932199999999995,0.007625999999999689,ISC_CS_0.8CC_0.5CD_50ohm.csv,1,ISC,CC,0.8,0.5,50,CC_CC0.8_CD0.5_50ohm
0.07100035136918492,2.199253636857076,-2.31901,2.319383,-2.318639,1.4590286950401405,0.8340006588317207,0.0,2.815995,2.636269,53.24896808534037,30.193954222233398,0.0,100.0,100.0,3.768018223468602,0.29864623936262935,2.749566,4.200149,2.749566,-5.234627653723459e-05,0.0005938006449406259,-0.005580999999999836,0.006820999999999966,-0.0001914750852491475,0.0014135344098941812,-0.1110500000000001,0.0018610000000000015,ISC_CS_0.8CC_0.8CD_50ohm.csv,1,ISC,CC,0.8,0.8,50,CC_CC0.8_CD0.8_50ohm
0.12726916129863455,1.7653946248045058,-1.449405,2.319383,-1.449033,1.4520016849609207,0.8478783355965214,0.0,2.962515,2.550905,52.794495662629906,30.057182492569645,0.0,100.0,100.0,3.752840957914627,0.2951536587387816,2.749876,4.200149,2.749876,-4.106605961687141e-05,0.0005217085329148342,-0.0043400000000000105,0.0071310000000002205,-0.00014941989519800706,0.001409540095463005,-0.12834900000000005,0.004278000000000004,ISC_CS_0.8CC_0.5CD_30ohm.csv,1,ISC,CC,0.8,0.5,30,CC_CC0.8_CD0.5_30ohm
0.00450268480168478,1.675745795138223,-1.739397,1.739397,-1.739211,1.3696665004387505,0.7829275906997321,0.0,2.628304,2.613752,52.24369127764128,29.851492419277122,0.0,100.0,100.0,3.7398143696033697,0.3000638486471778,2.749566,4.200149,2.749566,-3.83646656134808e-05,0.0004712583163787266,-0.005269999999999442,0.005269999999999886,-0.00010175636299806916,0.0005458795482000541,-0.027714999999999934,0.0005579999999999474,ISC_CS_0.6CC_0.6CD_600ohm.csv,1,ISC,CC,0.6,0.6,600,CC_CC0.6_CD0.6_600ohm
0.1569592891265102,2.8475128921031088,-3.189794,3.189794,-3.189174,1.567101349534787,0.873013931687968,0.0,2.873679,2.555742,56.751490320788776,30.913260328883474,0.0,100.0,100.0,3.804121626440773,0.338413314919367,2.748946,4.200149,2.748946,-7.493193499097104e-05,0.000852028612273907,-0.009301000000000226,0.013951000000000047,-0.0003624290873732463,0.0024744447749121727,-0.15129000000000037,0.0006200000000000649,ISC_CS_1.1CC_1.1CD_20ohm.csv,1,ISC,CC,1.1,1.1,20,CC_CC1.1_CD1.1_20ohm
0.171623618969625,3.077105911909666,-3.479973,3.479353,-3.479043,1.585656669594997,0.87953913611821,0.0,2.882771,2.558098,57.22490321620012,31.00189995385893,0.0,100.0,100.0,3.81415236852293,0.3387767549270445,2.749256,4.200149,2.749256,-7.845159368483768e-05,0.001481502181555285,-0.05301299999999998,0.040922000000000125,-0.0004319222520107238,0.0028515361305967166,-0.17082099999999967,0.0009300000000003195,ISC_CS_1.2CC_1.2CD_20ohm.csv,1,ISC,CC,1.2,1.2,20,CC_CC1.2_CD1.2_20ohm
0.03699535636627202,4.853926635741801,-5.80357,5.80357,-5.79799,1.599249717323025,0.8319142777866005,0.0,2.65465,2.61775,60.50456513650641,31.386928583813436,0.0,100.0,100.0,3.84091588692921,0.37823627009432365,2.749876,4.200459,2.749876,-0.00014245781967609384,0.0008271403159355986,-0.010540999999999912,0.013330999999999982,-0.0012607614213197968,0.004184113043260466,-0.02418000000000009,0.022320000000000118,ISC_CS_2.0CC_2.0CD_200ohm.csv,1,ISC,CC,2.0,2.0,200,CC_CC2.0_CD2.0_200ohm
0.017893225573415474,3.7792252148130556,-5.80543,2.90179,-5.80171,1.515163924507856,0.8428967290356115,0.0,2.73002,2.7009,55.654507061585704,30.928822999070785,0.0,100.0,100.0,3.8101099107820118,0.3301130894444983,2.749876,4.200149,2.749876,-7.712682926829274e-05,0.000701252730686997,-0.010851000000000166,0.008370999999999906,-0.0004187371273712737,0.002817998969417317,-0.03533999999999993,0.01859999999999995,ISC_CS_1.0CC_2.0CD_300ohm.csv,1,ISC,CC,1.0,2.0,300,CC_CC1.0_CD2.0_300ohm
0.1853777547482791,1.627370275818946,-1.739397,1.739397,-1.739211,1.4773610462801692,0.8696623518523836,0.0,3.002081,2.38045,53.4437215559426,30.177046247785064,0.0,100.0,100.0,3.76780485352907,0.321380904643998,2.749566,4.200149,2.749566,-3.5206719203649904e-05,0.000623245242574967,-0.021081999999999823,0.03038199999999991,-9.617685607631689e-05,0.0005109988879890566,-0.025111000000000105,0.0005580000000000584,ISC_CS_0.6CC_0.6CD_20ohm.csv,1,ISC,CC,0.6,0.6,20,CC_CC0.6_CD0.6_20ohm
0.06336556625497165,4.388112883882415,-5.22135,5.2288,-5.21577,1.6397494033912496,0.8588316829315961,0.0,2.7557,2.67877,60.03017822901402,31.266272872334625,0.0,100.0,100.0,3.834736211639104,0.3772765469471481,2.749876,4.200149,2.749876,-0.00012628041884816754,0.000737638376744934,-0.008990999999999971,0.010850000000000026,-0.0009719350785340313,0.006426089277448133,-0.11718000000000028,0.10975000000000001,ISC_CS_1.8CC_1.8CD_50ohm.csv,1,ISC,CC,1.8,1.8,50,CC_CC1.8_CD1.8_50ohm
0.032197319893899276,2.541584360959871,-1.46019,5.80543,-1.45275,1.5460976891246685,0.8569143675595802,0.0,2.849,2.75877,55.36758187798408,30.470787485864975,0.0,100.0,100.0,3.7570958256763927,0.33455798563416983,2.749876,4.200459,2.749876,-4.112533163536028e-05,0.0009013296283944423,-0.0037200000000003897,0.049913000000000096,-0.0005545017510347023,0.0031873677318980105,-0.027900000000000702,0.022320000000000118,ISC_CS_2.0CC_0.5CD_300ohm.csv,1,ISC,CC,2.0,0.5,300,CC_CC2.0_CD0.5_300ohm
0.014898381714286266,4.460344060484021,-5.22321,5.22507,-5.21949,1.546557961142857,0.8169641309665712,0.0,2.60846,2.59185,59.414536091428566,31.34818355125163,0.0,100.0,100.0,3.8244052011428566,0.37139926841840326,2.749876,4.200149,2.749876,-0.00013207569174479767,0.0008111687461083029,-0.012090999999999852,0.012710000000000221,-0.001060857534873085,0.004181049421433013,-0.044640000000000235,0.02232999999999996,ISC_CS_1.8CC_1.8CD_1000ohm.csv,1,ISC,CC,1.8,1.8,1000,CC_CC1.8_CD1.8_1000ohm
0.0027399996667407255,2.4497962741431136,-4.348649,1.449343,-4.348338,1.3571617121750723,0.7771463375935408,0.0,2.616137,2.61488,51.882345578760265,29.708762817898503,0.0,100.0,100.0,3.772939991668518,0.28448705146217407,2.748016,4.200149,2.748016,-4.219711111111119e-05,0.0007818998692451604,-0.014880999999999922,0.005889999999999951,-9.658844444444443e-05,0.0011004388744352545,-0.08928599999999998,0.0006209999999997606,ISC_CS_0.5CC_1.5CD_700ohm.csv,1,ISC,CC,0.5,1.5,700,CC_CC0.5_CD1.5_700ohm
0.0026312388563486068,1.9584511520605292,-2.02939,2.02939,-2.029204,1.4137421141665838,0.8085257570687422,0.0,2.711497,2.704173,52.2031360369304,29.849514897302676,0.0,100.0,100.0,3.7520495198054205,0.28809570454120986,2.749566,4.200149,2.749566,-4.5159269188759715e-05,0.0005163023590605121,-0.0049600000000000755,0.00558000000000014,-0.0001439925528745904,0.0009359713818545729,-0.068824,0.0013020000000000254,ISC_CS_0.7CC_0.7CD_1000ohm.csv,1,ISC,CC,0.7,0.7,1000,CC_CC0.7_CD0.7_1000ohm
0.005146309408127275,1.4203813444368052,-1.449405,1.449591,-1.449033,1.3656364520023558,0.7855814198275269,0.0,2.676132,2.656022,51.212825500588934,29.450189353924134,0.0,100.0,100.0,3.74084015680212,0.27474110725648293,2.749876,4.200149,2.749876,-2.9696362833161565e-05,0.0005992046762188606,-0.005271000000000026,0.046192999999999707,-6.402635841554999e-05,0.000963017318247102,-0.10230699999999993,0.003906999999999883,ISC_CS_0.5CC_0.5CD_400ohm.csv,1,ISC,CC,0.5,0.5,400,CC_CC0.5_CD0.5_400ohm
0.03685863833105911,3.9454989185981786,-4.929006,4.929006,-4.928695,1.563613719438487,0.784322294860592,0.0,2.553289,2.494253,61.65009073893546,30.777862187405713,0.0,100.0,100.0,3.8383345437707157,0.4378010945900269,2.749256,4.200149,2.749256,-0.0001066052272283988,0.0007938051866805916,-0.00868100000000016,0.011470999999999787,-0.0008482461478447438,0.002806972194096508,-0.11656699999999987,0.0009310000000004592,ISC_CS_1.7CC_1.7CD_200ohm.csv,1,ISC,CC,1.7,1.7,200,CC_CC1.7_CD1.7_200ohm
0.381845537695411,2.964887452276172,-4.347098,2.898996,-4.346788,1.8850988732980332,1.0495035860796305,0.0,3.399211,2.56092,58.758728883005546,31.022198431920216,0.0,100.0,100.0,3.860193226550681,0.33335522900244485,2.748636,4.200149,2.748636,-4.667881462799499e-05,0.0008488317474446235,-0.012090999999999852,0.011781000000000041,-0.00029238814627994956,0.001650611702893622,-0.11532799999999988,0.011160999999999976,ISC_CS_1.0CC_1.5CD_10ohm.csv,1,ISC,CC,1.0,1.5,10,CC_CC1.0_CD1.5_10ohm
-0.011937985769728272,3.6438488002154013,-4.05816,4.05816,-4.05692,1.4779834744039917,0.806504878834204,0.0,2.606806,2.606806,56.89666786176307,31.074731626121984,0.0,100.0,100.0,3.7936273596377754,0.34175373192104297,2.749256,4.200149,2.749256,-0.00010379829913107783,0.0010860443095971743,-0.013949999999999907,0.014261000000000301,-0.0006433671658347199,0.004396821103981364,-0.23840599999999945,0.0009299999999994313,ISC_CS_1.4CC_1.4CD_700ohm.csv,1,ISC,CC,1.4,1.4,700,CC_CC1.4_CD1.4_700ohm
0.02909402325581393,3.568208432277272,-2.91109,5.81101,-2.89621,1.4987530196779963,0.8161003553061774,0.0,2.63931,2.59184,57.282391252236145,31.06587395440505,0.0,100.0,100.0,3.77731330411449,0.35609196699418333,2.749876,4.200149,2.749876,-6.191517537580534e-05,0.0013132440510717266,-0.008989999999999831,0.05549399999999993,-0.000931723335719399,0.004760049448724388,-0.033479999999999954,0.01674000000000042,ISC_CS_2.0CC_1.0CD_800ohm.csv,1,ISC,CC,2.0,1.0,800,CC_CC2.0_CD1.0_800ohm
0.012877889034186777,3.828090422451487,-4.639757,4.639447,-4.639137,1.564437885858397,0.8030992158064825,0.0,2.589829,2.573443,60.52501066691575,31.032624473813463,0.0,100.0,100.0,3.8231039084625444,0.41778580789736725,2.749876,4.200149,2.749876,-0.00010295365352270615,0.0018845419341057392,-0.05735400000000013,0.04340199999999994,-0.0007585666230611101,0.0019887518727118992,-0.08742599999999978,0.0018599999999999728,ISC_CS_1.6CC_1.6CD_300ohm.csv,1,ISC,CC,1.6,1.6,300,CC_CC1.6_CD1.6_300ohm
0.4307033950357596,3.3453351623272654,-2.90923,5.80543,-2.90365,1.9100426882625157,1.059820302404782,0.0,3.43603,2.55434,61.156254199971954,30.805159492667933,0.0,100.0,100.0,3.8573825857523483,0.3589473829766866,2.749876,4.200459,2.749876,-7.827689718053029e-05,0.0006794874216655346,-0.007439999999999891,0.016740999999999673,-0.0007318880628419133,0.003302069360753097,-0.024180000000000312,0.031620000000000203,ISC_CS_2.0CC_1.0CD_10ohm.csv,1,ISC,CC,2.0,1.0,10,CC_CC2.0_CD1.0_10ohm
-0.0018918816568047878,1.4198932022277897,-1.449405,1.449591,-1.449405,1.3593444062869822,0.781210357331997,0.0,2.655509,2.655509,51.24384162721893,29.452088665134603,0.0,100.0,100.0,3.73751044637574,0.27659706900140857,2.749876,4.200149,2.749876,-2.9584627903536064e-05,0.0004939132733302316,-0.010850000000000026,0.011469999999999647,-6.446708092913154e-05,0.0009801983461896883,-0.10379500000000008,0.0022319999999999007,ISC_CS_0.5CC_0.5CD_800ohm.csv,1,ISC,CC,0.5,0.5,800,CC_CC0.5_CD0.5_800ohm
0.21890379017305311,3.459422758012445,-2.90179,5.80729,-2.89621,1.7072919823856612,0.9296519060976528,0.0,3.04772,2.64815,59.25650855995056,30.992745423104317,0.0,100.0,100.0,3.823267934177997,0.35576963621282065,2.749876,4.200149,2.749876,-0.00010340386398763519,0.0006389481859355399,-0.006200999999999901,0.015191000000000177,-0.0008070092735703247,0.0037507787170946083,-0.020470000000000432,0.01859999999999995,ISC_CS_2.0CC_1.0CD_20ohm.csv,1,ISC,CC,2.0,1.0,20,CC_CC2.0_CD1.0_20ohm
0.021721543958423746,4.159838730832897,-4.35268,5.80171,-4.34896,1.5276681680381117,0.7935887768144648,0.0,2.55242,2.51413,60.17655755738414,31.156475734729202,0.0,100.0,100.0,3.823973927890862,0.38385420866679587,2.749876,4.200149,2.749876,-0.0001407714471403814,0.0007846423333634336,-0.010849999999999582,0.013640999999999792,-0.0011295298960138649,0.004342525336847598,-0.046499999999999986,0.022320000000000118,ISC_CS_2.0CC_1.5CD_800ohm.csv,1,ISC,CC,2.0,1.5,800,CC_CC2.0_CD1.5_800ohm
0.004359264366540996,2.4518911593747754,-4.348649,1.449653,-4.348028,1.360991689372088,0.7789934096431568,0.0,2.628757,2.619657,51.814909252274234,29.654356709168596,0.0,100.0,100.0,3.7646348309296647,0.2878918009099454,2.748636,4.200149,2.748636,-3.123579671549049e-05,0.0007652975063425426,-0.010851000000000166,0.007441000000000031,-9.645983133599645e-05,0.001236772343837194,-0.10416700000000012,0.0012400000000001299,ISC_CS_0.5CC_1.5CD_900ohm.csv,1,ISC,CC,0.5,1.5,900,CC_CC0.5_CD1.5_900ohm
-0.00030124282907657385,2.0101773206281974,-2.898996,1.449591,-2.89881,1.3632789248526522,0.783686263081657,0.0,2.650005,2.650005,51.45251444007858,29.577901600923038,0.0,100.0,100.0,3.7545211336935167,0.27785821271836825,2.749876,4.200149,2.749876,-3.9079878168598904e-05,0.0005570350255217156,-0.0080600000000004,0.0040300000000002,-8.543977205737867e-05,0.0005510722842176884,-0.03143600000000002,0.00241900000000006,ISC_CS_0.5CC_1.0CD_900ohm.csv,1,ISC,CC,0.5,1.0,900,CC_CC0.5_CD1.0_900ohm
0.19888882692003176,3.3702627079138896,-4.348028,4.348028,-4.347408,1.6973011773555025,0.8513695409135963,0.0,2.805515,2.447814,62.54799873317497,30.4097724697997,0.0,100.0,100.0,3.8645778386381626,0.43637196963159325,2.749566,4.200149,2.749566,-8.981878663076188e-05,0.0009827437813489737,-0.0077510000000002854,0.034411999999999665,-0.0005968606051005861,0.003184022506388157,-0.15656000000000025,0.05921399999999988,ISC_CS_1.5CC_1.5CD_20ohm.csv,1,ISC,CC,1.5,1.5,20,CC_CC1.5_CD1.5_20ohm
0.0347668032746218,2.4526480058347024,-2.898996,2.319258,-2.898996,1.4325372707764825,0.8124175240158361,0.0,2.704873,2.626591,53.54737844207392,30.277845136446125,0.0,100.0,100.0,3.7660027362937236,0.30937838768448694,2.749256,4.200149,2.749256,-4.896464019851125e-05,0.0007843470926176606,-0.010229999999999961,0.007441000000000031,-0.0002157830024813896,0.002177758933260099,-0.17113200000000006,0.0006200000000000649,ISC_CS_0.8CC_1.0CD_100ohm.csv,1,ISC,CC,0.8,1.0,100,CC_CC0.8_CD1.0_100ohm
-0.024207955622985056,1.8562507975680993,-5.41667,3.48214,-5.41109,0.3203581914153865,0.7106140577429298,0.0,2.50032,0.01873,58.941346203931985,35.072739935822995,0.0,100.0,100.0,3.7709881732726465,0.2541574985550525,3.026414,4.203249,3.026414,-2.7734589365872185e-05,0.014616593309725232,-0.19004300000000018,0.19128299999999987,-0.0005255655307580443,0.4384914725101431,-4.7414499999999995,4.73029,ISC_CS_1.2CC_DST_200ohm.csv,1,ISC,DST,1.2,,200,DST_CC1.2_200ohm
-0.02716652312992141,1.7609947794925815,-5.41481,2.90365,-5.40737,0.3429540206692913,0.7223346160397818,0.0,2.49804,0.01869,58.612222133366146,34.927188447501855,0.0,100.0,100.0,3.7714930765255903,0.25361543524654334,3.043465,4.202629,3.043465,-2.7980681678356113e-05,0.013476794903431115,-0.18291100000000027,0.18260200000000015,-0.000475386981666051,0.43328311596736785,-4.73587,4.73959,ISC_CS_1.0CC_DST_200ohm.csv,1,ISC,DST,1.0,,200,DST_CC1.0_200ohm
-0.012329523596938728,2.139512207535662,-5.41853,5.80543,-5.40551,0.32220247576530614,0.7583405060863355,0.0,2.62277,0.01862,60.24373577806122,35.17960613582503,0.0,100.0,100.0,3.7879777849489797,0.25822119821706085,3.087488,4.203869,3.087488,-3.502009184845008e-05,0.014638483597267606,-0.1863220000000001,0.18942199999999998,-0.0006768707743334608,0.4473388847438122,-4.7414499999999995,4.73401,ISC_CS_2.0CC_DST_800ohm.csv,1,ISC,DST,2.0,,800,DST_CC2.0_800ohm
-0.026979005665169063,2.0080323204135584,-5.41295,4.64472,-5.40551,0.30410950901868855,0.7094740574656124,0.0,2.49276,0.01873,59.65037731327734,35.19297485633169,0.0,100.0,100.0,3.7774172271928106,0.25443289843626343,3.087798,4.208829,3.087798,-3.301087593617717e-05,0.015662441164433515,-0.1903520000000003,0.19221299999999975,-0.0006161230869423639,0.4454014950565952,-4.73773,4.73587,ISC_CS_1.6CC_DST_300ohm.csv,1,ISC,DST,1.6,,300,DST_CC1.6_300ohm
0.09302031295639471,2.1003557311702834,-5.41295,4.93304,-5.40923,0.4068458543709577,0.842646374153944,0.0,2.68616,0.01854,60.3260549134154,34.96665517063924,0.0,100.0,100.0,3.7953697329438767,0.26098366454826466,3.098338,4.21503,3.098338,-3.4156708631842546e-05,0.01642389993099948,-0.20058299999999996,0.20120200000000033,-0.0006784774292272383,0.4321733026051729,-4.73587,4.73959,ISC_CS_1.7CC_DST_30ohm.csv,1,ISC,DST,1.7,,30,DST_CC1.7_30ohm
-0.0209367429577464,1.4541068808358146,-5.41481,2.71019,-5.40737,0.44798146799917143,0.7659003483840467,0.0,2.56085,0.01848,56.379502972245234,34.15610874956234,0.0,100.0,100.0,3.766833656483016,0.23585409055296155,3.083147,4.201079,3.083147,-1.5781926462972562e-05,0.013260226982494015,-0.18725199999999997,0.1884920000000001,-0.00032491869497669517,0.40303115503751286,-4.74331,4.73587,ISC_CS_0.5CC_DST_400ohm.csv,1,ISC,DST,0.5,,400,DST_CC0.5_400ohm
-0.030373649388181764,1.7550274032111184,-5.41667,2.90551,-5.41109,0.34223331242698146,0.7183176301656315,0.0,2.47137,0.01862,58.66070724958495,34.92577587693069,0.0,100.0,100.0,3.7700000441492953,0.2541756197969589,3.038194,4.203869,3.038194,-2.4880142672652388e-05,0.014376047896999767,-0.192523,0.1946920000000003,-0.00047529672221880646,0.43317101116043544,-4.73587,4.74145,ISC_CS_1.0CC_DST_600ohm.csv,1,ISC,DST,1.0,,600,DST_CC1.0_600ohm
-0.01918711344472606,1.453563774647944,-5.40923,2.71205,-5.40551,0.45068514199989657,0.7693236431610562,0.0,2.56369,0.01854,56.44272604107392,34.16131333151287,0.0,100.0,100.0,3.7638688875898816,0.23612083680965473,3.072607,4.204799,3.072607,-1.4820114853329178e-05,0.014368345823036659,-0.19717299999999982,0.1987230000000002,-0.0003245993067411653,0.4028962896093211,-4.73959,4.76005,ISC_CS_0.5CC_DST_1000ohm.csv,1,ISC,DST,0.5,,1000,DST_CC0.5_1000ohm
0.1377444797856227,1.5266133987246746,-5.41481,2.71205,-5.40737,0.5860584737271352,0.9235371885975059,0.0,2.8805,0.01854,56.81969776884539,34.02774870690029,0.0,100.0,100.0,3.7745258174880583,0.2502217345944525,3.004712,4.209139,3.004712,-2.600955488231187e-05,0.014765772631365774,-0.20678300000000016,0.20647300000000035,-0.00038244931251456385,0.38823797843027275,-4.74331,4.77493,ISC_CS_0.6CC_DST_20ohm.csv,1,ISC,DST,0.6,,20,DST_CC0.6_20ohm
-0.024788311323221877,2.044099929380416,-5.41667,4.9349,-5.40551,0.30150051059100424,0.7103992229737367,0.0,2.49671,0.01871,59.756904190638075,35.21651431762245,0.0,100.0,100.0,3.7790994745685142,0.2542706146918824,3.086558,4.207899,3.086558,-3.083169870537469e-05,0.015873323260737985,-0.19531199999999993,0.195932,-0.0006375539427226365,0.44593857681974597,-4.7414499999999995,4.73587,ISC_CS_1.7CC_DST_300ohm.csv,1,ISC,DST,1.7,,300,DST_CC1.7_300ohm
-0.030743474492931817,1.8474421075043734,-5.41481,3.48028,-5.40737,0.32450493054701907,0.7209471986922558,0.0,2.5348,0.01872,58.973227105101415,35.06381097526675,0.0,100.0,100.0,3.772714827658267,0.25564872638627567,3.015563,4.203249,3.015563,-2.885234816818291e-05,0.014577766219922733,-0.1900419999999996,0.19128199999999973,-0.000510652200639292,0.43879232712946215,-4.739590000000001,4.73959,ISC_CS_1.2CC_DST_700ohm.csv,1,ISC,DST,1.2,,700,DST_CC1.2_700ohm
0.002249986825595905,1.7718132465741685,-5.41667,2.90365,-5.40551,0.3565141028858218,0.7380498635782079,0.0,2.52902,0.01863,58.51355318067754,34.912011977230485,0.0,100.0,100.0,3.7740742973651193,0.2514787142292867,3.082217,4.200149,3.082217,-2.6162441962605105e-05,0.013405895777284738,-0.17702100000000032,0.17578199999999988,-0.00048469569582130725,0.43055894142949713,-4.73959,4.73773,ISC_CS_1.0CC_DST_100ohm.csv,1,ISC,DST,1.0,,100,DST_CC1.0_100ohm
-0.03500963823780445,2.060545329987,-5.41853,5.21949,-5.40923,0.29569423347121,0.6998744493360799,0.0,2.4565,0.01859,59.92870070251461,35.2103839324472,0.0,100.0,100.0,3.779578537456503,0.2577503806072649,3.062996,4.211309,3.062996,-3.615437651848447e-05,0.016286463016400243,-0.19903300000000002,0.20306299999999977,-0.0006596953181430166,0.44691831819270356,-4.74517,4.7340100000000005,ISC_CS_1.8CC_DST_900ohm.csv,1,ISC,DST,1.8,,900,DST_CC1.8_900ohm
-0.012065205715379295,2.1432050167677583,-5.41109,5.80729,-5.40551,0.31768368629202015,0.7537268547358579,0.0,2.62668,0.01866,60.129236754481084,35.200867559018626,0.0,100.0,100.0,3.7842847322829622,0.2592187537248987,3.073847,4.20821,3.073847,-3.257429027113235e-05,0.015615916629817313,-0.19500299999999982,0.19562299999999988,-0.000678068261562998,0.44740735488542416,-4.73959,4.75261,ISC_CS_2.0CC_DST_500ohm.csv,1,ISC,DST,2.0,,500,DST_CC2.0_500ohm
-0.020387552915903235,2.058112239630291,-5.41481,5.22135,-5.40923,0.3255774777279333,0.7527011787488962,0.0,2.59333,0.01867,60.04529020660896,35.13884099155541,0.0,100.0,100.0,3.781923985025589,0.2635694917195033,3.017733,4.21472,3.017733,-3.53412954186414e-05,0.01691866102388755,-0.21949400000000008,0.21577400000000013,-0.0006347323854660348,0.44486768031362234,-4.74145,4.73215,ISC_CS_1.8CC_DST_700ohm.csv,1,ISC,DST,1.8,,700,DST_CC1.8_700ohm
-0.02452186191536755,2.024055226601928,-5.41481,4.64286,-5.40551,0.29888619790009546,0.71334482311068,0.0,2.56409,0.01872,59.469722799872734,35.22965934552734,0.0,100.0,100.0,3.774844207254216,0.2514824931338322,3.086247,4.200149,3.086247,-2.5589957360147624e-05,0.013761857081422775,-0.1779519999999999,0.180431,-0.0006024406542353468,0.44644906096767617,-4.74145,4.73215,ISC_CS_1.6CC_DST_700ohm.csv,1,ISC,DST,1.6,,700,DST_CC1.6_700ohm
-0.04127274792024298,2.0599697719213235,-5.41109,5.22321,-5.40551,0.2828645206655223,0.6797082574222442,0.0,2.41508,0.0186,59.85300890003962,35.227038863345264,0.0,100.0,100.0,3.7739388304502834,0.2596414334915734,3.018353,4.209449,3.018353,-3.828162968832548e-05,0.016031384780459464,-0.20554399999999973,0.21019299999999985,-0.0006627839408346541,0.4483097743863438,-4.73773,4.75819,ISC_CS_1.8CC_DST_800ohm.csv,1,ISC,DST,1.8,,800,DST_CC1.8_800ohm
-0.034923540948130154,2.090079100796965,-5.41295,5.80543,-5.40551,0.29468373571380263,0.6892151443721577,0.0,2.37436,0.01854,60.25039392709812,35.15835525316638,0.0,100.0,100.0,3.7843030229931696,0.2606279861937388,3.090588,4.238591,3.090588,-4.12241460940142e-05,0.021155081178886547,-0.236545,0.23499500000000006,-0.0007185079472438281,0.4470271126744345,-4.74517,4.74145,ISC_CS_2.0CC_DST_900ohm.csv,1,ISC,DST,2.0,,900,DST_CC2.0_900ohm
-0.029526185748397688,2.007167551986713,-5.41109,4.93676,-5.39993,0.3254359274852331,0.7418870786634468,0.0,2.53664,0.0185,60.04366100917431,35.11503779071365,0.0,100.0,100.0,3.7825802312429304,0.2632623848020425,3.019283,4.21534,3.019283,-3.733025389643038e-05,0.017100045954385128,-0.22104400000000002,0.2201139999999997,-0.0006125584464555057,0.4441309829556687,-4.74517,4.76377,ISC_CS_1.7CC_DST_700ohm.csv,1,ISC,DST,1.7,,700,DST_CC1.7_700ohm
-0.013502674988562682,2.07860953328751,-5.41667,5.21763,-5.40923,0.3126314423893863,0.7310192998529808,0.0,2.54191,0.01872,59.955420580354215,35.194920396110156,0.0,100.0,100.0,3.78513919096791,0.2570201557600865,3.081597,4.208519,3.081597,-3.7042747892019096e-05,0.015963203878348004,-0.19810300000000014,0.1999629999999999,-0.0006561906006928563,0.4458451635516611,-4.74331,4.7340100000000005,ISC_CS_1.8CC_DST_200ohm.csv,1,ISC,DST,1.8,,200,DST_CC1.8_200ohm
-0.03583032271830169,1.5299495881717138,-5.40551,2.71391,-5.40179,0.40278478689923713,0.7461029610714173,0.0,2.56087,0.01857,56.95607891395957,34.45400674328138,0.0,100.0,100.0,3.7592899158798745,0.244262691820367,2.978671,4.202319,2.978671,-2.4278954387836746e-05,0.013477655038284355,-0.18973299999999993,0.19190300000000038,-0.00035009335822886047,0.41463861811616687,-4.7414499999999995,4.73401,ISC_CS_0.6CC_DST_600ohm.csv,1,ISC,DST,0.6,,600,DST_CC0.6_600ohm
-0.010685000302169486,1.8179630253567782,-5.42225,3.19754,-5.40923,0.35208026893092403,0.7577565820944655,0.0,2.6392,0.01864,58.76343413911887,34.975308653521054,0.0,100.0,100.0,3.774329709735904,0.2486523087835767,3.075397,4.200149,3.075397,-2.319764279238436e-05,0.013872652574832722,-0.1841520000000001,0.18570200000000003,-0.000484676337262013,0.43611418133707,-4.74517,4.74889,ISC_CS_1.1CC_DST_300ohm.csv,1,ISC,DST,1.1,,300,DST_CC1.1_300ohm
-0.027495595109900635,1.8561404225022333,-5.41667,3.47842,-5.40923,0.315930406030278,0.7037811390286308,0.0,2.48477,0.01875,58.905603306518024,35.07833633431228,0.0,100.0,100.0,3.7750740468740105,0.24899131679365047,3.090278,4.202939,3.090278,-2.299854292049414e-05,0.014726778543547323,-0.18353200000000003,0.18508199999999997,-0.000526159645232816,0.43898924819186896,-4.74331,4.73215,ISC_CS_1.2CC_DST_600ohm.csv,1,ISC,DST,1.2,,600,DST_CC1.2_600ohm
-0.000904009627727959,2.0052709072355817,-5.41667,4.6503,-5.40551,0.3384491713735558,0.7607168499916744,0.0,2.60448,0.01876,59.79334331193838,35.07239658823617,0.0,100.0,100.0,3.7877127922336324,0.25646523518610453,3.093998,4.205419,3.093998,-3.0349146231865454e-05,0.015035961392790245,-0.1906620000000001,0.19159199999999998,-0.0006077808447811016,0.44280563984182725,-4.73959,4.76005,ISC_CS_1.6CC_DST_400ohm.csv,1,ISC,DST,1.6,,400,DST_CC1.6_400ohm
-0.0030569987691909544,1.933675056706837,-5.41295,4.35454,-5.40737,0.35845035110448925,0.7644527492162062,0.0,2.51899,0.01869,60.08223117185982,34.95971917884916,0.0,100.0,100.0,3.8021587680896545,0.2561826316609183,3.094308,4.243862,3.094308,-3.50692581794623e-05,0.020566357347139956,-0.24491600000000036,0.2408859999999997,-0.0005946115970197614,0.4374199177132753,-4.739590000000001,4.73215,ISC_CS_1.5CC_DST_600ohm.csv,1,ISC,DST,1.5,,600,DST_CC1.5_600ohm
-0.02511391984417437,1.7153831139799685,-5.42411,2.71391,-5.40737,0.3524240231377641,0.7325122261190995,0.0,2.56637,0.01866,58.111296848069884,34.86369029675477,0.0,100.0,100.0,3.7670119485893045,0.24693552657528361,3.048735,4.200149,3.048735,-2.4560035419126344e-05,0.015069389276835432,-0.2039930000000001,0.20678299999999972,-0.00043878630460448696,0.430065890994972,-4.748889999999999,4.7340100000000005,ISC_CS_0.9CC_DST_300ohm.csv,1,ISC,DST,0.9,,300,DST_CC0.9_300ohm
0.3321295349007543,1.9494709525996299,-5.40737,3.77418,-5.40179,0.7212997209404526,1.125205366542456,0.0,3.105,0.01853,61.07833755218633,34.27460291008972,0.0,100.0,100.0,3.823095123562587,0.28342131447853225,3.000682,4.21038,3.000682,-4.1332942641564764e-05,0.014973721522587797,-0.2120540000000002,0.2039930000000001,-0.0006293963812174931,0.39495768263581355,-4.73959,4.7284299999999995,ISC_CS_1.3CC_DST_10ohm.csv,1,ISC,DST,1.3,,10,DST_CC1.3_10ohm
-0.04080491531467294,1.7103359714702329,-5.41481,2.70461,-5.40923,0.3365401675878053,0.7068173426043003,0.0,2.49217,0.01864,58.14546697569383,34.88369104433138,0.0,100.0,100.0,3.768368015332501,0.24597440606014787,3.067646,4.200459,3.067646,-2.5704487369985176e-05,0.015351904720444277,-0.20089200000000007,0.20182300000000009,-0.0004421170876671625,0.43153625455810973,-4.73959,4.73215,ISC_CS_0.9CC_DST_500ohm.csv,1,ISC,DST,0.9,,500,DST_CC0.9_500ohm
0.14673066856330005,1.9915126748001206,-5.41481,4.07366,-5.40737,0.46335375960170694,0.8858916560119083,0.0,2.73309,0.01863,60.023535761024185,34.800228940111126,0.0,100.0,100.0,3.7942721344238977,0.2672356917189393,3.056176,4.209139,3.056176,-3.537281263337605e-05,0.016336036896702922,-0.20492299999999997,0.2046129999999997,-0.0006323452838241566,0.4217612302213073,-4.73959,4.73959,ISC_CS_1.4CC_DST_20ohm.csv,1,ISC,DST,1.4,,20,DST_CC1.4_20ohm
0.13624645029113652,2.23140520416009,-5.41295,5.80729,-5.40737,0.43437499964057225,0.887058951444675,0.0,2.7551,0.01863,60.817400589461585,34.96436899409073,0.0,100.0,100.0,3.7902806536553806,0.2725215368725642,3.032304,4.201079,3.032304,-4.382047595082324e-05,0.015422408209440618,-0.19841299999999995,0.19624200000000025,-0.0007636264289309068,0.43136651241565377,-4.74331,4.73959,ISC_CS_2.0CC_DST_20ohm.csv,1,ISC,DST,2.0,,20,DST_CC2.0_20ohm
0.33541565814522706,1.726530433781456,-5.41481,2.70833,-5.40365,0.7802194132444928,1.1470844211996558,0.0,3.22553,0.01864,59.34244957166169,34.11602160001143,0.0,100.0,100.0,3.818139990685341,0.26795700446958365,3.080047,4.203869,3.080047,-2.833306133550936e-05,0.014995475925843063,-0.20275200000000027,0.2008930000000002,-0.0005051897184822523,0.38057673287081784,-4.74331,4.73773,ISC_CS_0.9CC_DST_10ohm.csv,1,ISC,DST,0.9,,10,DST_CC0.9_10ohm
0.002847546479920622,1.826495444104995,-5.41481,3.20313,-5.40551,0.35295104920674264,0.7554855762655902,0.0,2.62759,0.01867,58.649901939762024,34.976251213695534,0.0,100.0,100.0,3.7732782290530493,0.2483943333979291,3.071676,4.200459,3.071676,-2.7362650303706467e-05,0.013685214348251049,-0.18074100000000026,0.18260200000000015,-0.0004970230568984742,0.434757051547859,-4.73959,4.74517,ISC_CS_1.1CC_DST_100ohm.csv,1,ISC,DST,1.1,,100,DST_CC1.1_100ohm
0.3487623071121502,2.0891841700813996,-5.41109,4.35826,-5.40551,0.6926851957161175,1.1268922542100555,0.0,3.13157,0.0187,61.20026026095482,34.48322211006646,0.0,100.0,100.0,3.820806080549061,0.274521876599463,3.094618,4.200149,3.094618,-3.435309647733276e-05,0.013452047107772088,-0.17919099999999988,0.17547099999999993,-0.0006921603681074148,0.4012261071528596,-4.735869999999999,4.75819,ISC_CS_1.5CC_DST_10ohm.csv,1,ISC,DST,1.5,,10,DST_CC1.5_10ohm
0.34154243580952387,2.12006452177323,-5.41481,4.63914,-5.40923,0.6777161386666667,1.1111292752956863,0.0,3.09853,0.01872,61.33001369904761,34.40251424026573,0.0,100.0,100.0,3.8264627274666667,0.27756464969174993,3.082527,4.200459,3.082527,-4.009014707002975e-05,0.014609337991517273,-0.19252199999999986,0.1897319999999998,-0.0007210569229596896,0.4028863956658588,-4.74145,4.72843,ISC_CS_1.6CC_DST_10ohm.csv,1,ISC,DST,1.6,,10,DST_CC1.6_10ohm
-0.04100414258188827,2.087065873892971,-5.41109,5.51525,-5.40551,0.293839633911368,0.7068718632325331,0.0,2.49794,0.01862,60.01613016698779,35.22306813558956,0.0,100.0,100.0,3.778407911817598,0.25991095308202294,3.040985,4.21038,3.040985,-4.1261626413155176e-05,0.015712083093493034,-0.196863,0.20058299999999996,-0.0006634917780061664,0.44874843379607426,-4.73959,4.73773,ISC_CS_1.9CC_DST_1000ohm.csv,1,ISC,DST,1.9,,1000,DST_CC1.9_1000ohm
-0.005491919228575848,1.4514123527206195,-5.42411,2.71391,-5.40551,0.46674533205453883,0.7820299147828678,0.0,2.57662,0.01871,56.31619013945771,34.08692894423276,0.0,100.0,100.0,3.7607898130540725,0.24084875888143528,2.987351,4.202939,2.987351,-2.3307357287291985e-05,0.014302769609877664,-0.20368299999999984,0.20678399999999986,-0.00032540260278944344,0.3975692354893676,-4.748889999999999,4.74703,ISC_CS_0.5CC_DST_100ohm.csv,1,ISC,DST,0.5,,100,DST_CC0.5_100ohm
-0.03789540287172188,1.7088605238498829,-5.41667,2.71019,-5.40551,0.33832731339741307,0.7091704130273873,0.0,2.49344,0.0185,58.16155267592263,34.892655066650164,0.0,100.0,100.0,3.766467933843598,0.24779941579567796,3.034784,4.200149,3.034784,-2.7834084975077103e-05,0.015154998291123708,-0.20957399999999993,0.21081299999999992,-0.00044107761690007053,0.4313509432220164,-4.74331,4.75261,ISC_CS_0.9CC_DST_400ohm.csv,1,ISC,DST,0.9,,400,DST_CC0.9_400ohm
0.031632723930078425,1.6635200597851845,-5.41853,2.70833,-5.40551,0.41666034599156115,0.7859820939955721,0.0,2.60348,0.01865,57.85894458710066,34.62662726873428,0.0,100.0,100.0,3.7713739566003612,0.2466075156905338,3.069506,4.200149,3.069506,-2.5436279238003388e-05,0.014426922275239125,-0.1925220000000003,0.19252199999999986,-0.00043049192187123226,0.4151434364987425,-4.743309999999999,4.73587,ISC_CS_0.8CC_DST_50ohm.csv,1,ISC,DST,0.8,,50,DST_CC0.8_50ohm
0.1371888534559479,2.1927253083517426,-5.41295,5.51153,-5.40551,0.42439515129041827,0.8586895471235892,0.0,2.6673,0.01866,60.755715655591814,34.92418805841065,0.0,100.0,100.0,3.794243508083655,0.2699120418434692,3.057416,4.208519,3.057416,-4.463343717549323e-05,0.016565880730679636,-0.20678300000000016,0.20523299999999978,-0.0007661504227859359,0.43018562299869273,-4.74145,4.73215,ISC_CS_1.9CC_DST_20ohm.csv,1,ISC,DST,1.9,,20,DST_CC1.9_20ohm
0.0081294590643274,2.0500530644169785,-5.41109,4.9349,-5.40365,0.3331322448165869,0.7518308005032294,0.0,2.55338,0.01854,59.911517949229136,35.135277047329936,0.0,100.0,100.0,3.7867940236576287,0.2569263522616379,3.088108,4.21751,3.088108,-3.842788781071382e-05,0.017169456842458332,-0.20988399999999974,0.20988300000000004,-0.0006480626080021269,0.443253998438078,-4.73959,4.76563,ISC_CS_1.7CC_DST_100ohm.csv,1,ISC,DST,1.7,,100,DST_CC1.7_100ohm
-0.025483237328721445,2.152042139435914,-5.41109,5.80543,-5.40737,0.28584510842091254,0.697818174680317,0.0,2.48916,0.01861,59.96924419981376,35.26570202308491,0.0,100.0,100.0,3.7773365033923105,0.25622175907233774,3.062376,4.201079,3.062376,-3.4545170303352857e-05,0.014922049222530842,-0.1946920000000003,0.19934300000000027,-0.0007071966471527407,0.4500692748575344,-4.7340100000000005,4.73959,ISC_CS_2.0CC_DST_700ohm.csv,1,ISC,DST,2.0,,700,DST_CC2.0_700ohm
-0.0247147320418082,2.1573041590521984,-5.41667,5.80357,-5.40551,0.2845876865721323,0.6978142316869258,0.0,2.49595,0.01868,59.931341202316766,35.26751193278768,0.0,100.0,100.0,3.7744426125424404,0.2562186723462313,3.052765,4.204489,3.052765,-3.64535588254877e-05,0.01597636751102718,-0.19841200000000025,0.20771300000000004,-0.0007073134030228372,0.45038211232499425,-4.73959,4.73959,ISC_CS_2.0CC_DST_400ohm.csv,1,ISC,DST,2.0,,400,DST_CC2.0_400ohm
0.021600740430467887,1.835725542741524,-5.41667,3.1994,-5.41109,0.35694997164583064,0.7467532853995089,0.0,2.54851,0.0186,58.684839431627786,34.9086341606036,0.0,100.0,100.0,3.7659476599432917,0.2532449220425984,3.017113,4.201389,3.017113,-3.62848672338231e-05,0.016710943711142665,-0.2126730000000001,0.21546400000000032,-0.0005169392884764107,0.4301740395378633,-4.73959,4.76377,ISC_CS_1.1CC_DST_50ohm.csv,1,ISC,DST,1.1,,50,DST_CC1.1_50ohm
-0.015793643840981843,2.0714734618426056,-5.41853,5.21949,-5.40551,0.31342182061492263,0.7308081496176391,0.0,2.53625,0.01871,60.0376168091912,35.18716359641694,0.0,100.0,100.0,3.789988651870226,0.25555869043680113,3.099578,4.2141,3.099578,-3.6655154403603856e-05,0.016697295294767642,-0.20244300000000015,0.20275299999999996,-0.0006551766011621078,0.4454797683420772,-4.743309999999999,4.73401,ISC_CS_1.8CC_DST_400ohm.csv,1,ISC,DST,1.8,,400,DST_CC1.8_400ohm
-0.041631415255639556,1.597114797465608,-5.41295,2.70833,-5.40365,0.37653399316088465,0.7349229456249061,0.0,2.55398,0.01848,57.43678501461586,34.64395120576442,0.0,100.0,100.0,3.761076257073521,0.24560746097148797,3.000062,4.200149,3.000062,-2.2709801974736666e-05,0.012736857785004769,-0.17764099999999994,0.1801210000000002,-0.00037779028076562394,0.42178110195672636,-4.73959,4.7544699999999995,ISC_CS_0.7CC_DST_1000ohm.csv,1,ISC,DST,0.7,,1000,DST_CC0.7_1000ohm
-0.036458537833946654,1.5298567847575961,-5.40737,2.71205,-5.40179,0.40164475603903377,0.7438139431323092,0.0,2.55172,0.01851,56.96740081586946,34.44762148882957,0.0,100.0,100.0,3.759503693755666,0.2448265569612706,2.987661,4.20821,2.987661,-2.093141699109382e-05,0.014117731423814893,-0.19779300000000033,0.19965199999999994,-0.00034968375019998877,0.4146133384686552,-4.7414499999999995,4.73401,ISC_CS_0.6CC_DST_700ohm.csv,1,ISC,DST,0.6,,700,DST_CC0.6_700ohm
-0.021490237774554437,1.4535224039028227,-5.41667,2.71205,-5.40551,0.4487333920430999,0.767156286838856,0.0,2.56251,0.0185,56.41318386344799,34.16320014784812,0.0,100.0,100.0,3.767960475031081,0.23432212877492067,3.098958,4.202319,3.098958,-1.5194176769246707e-05,0.013248883254162644,-0.18508099999999983,0.18539199999999978,-0.000325246088488239,0.40303788033376886,-4.74517,4.73587,ISC_CS_0.5CC_DST_800ohm.csv,1,ISC,DST,0.5,,800,DST_CC0.5_800ohm
0.14207354849261286,1.438177476771945,-5.41481,2.71205,-5.40923,0.6480175603772557,0.9544175942899513,0.0,2.95811,0.01868,56.05336624870523,33.711449857288095,0.0,100.0,100.0,3.770991894401134,0.2464381250041672,2.96689,4.200149,2.96689,-2.5506733547789107e-05,0.01350741624932374,-0.2061630000000001,0.2046129999999997,-0.0003422877705686711,0.37627483440073406,-4.74145,4.77679,ISC_CS_0.5CC_DST_20ohm.csv,1,ISC,DST,0.5,,20,DST_CC0.5_20ohm
0.024862534711215474,1.9951260906541364,-5.41667,4.34896,-5.41109,0.36492882457363846,0.8039162647577774,0.0,2.72523,0.01861,59.663332321054966,35.08534846156692,0.0,100.0,100.0,3.7842975356622075,0.2551368820091994,3.092138,4.21999,3.092138,-5.051930758988032e-06,0.018230202392389556,-0.21949400000000008,0.21794400000000014,-0.0005818255025045959,0.439188823232381,-4.74331,4.73401,ISC_CS_1.5CC_DST_300ohm.csv,1,ISC,DST,1.5,,300,DST_CC1.5_300ohm
-0.03964985336864555,1.9221720141429832,-5.41481,4.06436,-5.40737,0.2969913287255346,0.6835301120055485,0.0,2.41614,0.01851,59.358462644532004,35.155149916028584,0.0,100.0,100.0,3.773664643498482,0.25486394107983296,3.042845,4.208829,3.042845,-3.244595904128177e-05,0.015512349572193673,-0.19562200000000018,0.19655299999999976,-0.0005741746882873565,0.44340434661553146,-4.74145,4.74889,ISC_CS_1.4CC_DST_600ohm.csv,1,ISC,DST,1.4,,600,DST_CC1.4_600ohm
-0.026271365218984637,1.8181989525909554,-5.40923,3.19754,-5.40551,0.32264602895363753,0.7137133894870243,0.0,2.55154,0.01858,58.55739347626901,35.03389357938117,0.0,100.0,100.0,3.7693497760063526,0.2464398900173683,3.064236,4.200149,3.064236,-2.3655385179302305e-05,0.014539483818427684,-0.19376299999999969,0.19407299999999994,-0.0004893194452929322,0.4379424702474359,-4.74145,4.76749,ISC_CS_1.1CC_DST_800ohm.csv,1,ISC,DST,1.1,,800,DST_CC1.1_800ohm
-0.02114985032111041,1.4542655066437118,-5.41109,2.70833,-5.40737,0.4485125989227263,0.7670928234122346,0.0,2.56597,0.01851,56.390135477522264,34.15691103752393,0.0,100.0,100.0,3.7675211393204893,0.23433408784983797,3.098028,4.200459,3.098028,-1.5431938257536533e-05,0.013272848813437547,-0.18539200000000022,0.18632199999999965,-0.0003250823578162227,0.4030832169982269,-4.73773,4.73959,ISC_CS_0.5CC_DST_600ohm.csv,1,ISC,DST,0.5,,600,DST_CC0.5_600ohm
0.00362583267368918,1.8895930269051384,-5.41481,3.78348,-5.40737,0.3672544967423735,0.7932084188401941,0.0,2.70735,0.01851,59.313217097972355,34.96541611072604,0.0,100.0,100.0,3.784452557023686,0.2637817344095379,2.995412,4.203559,2.995412,-3.2416052615553274e-05,0.013352859255918339,-0.19531199999999993,0.19531199999999993,-0.0005232257475184206,0.4372729976719105,-4.735869999999999,4.73773,ISC_CS_1.3CC_DST_200ohm.csv,1,ISC,DST,1.3,,200,DST_CC1.3_200ohm
-0.0015144741923027384,2.0138053981639117,-5.41853,4.6503,-5.41109,0.3332997007336851,0.756137715556599,0.0,2.61225,0.01864,59.73580414467756,35.09333692411534,0.0,100.0,100.0,3.784160173059596,0.25764272293463547,3.073847,4.205419,3.073847,-3.208753861997937e-05,0.01506457888230346,-0.190353,0.19221200000000005,-0.0006093041967044289,0.4434600604788772,-4.7414499999999995,4.75447,ISC_CS_1.6CC_DST_200ohm.csv,1,ISC,DST,1.6,,200,DST_CC1.6_200ohm
0.002343357110433776,1.9535583713242965,-5.41481,4.06994,-5.40551,0.3277933700797614,0.7316568778867205,0.0,2.52779,0.01873,59.29405192918747,35.089321882744876,0.0,100.0,100.0,3.773114287659684,0.25552757645887386,3.053385,4.204799,3.053385,-2.774680588883844e-05,0.015532210974552915,-0.19438200000000005,0.19314300000000006,-0.0005754439328101704,0.4376882433692318,-4.74517,4.73773,ISC_CS_1.4CC_DST_100ohm.csv,1,ISC,DST,1.4,,100,DST_CC1.4_100ohm
-0.02375496209805594,1.8172124979097077,-5.40923,3.20127,-5.40365,0.3246272686147451,0.7171647940425033,0.0,2.55959,0.01851,58.56109736520358,35.03568167246633,0.0,100.0,100.0,3.7692109918082894,0.24570614945585484,3.077257,4.200149,3.077257,-2.447028613352898e-05,0.013949458490842493,-0.18322200000000022,0.1841520000000001,-0.0004901632428466618,0.43797755906034397,-4.74145,4.75075,ISC_CS_1.1CC_DST_400ohm.csv,1,ISC,DST,1.1,,400,DST_CC1.1_400ohm
-0.02640809677791902,1.6552141784803214,-5.41109,2.70461,-5.40923,0.37104349520729873,0.7403938190754655,0.0,2.55251,0.01857,57.91723679408708,34.748143736640344,0.0,100.0,100.0,3.768657862051045,0.24530474825600837,3.040365,4.204179,3.040365,-2.2057288057288074e-05,0.014948518649214306,-0.20120300000000002,0.2043029999999999,-0.0004126079926079936,0.42568709841368474,-4.73773,4.7340100000000005,ISC_CS_0.8CC_DST_800ohm.csv,1,ISC,DST,0.8,,800,DST_CC0.8_800ohm
-0.024047707512434575,2.156207915349248,-5.40923,5.80729,-5.40551,0.29417985336864544,0.720531238049094,0.0,2.56946,0.01862,59.95391460499969,35.29669348287918,0.0,100.0,100.0,3.772050527291518,0.25952488054578676,3.025484,4.202319,3.025484,-3.362768912720459e-05,0.014906739315291805,-0.19407299999999994,0.19345299999999988,-0.0006862936882227539,0.4502559679583698,-4.74145,4.7544699999999995,ISC_CS_2.0CC_DST_300ohm.csv,1,ISC,DST,2.0,,300,DST_CC2.0_300ohm
0.036351675141242906,1.5300761218674488,-5.40923,2.71019,-5.40179,0.46470191864406785,0.8017072151689523,0.0,2.62959,0.01845,56.83078154237288,34.26581874727152,0.0,100.0,100.0,3.7705929349152547,0.2402931263088944,3.086247,4.201699,3.086247,-2.0792970957170273e-05,0.013581521166237879,-0.1826019999999997,0.18446200000000035,-0.0003708046106904741,0.4018697186972784,-4.73773,4.73215,ISC_CS_0.6CC_DST_50ohm.csv,1,ISC,DST,0.6,,50,DST_CC0.6_50ohm
-0.011417036286608956,1.8935720896672028,-5.41853,3.78534,-5.40737,0.3473217326702278,0.7642488953243056,0.0,2.63661,0.01867,59.305283459200595,35.0482115006345,0.0,100.0,100.0,3.779181072818813,0.2592593131626295,3.028894,4.206039,3.028894,-2.766097635861219e-05,0.014204012187092482,-0.19376300000000013,0.19717200000000012,-0.0005279379797359534,0.43952063181381157,-4.7414499999999995,4.76377,ISC_CS_1.3CC_DST_500ohm.csv,1,ISC,DST,1.3,,500,DST_CC1.3_500ohm
-0.02819361546365268,2.068976363914056,-5.41295,4.92932,-5.40737,0.28805333033650143,0.7027106437098543,0.0,2.55772,0.01869,59.469499409196,35.25881603098811,0.0,100.0,100.0,3.7699950806575906,0.2523119795488997,3.058036,4.200459,3.058036,-2.8015285806037286e-05,0.014113923169935821,-0.1835309999999999,0.1863220000000001,-0.0006260134874759155,0.4488730821992182,-4.73587,4.73587,ISC_CS_1.7CC_DST_800ohm.csv,1,ISC,DST,1.7,,800,DST_CC1.7_800ohm
-0.029219251984015326,1.5982144578647621,-5.41295,2.70647,-5.40551,0.38412299881803347,0.7397370085292498,0.0,2.54574,0.01868,57.45171228682389,34.61053188232836,0.0,100.0,100.0,3.767092253841391,0.2418407028326168,3.079737,4.200149,3.079737,-1.799211933577259e-05,0.013004435067677808,-0.17113099999999992,0.17516199999999982,-0.0003857405009850822,0.4200983630437281,-4.74331,4.75261,ISC_CS_0.7CC_DST_300ohm.csv,1,ISC,DST,0.7,,300,DST_CC0.7_300ohm
-0.01654846690435593,1.4538112933348037,-5.41481,2.71019,-5.40551,0.45362645326306,0.773181108061846,0.0,2.58251,0.01865,56.354356688885446,34.15424342875866,0.0,100.0,100.0,3.7630897610189633,0.23914200606830724,3.022383,4.201389,3.022383,-1.9000723476822902e-05,0.013373260461100395,-0.19531199999999993,0.19717200000000012,-0.00032423027233734604,0.40250321054023597,-4.74331,4.73587,ISC_CS_0.5CC_DST_200ohm.csv,1,ISC,DST,0.5,,200,DST_CC0.5_200ohm
-0.027464139465018234,1.658597679655987,-5.41295,2.70833,-5.40737,0.3698391108671789,0.7391666847989852,0.0,2.55531,0.01871,57.874846166734066,34.74593766161669,0.0,100.0,100.0,3.7698147163325437,0.24338310534912233,3.071987,4.200459,3.071987,-2.0599872883804266e-05,0.01400116163489861,-0.18725199999999997,0.18818199999999985,-0.00041293002831224425,0.425743561729954,-4.73587,4.73401,ISC_CS_0.8CC_DST_700ohm.csv,1,ISC,DST,0.8,,700,DST_CC0.8_700ohm
-0.012528959163948378,1.814422025392794,-5.40923,3.19754,-5.40551,0.34848576597801134,0.7512154166487692,0.0,2.61656,0.01849,58.74668603962788,34.98856736192186,0.0,100.0,100.0,3.778052786033587,0.2469541791997915,3.096478,4.200459,3.096478,-2.2869381343644282e-05,0.014580409910073425,-0.18911200000000017,0.1897319999999998,-0.0004842466167230547,0.43538100221252884,-4.73773,4.75819,ISC_CS_1.1CC_DST_700ohm.csv,1,ISC,DST,1.1,,700,DST_CC1.1_700ohm
-0.027462650862068984,1.8562410044167295,-5.41853,3.47842,-5.40737,0.31456248668864095,0.7013882570278295,0.0,2.48033,0.01859,58.915321038286,35.064354960808444,0.0,100.0,100.0,3.775396046970081,0.24920479280241115,3.082837,4.204179,3.082837,-2.3879421833396755e-05,0.014910264034039781,-0.18725199999999997,0.1888029999999996,-0.0005260549004691253,0.43911042133372025,-4.743309999999999,4.73215,ISC_CS_1.2CC_DST_900ohm.csv,1,ISC,DST,1.2,,900,DST_CC1.2_900ohm
-0.02100866471431253,1.930028999722263,-5.41109,4.06064,-5.40179,0.3243765225247679,0.7364520002124266,0.0,2.57517,0.01857,59.380579849211784,35.130809956155744,0.0,100.0,100.0,3.77421911826282,0.2576410200142022,3.026724,4.206969,3.026724,-2.7626783822521347e-05,0.015164289639547662,-0.1922130000000002,0.19407300000000038,-0.0005533875490745929,0.44177815783323415,-4.743309999999999,4.7414499999999995,ISC_CS_1.4CC_DST_1000ohm.csv,1,ISC,DST,1.4,,1000,DST_CC1.4_1000ohm
-0.005404088250584832,1.9328578298033432,-5.41481,4.3564,-5.40737,0.3516315115674552,0.7547094136264987,0.0,2.49797,0.01859,60.026272615024695,34.985345489323,0.0,100.0,100.0,3.8001366950220947,0.2568771985616575,3.087178,4.241071,3.087178,-3.59869361757442e-05,0.02083403601467458,-0.24863500000000016,0.24708599999999992,-0.0005961425971662557,0.43815649198527085,-4.74331,4.73587,ISC_CS_1.5CC_DST_400ohm.csv,1,ISC,DST,1.5,,400,DST_CC1.5_400ohm
0.33899673112480755,2.1929575394396297,-5.41295,5.22135,-5.40923,0.6711687049306627,1.1092561421602312,0.0,3.08431,0.01871,61.7187662403698,34.33095704216117,0.0,100.0,100.0,3.822367419414483,0.2870327524994779,3.010913,4.206349,3.010913,-5.233880413006627e-05,0.01577408005625948,-0.2198039999999999,0.21360399999999968,-0.0007739744182462621,0.40579518209140697,-4.73401,4.74145,ISC_CS_1.8CC_DST_10ohm.csv,1,ISC,DST,1.8,,10,DST_CC1.8_10ohm
-0.018714545804959716,1.9327839160368343,-5.40737,4.0625,-5.40179,0.3144491834768084,0.7146584647046147,0.0,2.50387,0.01853,59.34361653604009,35.14643486547375,0.0,100.0,100.0,3.772818753886676,0.25757664687958004,3.026414,4.210999,3.026414,-3.091428938576207e-05,0.01540630658989617,-0.19097199999999992,0.19159300000000012,-0.0005704414032382419,0.44202170296236076,-4.73773,4.73215,ISC_CS_1.4CC_DST_200ohm.csv,1,ISC,DST,1.4,,200,DST_CC1.4_200ohm
-0.027235002470966205,1.7658101664020258,-5.41481,2.90365,-5.40923,0.3336158493946133,0.710911676419369,0.0,2.49182,0.01855,58.48284545342229,34.931334013739644,0.0,100.0,100.0,3.7712781368297503,0.2492190218835228,3.084387,4.200149,3.084387,-2.2313913258371404e-05,0.013169565994051384,-0.17950100000000013,0.17671199999999976,-0.0004770394167799324,0.4341949406605647,-4.73587,4.74331,ISC_CS_1.0CC_DST_400ohm.csv,1,ISC,DST,1.0,,400,DST_CC1.0_400ohm
0.1345590562440419,2.084816143189818,-5.41481,4.64286,-5.40551,0.4260271056684022,0.8506911343591881,0.0,2.65999,0.01859,60.28970068930116,34.928678169044424,0.0,100.0,100.0,3.78993423964215,0.2658859709595656,3.069196,4.206039,3.069196,-3.897132379904657e-05,0.016233263918822072,-0.200272,0.2002729999999997,-0.0006939809314264755,0.42797851333109804,-4.73773,4.73587,ISC_CS_1.6CC_DST_20ohm.csv,1,ISC,DST,1.6,,20,DST_CC1.6_20ohm
-0.03826532230493536,1.5938416860817395,-5.41109,2.71019,-5.40179,0.37891015384615384,0.7371012741958326,0.0,2.55208,0.01866,57.465153421560515,34.636760923639095,0.0,100.0,100.0,3.761217764598842,0.24812456085471546,2.96875,4.200149,2.96875,-2.4363205205978065e-05,0.013090904413522904,-0.1866319999999999,0.19035199999999985,-0.00037729664148237975,0.42160413340476766,-4.73959,4.73215,ISC_CS_0.7CC_DST_600ohm.csv,1,ISC,DST,0.7,,600,DST_CC0.7_600ohm
-0.00033799780899603345,1.9169377520130728,-5.41667,3.77604,-5.40551,0.3254905735275165,0.7235820297361045,0.0,2.5251,0.01859,59.038573095759766,35.070898273393546,0.0,100.0,100.0,3.7719506362933366,0.2529915681145049,3.065476,4.200149,3.065476,-2.7093774168600174e-05,0.0138527063851768,-0.18694200000000016,0.1866319999999999,-0.0005533842485176585,0.43627852411180074,-4.74331,4.748889999999999,ISC_CS_1.3CC_DST_100ohm.csv,1,ISC,DST,1.3,,100,DST_CC1.3_100ohm
0.036570289393087124,1.9754798760233592,-5.41853,4.36198,-5.40737,0.39833870304394026,0.8442632152017792,0.0,2.7765,0.01868,59.921803675229704,34.992235804284675,0.0,100.0,100.0,3.7959179529345577,0.2572300561539043,3.085007,4.235491,3.085007,-9.147277614552739e-06,0.019355733957433195,-0.23747499999999988,0.23499500000000006,-0.0005744195786710001,0.4362316124346821,-4.74703,4.73959,ISC_CS_1.5CC_DST_900ohm.csv,1,ISC,DST,1.5,,900,DST_CC1.5_900ohm
-0.02532871260748456,1.7064165705409362,-5.41853,2.70833,-5.40365,0.3509913164587622,0.7199198397857715,0.0,2.47927,0.01855,58.30231800290663,34.85732575015906,0.0,100.0,100.0,3.7751825024221874,0.24601143759882174,3.059276,4.22495,3.059276,-2.808799660852712e-05,0.0181759595278712,-0.23189499999999974,0.23189500000000018,-0.00045027252906976737,0.4293038066270658,-4.74517,4.7470300000000005,ISC_CS_0.9CC_DST_800ohm.csv,1,ISC,DST,0.9,,800,DST_CC0.9_800ohm
-0.035291981665067834,1.5301989439559949,-5.40923,2.70833,-5.40179,0.40364597057882956,0.7468284140014936,0.0,2.56133,0.01865,56.99307601002025,34.43636740028419,0.0,100.0,100.0,3.7594283262445374,0.24488999728697838,2.980221,4.203559,2.980221,-2.2788699360341163e-05,0.01363202687539237,-0.19438299999999975,0.19500299999999982,-0.0003493176972281448,0.4144633074106972,-4.73959,4.73029,ISC_CS_0.6CC_DST_900ohm.csv,1,ISC,DST,0.6,,900,DST_CC0.6_900ohm
-0.024357222629176885,1.5971980953730684,-5.41853,2.71205,-5.39993,0.3852790336394884,0.7408644561321764,0.0,2.54958,0.01859,57.41215943539753,34.59764035178145,0.0,100.0,100.0,3.7688710929734603,0.24061552659886135,3.085317,4.201389,3.085317,-1.7645590307128782e-05,0.013301092412805965,-0.17919200000000002,0.18198099999999995,-0.00038596562411946926,0.4201882099993059,-4.748889999999999,4.73773,ISC_CS_0.7CC_DST_900ohm.csv,1,ISC,DST,0.7,,900,DST_CC0.7_900ohm
-0.016381827520452738,1.8909348846064384,-5.42411,3.7779,-5.41295,0.34115677677308237,0.7546325618768185,0.0,2.61772,0.01866,59.25806838900166,35.038238696511904,0.0,100.0,100.0,3.781400822230424,0.2578598827307974,3.051835,4.202939,3.051835,-2.7692956013534306e-05,0.013629151486056873,-0.18880300000000005,0.18880199999999991,-0.0005294844663180559,0.4399867827320013,-4.748889999999999,4.75075,ISC_CS_1.3CC_DST_1000ohm.csv,1,ISC,DST,1.3,,1000,DST_CC1.3_1000ohm
0.01663786614322788,1.9536488604242337,-5.41481,4.06622,-5.40551,0.35493861584246184,0.7812684966088616,0.0,2.67042,0.01878,59.48181367694548,35.06961394649953,0.0,100.0,100.0,3.7755277748369527,0.2569555757666361,3.051835,4.21348,3.051835,-3.4160597808878942e-06,0.015896801280389946,-0.20027300000000015,0.20120300000000002,-0.000562830093091001,0.43905343229243204,-4.73773,4.75261,ISC_CS_1.4CC_DST_400ohm.csv,1,ISC,DST,1.4,,400,DST_CC1.4_400ohm
-0.029270127264117388,1.8071093685373538,-5.41481,3.19754,-5.40365,0.3402127500887888,0.7437957798099158,0.0,2.61649,0.01863,58.7277985320232,35.01140744285623,0.0,100.0,100.0,3.769226769208003,0.25193275512846175,3.009053,4.201079,3.009053,-2.7970044991712024e-05,0.015075827595638028,-0.20058299999999996,0.2613470000000002,-0.00047427954061093967,0.43717851605730923,-4.743309999999999,4.7544699999999995,ISC_CS_1.1CC_DST_1000ohm.csv,1,ISC,DST,1.1,,1000,DST_CC1.1_1000ohm
0.07955712070128135,1.890196518695812,-5.41109,3.48586,-5.40551,0.40731388873904256,0.8127092298406874,0.0,2.63517,0.01866,59.244842447741064,34.869665378048815,0.0,100.0,100.0,3.778398424814565,0.26262037287386814,3.010293,4.205419,3.010293,-3.456042622066365e-05,0.015599787068949331,-0.20368399999999998,0.20151300000000028,-0.0005603688966819525,0.42517294027090696,-4.73587,4.73773,ISC_CS_1.2CC_DST_30ohm.csv,1,ISC,DST,1.2,,30,DST_CC1.2_30ohm
-0.04358845861268686,2.0742488354263555,-5.41667,5.22321,-5.40737,0.28158428184631257,0.6895351247614816,0.0,2.48905,0.01862,59.717900664002066,35.27178282404224,0.0,100.0,100.0,3.772005597086127,0.25638533557921483,3.044085,4.205109,3.044085,-3.362043842682142e-05,0.015286857416377088,-0.192523,0.19252199999999986,-0.0006471437782076076,0.4496265949771682,-4.74517,4.75633,ISC_CS_1.8CC_DST_1000ohm.csv,1,ISC,DST,1.8,,1000,DST_CC1.8_1000ohm
-0.04452813198410732,1.7577628671914776,-5.41481,2.90365,-5.40923,0.32013834119692075,0.686983454849177,0.0,2.41348,0.01868,58.55136988452942,34.954967473813646,0.0,100.0,100.0,3.7684774890116715,0.25209742038415134,3.030754,4.206039,3.030754,-3.05284366074755e-05,0.014691884695257838,-0.19903300000000002,0.19965199999999994,-0.0004794089159319514,0.43520366095309837,-4.73587,4.73773,ISC_CS_1.0CC_DST_900ohm.csv,1,ISC,DST,1.0,,900,DST_CC1.0_900ohm
0.12798109768165122,2.2367543972991606,-5.41667,5.51525,-5.40551,0.3993512178399773,0.8626295173539564,0.0,2.81651,0.01861,60.11538638676844,35.10188228378286,0.0,100.0,100.0,3.7781064258552446,0.2644432188510895,3.042845,4.202939,3.042845,-6.837692633960152e-06,0.015301789982525729,-0.19779299999999989,0.1965530000000002,-0.0007304510108864692,0.4355425602108025,-4.73773,4.74889,ISC_CS_1.9CC_DST_30ohm.csv,1,ISC,DST,1.9,,30,DST_CC1.9_30ohm
-0.03633503940886705,1.846476682313419,-5.41667,3.48028,-5.40551,0.32155764408867,0.7164195946459873,0.0,2.52049,0.01871,59.004050862068965,35.07796679389887,0.0,100.0,100.0,3.7698042570197043,0.2555850298959617,3.014013,4.204799,3.014013,-2.905831999014658e-05,0.015129802867469469,-0.19221200000000005,0.19407200000000024,-0.0005109083630989034,0.439248872888966,-4.743309999999999,4.73215,ISC_CS_1.2CC_DST_1000ohm.csv,1,ISC,DST,1.2,,1000,DST_CC1.2_1000ohm
-0.0190823145707345,1.454186073251782,-5.41481,2.71391,-5.40365,0.4512445345531607,0.7708362212359325,0.0,2.57182,0.01848,56.40182410709671,34.159595473235505,0.0,100.0,100.0,3.7652798548612183,0.23559177088145802,3.078807,4.200149,3.078807,-1.5961695528560346e-05,0.013371164213413804,-0.1860120000000003,0.18756200000000023,-0.00032423468596536563,0.4028235020765298,-4.74145,4.7544699999999995,ISC_CS_0.5CC_DST_500ohm.csv,1,ISC,DST,0.5,,500,DST_CC0.5_500ohm
-0.038141576158940545,1.5961690769621917,-5.41481,2.70647,-5.40365,0.3771772345474613,0.7351495008395319,0.0,2.55413,0.01868,57.41732188189845,34.62578836910531,0.0,100.0,100.0,3.7599465932671086,0.2472671939506776,2.96813,4.200149,2.96813,-2.443476101114917e-05,0.0130577072172863,-0.1844619999999999,0.19159199999999998,-0.00037801964896787656,0.421814352566442,-4.73959,4.73215,ISC_CS_0.7CC_DST_700ohm.csv,1,ISC,DST,0.7,,700,DST_CC0.7_700ohm
-0.005868417425227634,2.093029171557866,-5.41481,5.52455,-5.40737,0.33025411508452535,0.7562421625990073,0.0,2.58184,0.01869,60.197183953185956,35.09858427138661,0.0,100.0,100.0,3.7929878175552663,0.25943927387643934,3.087178,4.21224,3.087178,-3.388880218493951e-05,0.016314870149106587,-0.20337300000000003,0.20461300000000016,-0.0006722941865001936,0.4452419285816898,-4.73959,4.74517,ISC_CS_1.9CC_DST_600ohm.csv,1,ISC,DST,1.9,,600,DST_CC1.9_600ohm
-0.02360886130082346,1.8988084743117561,-5.41109,3.7779,-5.40737,0.31355562328461095,0.7076086109109229,0.0,2.49622,0.01858,59.13486818152805,35.09771945691764,0.0,100.0,100.0,3.77669381470607,0.25289299060143916,3.064546,4.202629,3.064546,-2.6915225023938745e-05,0.013831950969468942,-0.1881820000000003,0.19128199999999973,-0.0005484768592403438,0.44114532366870013,-4.735869999999999,4.73959,ISC_CS_1.3CC_DST_600ohm.csv,1,ISC,DST,1.3,,600,DST_CC1.3_600ohm
0.15184876452862694,2.0368776773948407,-5.41481,4.35268,-5.40737,0.4652205108336921,0.8939562650561326,0.0,2.74591,0.01864,60.28551151528197,34.82986217532132,0.0,100.0,100.0,3.793318288133161,0.2684275981497812,3.054935,4.21286,3.054935,-4.050990241102181e-05,0.018185062900760225,-0.2225950000000001,0.2207340000000002,-0.0006583029563719856,0.42309684033623113,-4.74331,4.7340100000000005,ISC_CS_1.5CC_DST_20ohm.csv,1,ISC,DST,1.5,,20,DST_CC1.5_20ohm
-0.0435115514100873,2.1230394361470006,-5.40923,5.80729,-5.40365,0.29307415991457825,0.7164131333730306,0.0,2.54581,0.01858,60.04384479618114,35.25353647235676,0.0,100.0,100.0,3.773863120218579,0.26196912953805623,3.010293,4.201079,3.010293,-3.9319680884477686e-05,0.014578485316849873,-0.19097199999999992,0.19097199999999992,-0.0006673245806897419,0.45039475594280753,-4.73959,4.7674900000000004,ISC_CS_2.0CC_DST_1000ohm.csv,1,ISC,DST,2.0,,1000,DST_CC2.0_1000ohm
-0.022770789009849596,1.4538882421996504,-5.41295,2.71391,-5.40923,0.4451063576982892,0.7622837132669028,0.0,2.55177,0.01863,56.399479409020216,34.15136010412674,0.0,100.0,100.0,3.7686809941938826,0.23463579527917583,3.092758,4.203559,3.092758,-1.6298164661965993e-05,0.013675976555876594,-0.1897319999999998,0.19221200000000005,-0.00032528929904603916,0.4032537738878519,-4.74145,4.73773,ISC_CS_0.5CC_DST_900ohm.csv,1,ISC,DST,0.5,,900,DST_CC0.5_900ohm
0.08488705996006954,1.8433329053104013,-5.41295,3.18824,-5.40923,0.4294266039801635,0.8433780733616544,0.0,2.74847,0.0186,58.84230226057835,34.81358177211356,0.0,100.0,100.0,3.776539850904875,0.2605110706762762,2.97588,4.200459,2.97588,-3.4426666666666714e-05,0.015264650042065236,-0.20864300000000036,0.2089540000000003,-0.0005160405797101445,0.42227859238042437,-4.739590000000001,4.73029,ISC_CS_1.1CC_DST_30ohm.csv,1,ISC,DST,1.1,,30,DST_CC1.1_30ohm
-0.03313365311884104,1.530789801626989,-5.40737,2.71019,-5.40179,0.40484528098865397,0.7488153828568609,0.0,2.57057,0.01852,56.927741799392734,34.43960718439689,0.0,100.0,100.0,3.7576184480370745,0.24571081993560517,2.96689,4.200459,2.96689,-2.2973629534920912e-05,0.012940849281922462,-0.1822919999999999,0.18787200000000004,-0.00034950934952852783,0.414374343670429,-4.73959,4.73587,ISC_CS_0.6CC_DST_400ohm.csv,1,ISC,DST,0.6,,400,DST_CC0.6_400ohm
-0.01546722180043398,1.531193534004687,-5.40923,2.71205,-5.40179,0.4186938568329718,0.7618083437306501,0.0,2.58865,0.01856,56.91135762472885,34.40154907975756,0.0,100.0,100.0,3.762653903036876,0.24273957096456003,3.024554,4.203869,3.024554,-2.01601583685866e-05,0.013561264187675415,-0.18632199999999965,0.1906620000000001,-0.00035582167263260617,0.4121324558386013,-4.73959,4.73029,ISC_CS_0.6CC_DST_200ohm.csv,1,ISC,DST,0.6,,200,DST_CC0.6_200ohm
0.00216571635060124,1.6627022641196507,-5.41295,2.70833,-5.40551,0.39576424895929696,0.771682558100472,0.0,2.62488,0.01872,57.72335908880666,34.67470947295033,0.0,100.0,100.0,3.766734466234967,0.24509256223518955,3.052145,4.200149,3.052145,-2.1601364635133552e-05,0.014022709019246009,-0.18973200000000023,0.19190300000000038,-0.00041302532670290217,0.4193771073796692,-4.74145,4.73215,ISC_CS_0.8CC_DST_100ohm.csv,1,ISC,DST,0.8,,100,DST_CC0.8_100ohm
-0.024473293458757112,1.5302487150967006,-5.41853,2.71019,-5.40551,0.41062333804578327,0.7503367163191969,0.0,2.55111,0.01861,56.938032276657054,34.41225636940644,0.0,100.0,100.0,3.7635866535261813,0.23854397503953326,3.080977,4.203559,3.080977,-1.6049703627168424e-05,0.013821914597515509,-0.18911299999999986,0.18601199999999984,-0.00035707325031268634,0.41271141665922845,-4.74331,4.73959,ISC_CS_0.6CC_DST_1000ohm.csv,1,ISC,DST,0.6,,1000,DST_CC0.6_1000ohm
-0.00987987476231071,2.1147422405817173,-5.41481,5.51339,-5.40923,0.31029813454855426,0.7332603811451289,0.0,2.56361,0.01861,59.946896334666576,35.189613405195225,0.0,100.0,100.0,3.786214050029506,0.2558625783245783,3.098958,4.205729,3.098958,-3.2264541937176194e-05,0.015031110821976508,-0.18508199999999997,0.18756199999999978,-0.0006778595317725756,0.4468900610253578,-4.74517,4.74331,ISC_CS_1.9CC_DST_300ohm.csv,1,ISC,DST,1.9,,300,DST_CC1.9_300ohm
-0.02854040370112175,2.0271714835514087,-5.40923,4.93676,-5.40179,0.31209252867735593,0.7289181274185329,0.0,2.54536,0.01852,59.85635090943659,35.17577255034969,0.0,100.0,100.0,3.7768248215983267,0.26081787533252376,3.015253,4.21317,3.015253,-3.7335234835520056e-05,0.016450095495751493,-0.20926400000000012,0.21174399999999993,-0.0006181536413766885,0.44598778345124296,-4.74331,4.7544699999999995,ISC_CS_1.7CC_DST_400ohm.csv,1,ISC,DST,1.7,,400,DST_CC1.7_400ohm
0.31392181383133955,1.4953319577680106,-5.41667,2.70647,-5.40923,0.8727281826670557,1.1821099778965765,0.0,3.4365,0.01858,56.86619430405602,33.63770578796052,0.0,100.0,100.0,3.7939920295302008,0.2602503296912624,2.995102,4.202319,2.995102,-2.46090001751007e-05,0.013360201675203362,-0.20151300000000028,0.19748300000000008,-0.000382924181404308,0.36002880472676996,-4.74517,4.7340100000000005,ISC_CS_0.6CC_DST_10ohm.csv,1,ISC,DST,0.6,,10,DST_CC0.6_10ohm
0.04387869347423316,1.878384935620193,-5.41481,3.48772,-5.40923,0.36063302065463526,0.7439890160276067,0.0,2.467,0.01854,59.0862587867975,34.95552260937967,0.0,100.0,100.0,3.7806524597543403,0.25217312602172154,3.092758,4.21472,3.092758,-3.440409031638188e-05,0.018615149549164375,-0.22042399999999995,0.22073399999999976,-0.0005703802072609974,0.4288314230125973,-4.743309999999999,4.73959,ISC_CS_1.2CC_DST_50ohm.csv,1,ISC,DST,1.2,,50,DST_CC1.2_50ohm
-0.02754442474389286,1.5984431834112136,-5.41481,2.71205,-5.40923,0.3860608291117866,0.7429037342461736,0.0,2.55541,0.01858,57.4254055836992,34.60702870359009,0.0,100.0,100.0,3.767429286614883,0.24033493279179832,3.089968,4.200149,3.089968,-1.9005347894618348e-05,0.013299872844433874,-0.17764099999999994,0.17795099999999975,-0.00038607633415897296,0.4200069408311173,-4.74145,4.75633,ISC_CS_0.7CC_DST_500ohm.csv,1,ISC,DST,0.7,,500,DST_CC0.7_500ohm
0.11269969227351001,1.4358790408301574,-5.40923,2.71391,-5.40365,0.5927512708992946,0.8905548563039273,0.0,2.76927,0.01854,56.20954734210965,33.783592688528124,0.0,100.0,100.0,3.7827225459090146,0.2373523077787092,3.099578,4.2141,3.099578,-2.013293705905228e-05,0.01604513775800938,-0.21608399999999994,0.216704,-0.0003486495194711401,0.3793457824949531,-4.73959,4.76563,ISC_CS_0.5CC_DST_30ohm.csv,1,ISC,DST,0.5,,30,DST_CC0.5_30ohm
0.09752480818596676,2.065633504297599,-5.41853,4.64286,-5.41109,0.4062152909298346,0.8274913848740059,0.0,2.61355,0.01862,60.254326547347404,34.98257011331201,0.0,100.0,100.0,3.7906831554478035,0.2619625093974338,3.086247,4.21472,3.086247,-4.156596776494079e-05,0.0182262102964842,-0.214534,0.21732400000000007,-0.0006750927114534312,0.4301402185015122,-4.73959,4.73959,ISC_CS_1.6CC_DST_30ohm.csv,1,ISC,DST,1.6,,30,DST_CC1.6_30ohm
0.3154764214098412,2.1450665375647433,-5.41295,4.93304,-5.40923,0.6474654897424031,1.0739433625670696,0.0,2.99091,0.01874,61.60448146691346,34.412332271331394,0.0,100.0,100.0,3.821808640829863,0.28451654719802466,3.025484,4.201079,3.025484,-4.658423326133907e-05,0.015061426629294107,-0.2008930000000002,0.19779299999999989,-0.0007522840172786173,0.405649146671779,-4.7414499999999995,4.74145,ISC_CS_1.7CC_DST_10ohm.csv,1,ISC,DST,1.7,,10,DST_CC1.7_10ohm
-0.02125926457165222,2.0786646217030476,-5.41295,5.52269,-5.40551,0.3185512263658887,0.7340721867250184,0.0,2.5134,0.01887,60.19776768157518,35.10850520222635,0.0,100.0,100.0,3.7870792864780283,0.26270302063829803,3.044395,4.2172,3.044395,-4.0288862806468434e-05,0.017544089588513324,-0.22228400000000015,0.22352400000000028,-0.0006737715179968692,0.4459346379595377,-4.73773,4.74889,ISC_CS_1.9CC_DST_400ohm.csv,1,ISC,DST,1.9,,400,DST_CC1.9_400ohm
-0.015524645245050352,1.919704793874824,-5.41481,4.3564,-5.40737,0.3481630808179163,0.7445731277848335,0.0,2.45794,0.01861,60.0900706004544,34.96628188459718,0.0,100.0,100.0,3.8028258157091854,0.2573887549398586,3.088108,4.237351,3.088108,-3.6611374407582925e-05,0.020408877097877684,-0.24956600000000018,0.24553599999999998,-0.0005956054015451531,0.43788657392684965,-4.74331,4.74145,ISC_CS_1.5CC_DST_700ohm.csv,1,ISC,DST,1.5,,700,DST_CC1.5_700ohm
0.09037060560527845,1.79017592810929,-5.40737,2.90737,-5.40365,0.43697583327889195,0.8316741908521876,0.0,2.68057,0.01851,58.67766190631737,34.73158725761653,0.0,100.0,100.0,3.780823892010191,0.25952414495050374,3.037264,4.21813,3.037264,-3.283515191114013e-05,0.016245054125602395,-0.20337300000000003,0.2008930000000002,-0.000504620712185559,0.41855263005209203,-4.73959,4.76191,ISC_CS_1.0CC_DST_30ohm.csv,1,ISC,DST,1.0,,30,DST_CC1.0_30ohm
-0.0354516745607334,1.4534171384951804,-5.41853,2.71019,-5.40551,0.4369803615991852,0.7573468051615618,0.0,2.54891,0.01864,56.43897676597912,34.20623865206707,0.0,100.0,100.0,3.7595482282149226,0.24078037855750628,2.97154,4.201079,2.97154,-2.3070238883512456e-05,0.013518611546957401,-0.19500299999999982,0.19934299999999983,-0.00031957316762593513,0.4054535466206401,-4.74703,4.73587,ISC_CS_0.5CC_DST_700ohm.csv,1,ISC,DST,0.5,,700,DST_CC0.5_700ohm
-0.03588631921408515,2.0639606421332934,-5.41295,5.22321,-5.40737,0.3017612075784639,0.7178801240075525,0.0,2.52734,0.01876,59.91365742536361,35.22213240046778,0.0,100.0,100.0,3.7741563816024497,0.2622615459248073,3.008433,4.209449,3.008433,-3.728378205946158e-05,0.01573750261148557,-0.19841299999999995,0.19965199999999994,-0.0006409659308408827,0.44726870330481067,-4.743309999999999,4.77121,ISC_CS_1.8CC_DST_300ohm.csv,1,ISC,DST,1.8,,300,DST_CC1.8_300ohm
-0.02853039916815902,1.6563477364552062,-5.41295,2.71391,-5.40737,0.3678975680203339,0.7367725811637238,0.0,2.54704,0.01861,57.85665123331986,34.767699306003884,0.0,100.0,100.0,3.769564411876841,0.2427942925003179,3.078497,4.203869,3.078497,-2.0490091859726127e-05,0.014956100529348716,-0.19345299999999988,0.19593300000000013,-0.0004124524813680754,0.4256493741508569,-4.74517,4.73587,ISC_CS_0.8CC_DST_1000ohm.csv,1,ISC,DST,0.8,,1000,DST_CC0.8_1000ohm
-0.007488502236282319,1.531774268067653,-5.41853,2.71949,-5.41109,0.42888555852514454,0.7677682149267319,0.0,2.57182,0.0186,56.91578504963456,34.33882712357858,0.0,100.0,100.0,3.761557506108869,0.24380370030436768,3.004402,4.202009,3.004402,-2.3895810604407583e-05,0.013852871493149442,-0.1946920000000003,0.19686200000000031,-0.0003584878900283648,0.4083026271427527,-4.743309999999999,4.77307,ISC_CS_0.6CC_DST_100ohm.csv,1,ISC,DST,0.6,,100,DST_CC0.6_100ohm
-0.04053730489437229,1.653045708218408,-5.41109,2.70647,-5.40923,0.353973293953326,0.7149979505003776,0.0,2.48618,0.0186,57.90967089565268,34.77550203651032,0.0,100.0,100.0,3.769830079497177,0.24407021559576694,3.057106,4.200769,3.057106,-2.4432047028694475e-05,0.013868398120866994,-0.18942199999999998,0.19097200000000036,-0.0004158500669344031,0.42730821758969906,-4.73773,4.73401,ISC_CS_0.8CC_DST_900ohm.csv,1,ISC,DST,0.8,,900,DST_CC0.8_900ohm
0.00879126616020251,2.1117454080766045,-5.42039,5.51897,-5.40737,0.3363853345328536,0.7629191290196711,0.0,2.57757,0.01857,60.284111455417836,35.1098118853473,0.0,100.0,100.0,3.7940342693589226,0.2573680802555178,3.098648,4.2203,3.098648,-3.690315915755803e-05,0.017685117079774416,-0.21794400000000014,0.21298300000000037,-0.0006888043188483067,0.44402421470075515,-4.74517,4.7749299999999995,ISC_CS_1.9CC_DST_200ohm.csv,1,ISC,DST,1.9,,200,DST_CC1.9_200ohm
0.0008844487313626779,2.0222981592609717,-5.40923,4.64658,-5.40551,0.32498594166884653,0.7370519110225897,0.0,2.52871,0.01856,59.67884769160346,35.15200030946667,0.0,100.0,100.0,3.776890721749935,0.25742956288799956,3.067956,4.21255,3.067956,-3.108306082406799e-05,0.016656259003236282,-0.2021320000000002,0.20275299999999996,-0.0006191072596468272,0.4396766443545924,-4.73959,4.75075,ISC_CS_1.6CC_DST_100ohm.csv,1,ISC,DST,1.6,,100,DST_CC1.6_100ohm
-0.029398913288661913,2.114271463242968,-5.41481,5.51897,-5.40737,0.2845802826245605,0.6918347019587457,0.0,2.47099,0.01865,59.83659990711869,35.26591296611709,0.0,100.0,100.0,3.772877936110927,0.2569631541938319,3.051215,4.202629,3.051215,-3.42088779775728e-05,0.015002578691741823,-0.1906620000000001,0.19221299999999975,-0.0006854953221418611,0.45019237842927373,-4.73959,4.74703,ISC_CS_1.9CC_DST_900ohm.csv,1,ISC,DST,1.9,,900,DST_CC1.9_900ohm
-0.032557993672888336,1.9221250590153693,-5.41853,4.06808,-5.40551,0.31294498829484335,0.7066819086449064,0.0,2.45004,0.01851,59.38925617842455,35.112380751504794,0.0,100.0,100.0,3.7799703695033218,0.25236890853189303,3.096168,4.20821,3.096168,-2.995640068341454e-05,0.016193664610299235,-0.196863,0.19748199999999994,-0.0005621673100044292,0.43903141887602776,-4.74703,4.73587,ISC_CS_1.4CC_DST_50ohm.csv,1,ISC,DST,1.4,,50,DST_CC1.4_50ohm
-0.04399511183815182,2.1340038200525795,-5.41667,5.80543,-5.40551,0.27310205181277963,0.6729327231582909,0.0,2.41343,0.0186,60.01148417573613,35.27950268038828,0.0,100.0,100.0,3.773055506176137,0.2577939218477871,3.038815,4.204799,3.038815,-3.925181969949916e-05,0.015897974468731563,-0.20213300000000034,0.20585300000000029,-0.0007091432387312186,0.4509938199944275,-4.73959,4.73773,ISC_CS_2.0CC_DST_600ohm.csv,1,ISC,DST,2.0,,600,DST_CC2.0_600ohm
-0.014586728482812027,1.8560661758300865,-5.41667,3.49516,-5.40737,0.3310643893771001,0.7188586030447057,0.0,2.47351,0.01869,59.137953599121225,35.04569214917203,0.0,100.0,100.0,3.7723100301757566,0.2557537995245162,3.032304,4.203869,3.032304,-3.480056869587696e-05,0.015489344217160998,-0.19283200000000011,0.19593300000000013,-0.0005367345224247125,0.4376056258572195,-4.73959,4.75075,ISC_CS_1.2CC_DST_100ohm.csv,1,ISC,DST,1.2,,100,DST_CC1.2_100ohm
-0.027112885487528385,1.9920216415172936,-5.42597,4.65402,-5.40923,0.3191356494079113,0.7351261080824174,0.0,2.56176,0.01901,59.745350308641974,35.12750740736516,0.0,100.0,100.0,3.7783700654446966,0.2608795379518974,3.025794,4.204179,3.025794,-3.46852715131662e-05,0.015029010733465561,-0.19314199999999992,0.19655299999999976,-0.0005962133047751032,0.4452378226229844,-4.74889,4.75633,ISC_CS_1.6CC_DST_800ohm.csv,1,ISC,DST,1.6,,800,DST_CC1.6_800ohm
-0.025524072563098427,1.5295472179360674,-5.41481,2.72135,-5.40551,0.41053370213228896,0.7505322688716325,0.0,2.55066,0.01858,56.9806315981288,34.41965166871393,0.0,100.0,100.0,3.75786310791993,0.24190510223991432,3.004712,4.200459,3.004712,-2.1604558807529128e-05,0.013815398155980728,-0.1928329999999998,0.19655200000000006,-0.0003568044826460673,0.4128054004128706,-4.74517,4.73959,ISC_CS_0.6CC_DST_300ohm.csv,1,ISC,DST,0.6,,300,DST_CC0.6_300ohm
0.081119775038306,2.030190613973357,-5.41295,4.3564,-5.40551,0.38169318568045685,0.8020068408086373,0.0,2.62643,0.01867,59.73861128290849,35.002458166817824,0.0,100.0,100.0,3.7769530681153363,0.262930308872525,3.041295,4.208519,3.041295,-4.3298202842017317e-05,0.017022164079923338,-0.20740399999999992,0.20926299999999998,-0.0006395618556701025,0.4321176263036185,-4.73587,4.73587,ISC_CS_1.5CC_DST_30ohm.csv,1,ISC,DST,1.5,,30,DST_CC1.5_30ohm
-0.028147761605539917,1.9037680219549533,-5.42969,3.77976,-5.40737,0.3057644312644268,0.6976576314838328,0.0,2.4868,0.0187,59.08192990510387,35.12340472794465,0.0,100.0,100.0,3.775723812387792,0.24994374735824634,3.089968,4.202939,3.089968,-2.4950237270745152e-05,0.013793987767988075,-0.18384199999999984,0.18601199999999984,-0.0005512126458894454,0.4425673739382912,-4.75261,4.75633,ISC_CS_1.3CC_DST_800ohm.csv,1,ISC,DST,1.3,,800,DST_CC1.3_800ohm
0.14876894047698577,1.7844645700516404,-5.41109,2.89807,-5.40923,0.511901339434832,0.9080556820209208,0.0,2.78478,0.01864,58.93197409980627,34.59732557130616,0.0,100.0,100.0,3.794262987507516,0.26333268563658646,3.068266,4.203249,3.068266,-2.6099084652903084e-05,0.014044280041235943,-0.18787200000000004,0.18756200000000023,-0.0005158922963853817,0.40824341865582936,-4.73773,4.73215,ISC_CS_1.0CC_DST_20ohm.csv,1,ISC,DST,1.0,,20,DST_CC1.0_20ohm
0.1430012803970223,2.294348211511928,-5.41667,5.80729,-5.40365,0.40658135412974117,0.8822182080414752,0.0,2.87592,0.01873,60.22107388160227,35.11316767539224,0.0,100.0,100.0,3.7831948197093226,0.2601080693301864,3.099268,4.200149,3.099268,-1.1211089839041196e-06,0.014289658689580435,-0.17981200000000008,0.17981200000000008,-0.0007533858044387716,0.4365925631775107,-4.73959,4.752610000000001,ISC_CS_2.0CC_DST_30ohm.csv,1,ISC,DST,2.0,,30,DST_CC2.0_30ohm
0.15708671946821293,1.964839390115049,-5.41109,3.7779,-5.40551,0.46530306484689904,0.8896981245220071,0.0,2.77938,0.01858,59.591498182589625,34.80786379456049,0.0,100.0,100.0,3.7885106922424154,0.2636985596075356,3.062376,4.201699,3.062376,-3.0127095268406595e-05,0.014407600758105417,-0.1925220000000003,0.1906620000000001,-0.0006084624089398116,0.4200836524968394,-4.73959,4.7340100000000005,ISC_CS_1.3CC_DST_30ohm.csv,1,ISC,DST,1.3,,30,DST_CC1.3_30ohm
-0.028749472158845782,1.7615631655828865,-5.41481,2.90365,-5.40923,0.33689415551581675,0.712761756512433,0.0,2.47598,0.01867,58.57771500894123,34.93266238363341,0.0,100.0,100.0,3.7695766482703337,0.2519049244994717,3.050595,4.206349,3.050595,-2.4205118717237148e-05,0.014217085555311646,-0.19004200000000004,0.192523,-0.00047664508171446255,0.4337521292382962,-4.73773,4.73959,ISC_CS_1.0CC_DST_700ohm.csv,1,ISC,DST,1.0,,700,DST_CC1.0_700ohm
-0.026487089740357933,1.9984381828719113,-5.42597,4.64658,-5.41109,0.3161336690194102,0.7311724240542934,0.0,2.5537,0.01867,59.6921153705571,35.14283060559354,0.0,100.0,100.0,3.7782408230400804,0.25861251806908486,3.045635,4.207589,3.045635,-3.411660153787975e-05,0.015541762782846351,-0.195932,0.20089299999999977,-0.0005961622337072983,0.4453501652276625,-4.74889,4.76563,ISC_CS_1.6CC_DST_900ohm.csv,1,ISC,DST,1.6,,900,DST_CC1.6_900ohm
-0.03197605809128637,1.8892954245744868,-5.41295,3.78162,-5.40551,0.31112966102776896,0.7018329709602789,0.0,2.46918,0.01854,59.20190547717842,35.094577926115065,0.0,100.0,100.0,3.7747703692307693,0.2552971361531175,3.042845,4.211309,3.042845,-3.08178509864011e-05,0.015055379577594582,-0.1987230000000002,0.20244300000000015,-0.0005484281427568152,0.44114144957258844,-4.735869999999999,4.7340100000000005,ISC_CS_1.3CC_DST_400ohm.csv,1,ISC,DST,1.3,,400,DST_CC1.3_400ohm
-0.025781626016260186,1.7143834165356207,-5.42039,2.70461,-5.40737,0.3550360474843879,0.7349710140434016,0.0,2.56172,0.0186,58.17740767055496,34.847014036659864,0.0,100.0,100.0,3.768076126958878,0.24507699429552213,3.076017,4.200149,3.076017,-2.224858590619845e-05,0.015529472266420022,-0.2008930000000002,0.20275299999999996,-0.000437958991279755,0.4295556173977491,-4.74331,4.7340100000000005,ISC_CS_0.9CC_DST_1000ohm.csv,1,ISC,DST,0.9,,1000,DST_CC0.9_1000ohm
-0.024284837528862013,1.595894287324736,-5.41481,2.71019,-5.40737,0.38716677929830484,0.7435114430278591,0.0,2.55297,0.01856,57.4538252182238,34.59753122894159,0.0,100.0,100.0,3.768856818606747,0.2412093429144731,3.075707,4.200149,3.075707,-1.821177133201915e-05,0.013411181095858368,-0.182601,0.1844619999999999,-0.00038616727682342934,0.4199953526528272,-4.74145,4.73401,ISC_CS_0.7CC_DST_800ohm.csv,1,ISC,DST,0.7,,800,DST_CC0.7_800ohm
0.3347966329469616,1.798612231815283,-5.41667,2.91109,-5.40737,0.7451309027046013,1.1286937981202543,0.0,3.17426,0.01862,59.745217639620655,34.22836413597454,0.0,100.0,100.0,3.8171059528626627,0.2732622745583449,3.057106,4.200459,3.057106,-2.9906344410876146e-05,0.012912010852004678,-0.18322199999999977,0.18074199999999996,-0.0005424970139815918,0.3872989327633215,-4.7414499999999995,4.74331,ISC_CS_1.0CC_DST_10ohm.csv,1,ISC,DST,1.0,,10,DST_CC1.0_10ohm
-0.022626595486532543,1.7103859813733395,-5.41295,2.70647,-5.40551,0.3486661805387042,0.7179320656503766,0.0,2.48767,0.01854,58.21213824921135,34.84856878486576,0.0,100.0,100.0,3.7763205926959476,0.2428134595429418,3.096168,4.21596,3.096168,-2.4866278364276174e-05,0.016675720871047413,-0.21267299999999967,0.21267400000000025,-0.0004509792500910078,0.4297910263786232,-4.74145,4.75075,ISC_CS_0.9CC_DST_600ohm.csv,1,ISC,DST,0.9,,600,DST_CC0.9_600ohm
0.08655323287353661,1.525169678196515,-5.41481,2.70833,-5.40737,0.522363436304625,0.8533975262832826,0.0,2.70106,0.01854,56.929533725512925,34.15104143854921,0.0,100.0,100.0,3.7733171675553496,0.24735364395734954,3.025484,4.211309,3.025484,-2.6272200324600063e-05,0.015952696228512628,-0.2179439999999997,0.21732400000000007,-0.0003802828657546947,0.3939337382959553,-4.739590000000001,4.73587,ISC_CS_0.6CC_DST_30ohm.csv,1,ISC,DST,0.6,,30,DST_CC0.6_30ohm
-0.01972011027790032,1.850371994453051,-5.41481,3.48214,-5.39993,0.32962211733568586,0.7230452632588965,0.0,2.50949,0.01861,59.06273338584662,35.06914283179301,0.0,100.0,100.0,3.772327659146764,0.2532944206212573,3.051215,4.21069,3.051215,-2.7588580071847287e-05,0.016473576742102838,-0.20213300000000034,0.2064729999999999,-0.0005228543517993319,0.43778574894392963,-4.74517,4.73401,ISC_CS_1.2CC_DST_500ohm.csv,1,ISC,DST,1.2,,500,DST_CC1.2_500ohm
-0.005973496413106724,2.0389637279788433,-5.41109,4.93676,-5.40179,0.32864204743747183,0.74855763193935,0.0,2.5614,0.01903,59.95270535125703,35.148284620970294,0.0,100.0,100.0,3.7856367325017777,0.257748267335461,3.072297,4.21503,3.072297,-3.5027793937043525e-05,0.01650424894138541,-0.2080230000000003,0.20709299999999997,-0.0006306205158037615,0.4437918469423477,-4.74145,4.76005,ISC_CS_1.7CC_DST_200ohm.csv,1,ISC,DST,1.7,,200,DST_CC1.7_200ohm
-0.027832580224367454,2.0179891789046143,-5.41667,4.64472,-5.40551,0.29821810005217847,0.7027501123801668,0.0,2.49276,0.01861,59.57694171014871,35.207368833577675,0.0,100.0,100.0,3.775586769762588,0.25246307158981063,3.092758,4.205729,3.092758,-2.707873450750163e-05,0.015257964391774905,-0.18415199999999965,0.18725199999999997,-0.0006176131767775609,0.44575861204502576,-4.73959,4.73959,ISC_CS_1.6CC_DST_500ohm.csv,1,ISC,DST,1.6,,500,DST_CC1.6_500ohm
-0.029218292267365675,2.041110582427509,-5.41295,4.93676,-5.40179,0.2946096887287024,0.6983429142414233,0.0,2.47089,0.01847,59.713438328964614,35.23019355059503,0.0,100.0,100.0,3.777135340563565,0.2544122109325036,3.070127,4.21069,3.070127,-3.5130685542010736e-05,0.016325339358123213,-0.2021329999999999,0.20368299999999984,-0.0006388143924498623,0.4467921134576757,-4.74145,4.7544699999999995,ISC_CS_1.7CC_DST_900ohm.csv,1,ISC,DST,1.7,,900,DST_CC1.7_900ohm
-0.026799290330447485,1.8140002562385147,-5.40923,3.1994,-5.40551,0.32732204792098524,0.7190869874494047,0.0,2.54833,0.01846,58.66838073405682,35.01898558435797,0.0,100.0,100.0,3.76953703438605,0.24738825804371262,3.058346,4.21441,3.058346,-2.3591768292682957e-05,0.014937443576304209,-0.19283200000000011,0.1884920000000001,-0.0004888481707317073,0.43746260783991653,-4.73773,4.75075,ISC_CS_1.1CC_DST_900ohm.csv,1,ISC,DST,1.1,,900,DST_CC1.1_900ohm
0.03772643120491585,1.4473366923015614,-5.42225,2.71019,-5.40551,0.5096991413304836,0.8211942199630137,0.0,2.65185,0.01855,56.25699233769703,33.96942730288699,0.0,100.0,100.0,3.767887253807107,0.2380231549965517,3.057726,4.202629,3.057726,-2.054315181959064e-05,0.01410363296776239,-0.19655200000000006,0.19655200000000006,-0.00033508576925132263,0.39113246661502565,-4.75075,4.73587,ISC_CS_0.5CC_DST_50ohm.csv,1,ISC,DST,0.5,,50,DST_CC0.5_50ohm
0.09009547410133023,1.9825692890152447,-5.41853,4.05878,-5.40923,0.39883335267478054,0.806731535505088,0.0,2.57981,0.01858,59.79588146051514,34.96169887691459,0.0,100.0,100.0,3.784712252830456,0.2611032861685839,3.071367,4.21503,3.071367,-3.892243453644732e-05,0.017894280301102367,-0.21422399999999975,0.214534,-0.0006287282377919326,0.4277770244798216,-4.74517,4.7340100000000005,ISC_CS_1.4CC_DST_30ohm.csv,1,ISC,DST,1.4,,30,DST_CC1.4_30ohm
0.03223112569981325,2.0386131746864566,-5.41109,4.6503,-5.40365,0.35184150026659555,0.7733359999240229,0.0,2.5879,0.0185,59.809985697147425,35.1012473443672,0.0,100.0,100.0,3.7751633156491606,0.262061082244302,3.035404,4.209139,3.035404,-3.657745633915479e-05,0.015790264841174167,-0.19748300000000008,0.19748199999999994,-0.0006309925343287559,0.4368934782868185,-4.739590000000001,4.74331,ISC_CS_1.6CC_DST_50ohm.csv,1,ISC,DST,1.6,,50,DST_CC1.6_50ohm
-0.010018487795695606,1.8513570359369023,-5.40551,3.484,-5.39993,0.34001005521741856,0.7389469481142591,0.0,2.5459,0.0185,59.08840165652256,35.049039035347135,0.0,100.0,100.0,3.7757919278408734,0.2535083671194111,3.061446,4.203869,3.061446,-2.540853467210544e-05,0.015285763515222608,-0.19159199999999998,0.19314300000000006,-0.0005207398807656097,0.4367925641519636,-4.73959,4.7284299999999995,ISC_CS_1.2CC_DST_300ohm.csv,1,ISC,DST,1.2,,300,DST_CC1.2_300ohm
-0.028536499493414448,1.8508210478814688,-5.41481,3.48028,-5.41109,0.3151628843718339,0.701062139198653,0.0,2.47059,0.01874,58.92280225430597,35.07261235839237,0.0,100.0,100.0,3.7765560750379934,0.25036735146990347,3.077257,4.203869,3.077257,-2.550449651678282e-05,0.01500299195178408,-0.1891130000000003,0.192523,-0.0005256396453451552,0.4388995729535948,-4.74145,4.73215,ISC_CS_1.2CC_DST_800ohm.csv,1,ISC,DST,1.2,,800,DST_CC1.2_800ohm
-0.026913049719279967,1.6587731354793662,-5.41295,2.70461,-5.40551,0.3663403200787174,0.7345411401872968,0.0,2.54943,0.01855,57.82401872431557,34.74073477558194,0.0,100.0,100.0,3.7708304642009605,0.2421664372540058,3.090278,4.200459,3.090278,-1.8035890014471813e-05,0.013611415166829078,-0.18260200000000015,0.18322100000000008,-0.00041347959479015963,0.42613356481250103,-4.73773,4.73401,ISC_CS_0.8CC_DST_600ohm.csv,1,ISC,DST,0.8,,600,DST_CC0.8_600ohm
-0.015694822595106975,1.9625854922051325,-5.41295,4.35082,-5.40923,0.3276730075573203,0.737572656969191,0.0,2.53604,0.01851,59.642760727552194,35.109265179610496,0.0,100.0,100.0,3.7860953341232233,0.2543083130174653,3.091518,4.22278,3.091518,-3.306322059953883e-05,0.018474652450864156,-0.22228400000000015,0.22073399999999976,-0.0005871553932872148,0.4413586056324995,-4.74145,4.73215,ISC_CS_1.5CC_DST_500ohm.csv,1,ISC,DST,1.5,,500,DST_CC1.5_500ohm
-0.02529056867660648,1.9214044489290978,-5.41109,4.06064,-5.40551,0.30987079627919256,0.6954797891055945,0.0,2.40539,0.01873,59.52610737564323,35.11289643964007,0.0,100.0,100.0,3.783030893653516,0.25207605976026715,3.092758,4.21255,3.092758,-2.9762338347849e-05,0.016468137563814735,-0.20089299999999977,0.20244300000000015,-0.0005861658749010281,0.4413312465590194,-4.73773,4.76191,ISC_CS_1.4CC_DST_900ohm.csv,1,ISC,DST,1.4,,900,DST_CC1.4_900ohm
0.004006158344283758,2.0194272415953245,-5.41295,4.93676,-5.40365,0.34734317871222076,0.7621163239118639,0.0,2.5334,0.0186,60.23201873193166,35.049057748345554,0.0,100.0,100.0,3.796731348028909,0.2578470979691772,3.086558,4.247892,3.086558,-3.6771257721119684e-05,0.02150921424452219,-0.24150499999999964,0.24894599999999967,-0.0006411046129583383,0.440737625866877,-4.74331,4.74889,ISC_CS_1.7CC_DST_600ohm.csv,1,ISC,DST,1.7,,600,DST_CC1.7_600ohm
-0.02381507445457692,1.6599011691232735,-5.41667,2.70647,-5.40737,0.37217289103082074,0.7438366553005541,0.0,2.57486,0.01864,57.83193646542768,34.74406311792667,0.0,100.0,100.0,3.772156853399515,0.2420849168376976,3.096168,4.200459,3.096168,-1.966705148926347e-05,0.013366886903848402,-0.17857199999999995,0.180431,-0.00041209535903948257,0.42560775100010007,-4.73773,4.74145,ISC_CS_0.8CC_DST_400ohm.csv,1,ISC,DST,0.8,,400,DST_CC0.8_400ohm
0.025930394557048375,1.6031442476875275,-5.41295,2.71577,-5.40923,0.44314723639262127,0.8077020162712737,0.0,2.67524,0.01856,57.37686578228194,34.46266850907048,0.0,100.0,100.0,3.7619951215554543,0.24968041836147267,2.96658,4.200459,2.96658,-2.5490718596970717e-05,0.013370079337688337,-0.19004200000000004,0.19283200000000011,-0.0003904111149071863,0.410512796276876,-4.7340100000000005,4.73959,ISC_CS_0.7CC_DST_50ohm.csv,1,ISC,DST,0.7,,50,DST_CC0.7_50ohm
-0.046773995220075644,2.105079488929996,-5.41667,5.51339,-5.40923,0.2761593354577442,0.6747445171535438,0.0,2.41478,0.01868,59.929054252141,35.26302268115057,0.0,100.0,100.0,3.7732747810529115,0.26000050129185537,3.042535,4.203249,3.042535,-3.9748223889515955e-05,0.014242910743669178,-0.19252199999999986,0.18942199999999998,-0.0006866914547506809,0.4500332150895921,-4.73773,4.73959,ISC_CS_1.9CC_DST_700ohm.csv,1,ISC,DST,1.9,,700,DST_CC1.9_700ohm
-0.03300759427086634,2.026202965908145,-5.41853,4.93676,-5.40551,0.30986611952595217,0.7250311949582108,0.0,2.53318,0.01846,59.848229672349326,35.18314742089344,0.0,100.0,100.0,3.7789193343050886,0.25851477396961164,3.050905,4.209759,3.050905,-3.375895290612914e-05,0.015896697266608237,-0.19934300000000027,0.2021329999999999,-0.0006180357482411103,0.44562427583109593,-4.743309999999999,4.73587,ISC_CS_1.7CC_DST_1000ohm.csv,1,ISC,DST,1.7,,1000,DST_CC1.7_1000ohm
-0.015399008534592284,1.8164519630798441,-5.41481,3.20127,-5.40551,0.34834389504267294,0.7514281286544133,0.0,2.61995,0.01869,58.76327554627444,34.98495885049171,0.0,100.0,100.0,3.7754280635554753,0.24729290087955144,3.088108,4.200149,3.088108,-2.3590713723591024e-05,0.014331473240110705,-0.18725199999999997,0.18973200000000023,-0.000485326593619468,0.4364594916608216,-4.73959,4.76563,ISC_CS_1.1CC_DST_500ohm.csv,1,ISC,DST,1.1,,500,DST_CC1.1_500ohm
-0.03689342452717978,1.7096956428359418,-5.41853,2.72135,-5.40179,0.3366262317116689,0.7068201224147442,0.0,2.49192,0.0185,58.16435619126918,34.8793925966099,0.0,100.0,100.0,3.766995575591769,0.24635285341149277,3.042225,4.200149,3.042225,-2.74208303592672e-05,0.014843878715751352,-0.20740299999999978,0.20988300000000004,-0.0004417951463240534,0.43181151917561134,-4.74703,4.74145,ISC_CS_0.9CC_DST_700ohm.csv,1,ISC,DST,0.9,,700,DST_CC0.9_700ohm
-0.001546725618677898,1.9603146584027646,-5.41481,4.35082,-5.40737,0.3475033519944017,0.7644340102034165,0.0,2.58192,0.01851,59.799038901965766,35.075746977272466,0.0,100.0,100.0,3.7874489260767223,0.25958108185292705,3.074157,4.228981,3.074157,-3.2822548832474386e-05,0.019050900416092947,-0.2204250000000001,0.22755400000000003,-0.0005833511484379968,0.4398954434974345,-4.74145,4.73215,ISC_CS_1.5CC_DST_200ohm.csv,1,ISC,DST,1.5,,200,DST_CC1.5_200ohm
0.08976288527506035,1.7291274953965419,-5.41481,2.70833,-5.40737,0.45829406111040527,0.8448119633803718,0.0,2.7024,0.01865,58.323361942574,34.63410267155155,0.0,100.0,100.0,3.778228416592555,0.25430644530389257,3.056796,4.207279,3.056796,-2.77126429479034e-05,0.01607098832256303,-0.2105039999999998,0.21019299999999985,-0.0004722388818297326,0.4125471478912791,-4.74145,4.75075,ISC_CS_0.9CC_DST_30ohm.csv,1,ISC,DST,0.9,,30,DST_CC0.9_30ohm
-0.004885100469257633,1.717208163362002,-5.41853,2.71391,-5.40923,0.367785361569005,0.7481359492298201,0.0,2.57331,0.01858,58.17110413307664,34.84314376410606,0.0,100.0,100.0,3.776097325532427,0.2437982764953305,3.094308,4.200769,3.094308,-2.4510589651022844e-05,0.015004135975449705,-0.2002729999999997,0.20275299999999996,-0.00044723465703971096,0.4279068293819894,-4.75075,4.743309999999999,ISC_CS_0.9CC_DST_200ohm.csv,1,ISC,DST,0.9,,200,DST_CC0.9_200ohm
0.13886414579386797,1.9074948702262302,-5.41481,3.48586,-5.40923,0.46059075492878687,0.8702474249333977,0.0,2.71709,0.01864,59.43065636006455,34.77733709808595,0.0,100.0,100.0,3.7870721321826983,0.2625052550103113,3.054316,4.202629,3.054316,-3.258781839870885e-05,0.015439052721421131,-0.19655299999999976,0.19655200000000006,-0.0005831878464669147,0.41908083500206533,-4.73587,4.74331,ISC_CS_1.2CC_DST_20ohm.csv,1,ISC,DST,1.2,,20,DST_CC1.2_20ohm
-0.026750320926699687,1.8546736855528916,-5.41853,3.48214,-5.41109,0.31767854285352576,0.7064878888780005,0.0,2.48928,0.01857,58.9331020825421,35.07498978665996,0.0,100.0,100.0,3.774403992087606,0.24978128135374758,3.082837,4.203249,3.082837,-2.498448974423906e-05,0.014837475110041,-0.18539100000000008,0.1863220000000001,-0.0005257932387946311,0.4388475182083172,-4.74703,4.73959,ISC_CS_1.2CC_DST_400ohm.csv,1,ISC,DST,1.2,,400,DST_CC1.2_400ohm
-0.041258300038172775,2.026523997293241,-5.41109,4.93304,-5.40365,0.30060062348899347,0.7112186239942189,0.0,2.50507,0.01858,59.83852544853035,35.210488598175495,0.0,100.0,100.0,3.7742918790558595,0.2592960882869498,3.028584,4.21038,3.028584,-3.79732756426572e-05,0.01623647533056275,-0.20709299999999997,0.208024,-0.000620316238228556,0.44649688426652934,-4.73773,4.73959,ISC_CS_1.7CC_DST_500ohm.csv,1,ISC,DST,1.7,,500,DST_CC1.7_500ohm
-0.02115786726659179,1.5989909998700491,-5.40923,2.71205,-5.40365,0.3893480646794151,0.7474039088223653,0.0,2.57265,0.01851,57.40669627671541,34.596558715625584,0.0,100.0,100.0,3.767830391394826,0.24263404507196606,3.054935,4.200149,3.054935,-2.2478119023512228e-05,0.012891435729504207,-0.1795009999999997,0.1801210000000002,-0.0003858769265384174,0.4197534141447465,-4.73587,4.7340100000000005,ISC_CS_0.7CC_DST_200ohm.csv,1,ISC,DST,0.7,,200,DST_CC0.7_200ohm
-0.027917228583675163,1.820165848209569,-5.41109,3.19754,-5.40551,0.31777250321474493,0.7073210562399409,0.0,2.54668,0.01856,58.49203202498316,35.03412382164179,0.0,100.0,100.0,3.769082167350438,0.24416785497438442,3.087178,4.200149,3.087178,-2.4017086165717404e-05,0.013722641784950649,-0.1804319999999997,0.18167100000000014,-0.0004909737277236817,0.4382639405548408,-4.73959,4.75447,ISC_CS_1.1CC_DST_600ohm.csv,1,ISC,DST,1.1,,600,DST_CC1.1_600ohm
-0.024331997435075373,1.9041345563972087,-5.42969,3.7779,-5.40923,0.3071985662071177,0.6999414123839485,0.0,2.49264,0.01864,59.054184386021156,35.11965040659142,0.0,100.0,100.0,3.774395443475473,0.2505748363533908,3.090898,4.201389,3.090898,-2.540915795549283e-05,0.013764429770111568,-0.18136200000000002,0.18291199999999996,-0.0005517251330725319,0.4426357387314636,-4.7544699999999995,4.75447,ISC_CS_1.3CC_DST_700ohm.csv,1,ISC,DST,1.3,,700,DST_CC1.3_700ohm
-0.02254475962497491,2.1582088585493397,-5.41295,5.80357,-5.40551,0.2873688476627436,0.7016467300465491,0.0,2.50115,0.01869,59.97158483941752,35.2674813381318,0.0,100.0,100.0,3.774932489926192,0.25799908765805146,3.043465,4.202629,3.043465,-3.79974063975527e-05,0.015217897947087472,-0.198102,0.20182300000000009,-0.0007059719358914667,0.45012495784621603,-4.73773,4.73773,ISC_CS_2.0CC_DST_200ohm.csv,1,ISC,DST,2.0,,200,DST_CC2.0_200ohm
-0.030849785850156533,1.7537185041167094,-5.41109,2.90365,-5.40923,0.3427505553169295,0.7198902321046351,0.0,2.47781,0.01876,58.6625345400994,34.93156653023476,0.0,100.0,100.0,3.771564975394244,0.2547767700279275,3.047185,4.200769,3.047185,-2.4637925744093282e-05,0.013681110394714818,-0.18198099999999995,0.1860120000000003,-0.0004743050015342119,0.43229869720864317,-4.73401,4.73587,ISC_CS_1.0CC_DST_300ohm.csv,1,ISC,DST,1.0,,300,DST_CC1.0_300ohm
0.1531625146765115,1.6099332198849838,-5.41481,2.72321,-5.40365,0.5692606155056588,0.9360480941989392,0.0,2.92593,0.01862,57.32599403861285,34.22892056209342,0.0,100.0,100.0,3.776797365974702,0.2515011326793663,3.031684,4.200149,3.031684,-2.1617517099449197e-05,0.012870671898746891,-0.1822919999999999,0.1819820000000001,-0.00041444827794927675,0.3959070852539986,-4.74331,4.75075,ISC_CS_0.7CC_DST_20ohm.csv,1,ISC,DST,0.7,,20,DST_CC0.7_20ohm
-0.04316996744438413,1.7594853441660394,-5.41481,2.90365,-5.40551,0.3265073599807078,0.7039203033692801,0.0,2.48518,0.01868,58.48206893953096,34.95372522430594,0.0,100.0,100.0,3.7632680109121597,0.25345562108620895,3.018353,4.202009,3.018353,-2.6711968646367193e-05,0.013794454712730319,-0.1819810000000004,0.1841520000000001,-0.0004657871570696406,0.4348582846655575,-4.73587,4.73773,ISC_CS_1.0CC_DST_1000ohm.csv,1,ISC,DST,1.0,,1000,DST_CC1.0_1000ohm
0.03247975007949118,1.713009569133463,-5.41853,2.71019,-5.40551,0.39129559618441967,0.7572897539904286,0.0,2.49521,0.01863,58.646870670906196,34.8083910053421,0.0,100.0,100.0,3.7762182200953895,0.25041721831075126,3.069196,4.22185,3.069196,-3.089747503657065e-05,0.019196010067364756,-0.2303449999999998,0.23251500000000025,-0.00047286777332570113,0.4192884888431884,-4.743309999999999,4.73215,ISC_CS_0.9CC_DST_50ohm.csv,1,ISC,DST,0.9,,50,DST_CC0.9_50ohm
0.03847383287536104,2.1733376248622776,-5.41481,5.51711,-5.40737,0.3217159106601845,0.7405714741882198,0.0,2.5332,0.01864,59.99034643838512,35.17891947205433,0.0,100.0,100.0,3.7698646518706402,0.2588152369837344,3.083767,4.207899,3.083767,-4.2556479458811944e-05,0.018225093415704375,-0.20554300000000003,0.20771300000000004,-0.0007282658022690438,0.4427063167391229,-4.73773,4.76377,ISC_CS_1.9CC_DST_50ohm.csv,1,ISC,DST,1.9,,50,DST_CC1.9_50ohm
0.1016635294870153,1.6755073193424925,-5.41481,2.71391,-5.40923,0.4773867845720865,0.8443300479020407,0.0,2.68056,0.01869,57.952320877574515,34.515366595714106,0.0,100.0,100.0,3.780149350646028,0.24681927869460143,3.095548,4.206349,3.095548,-2.6674513817809622e-05,0.016511882901042035,-0.20740299999999978,0.20771300000000004,-0.00045741427840327494,0.40733405773979403,-4.73401,4.74517,ISC_CS_0.8CC_DST_30ohm.csv,1,ISC,DST,0.8,,30,DST_CC0.8_30ohm
-0.02111189926034588,1.8229281862884819,-5.40923,3.1994,-5.40551,0.32455790329482237,0.7185428482839887,0.0,2.57548,0.01852,58.513046451494596,35.023590160924115,0.0,100.0,100.0,3.763458950852742,0.2495824725704311,3.003472,4.200149,3.003472,-2.727388885492452e-05,0.013507970988033592,-0.18880199999999991,0.1906620000000001,-0.0004902469890566725,0.43804010934575643,-4.73773,4.74889,ISC_CS_1.1CC_DST_200ohm.csv,1,ISC,DST,1.1,,200,DST_CC1.1_200ohm
0.07762038555096078,1.6022973945176606,-5.41295,2.71205,-5.40551,0.47678948735100946,0.825871808389021,0.0,2.64041,0.01881,57.53222168572124,34.38846685410825,0.0,100.0,100.0,3.7792310305886647,0.24767142700079817,3.067646,4.200769,3.067646,-2.6586060090013432e-05,0.014759857484380894,-0.19345200000000018,0.19531299999999963,-0.0004165527308113363,0.403777826036613,-4.73587,4.73773,ISC_CS_0.7CC_DST_30ohm.csv,1,ISC,DST,0.7,,30,DST_CC0.7_30ohm
0.041671768148251256,2.120468342244255,-5.41481,5.22507,-5.40737,0.33791682875853424,0.7548741010627315,0.0,2.53985,0.01864,60.00720745436812,35.091170252471336,0.0,100.0,100.0,3.781293997840323,0.2618496844247698,3.073537,4.2172,3.073537,-4.7846502229654405e-05,0.01771801763375299,-0.21453299999999986,0.21515299999999993,-0.0007000069676700113,0.4397184284940343,-4.73959,4.75075,ISC_CS_1.8CC_DST_50ohm.csv,1,ISC,DST,1.8,,50,DST_CC1.8_50ohm
-0.026490530906990214,1.659289003163965,-5.41295,2.71391,-5.40365,0.3679786117850953,0.7376433306925041,0.0,2.55784,0.01857,57.831345158867705,34.75471855709109,0.0,100.0,100.0,3.767166839052571,0.24325564715824066,3.071676,4.200149,3.071676,-1.9900219551652387e-05,0.013594711030636664,-0.1788820000000002,0.18291199999999996,-0.0004134434943378789,0.42565399816575306,-4.74145,4.73401,ISC_CS_0.8CC_DST_300ohm.csv,1,ISC,DST,0.8,,300,DST_CC0.8_300ohm
0.05450445943291193,1.999665758985283,-5.40551,4.35268,-5.39993,0.38478246218322315,0.8138673567010268,0.0,2.67148,0.0185,59.789633056119435,35.003351911762884,0.0,100.0,100.0,3.7850913488966014,0.2604282727068583,3.067646,4.21038,3.067646,-3.3846551837055524e-05,0.01673428138569949,-0.2061630000000001,0.20554300000000003,-0.0006005887746414301,0.4326832020910204,-4.73587,4.73215,ISC_CS_1.5CC_DST_50ohm.csv,1,ISC,DST,1.5,,50,DST_CC1.5_50ohm
-0.021056580564467964,1.5306951502952306,-5.41109,2.71763,-5.40179,0.41165354940453536,0.7516683725180519,0.0,2.5577,0.01864,56.92245013866985,34.41525751213567,0.0,100.0,100.0,3.766993897873729,0.23934440065766358,3.078187,4.205419,3.078187,-1.714738674063199e-05,0.013700174297505552,-0.18694299999999986,0.18756199999999978,-0.0003568086147821836,0.41271865662327495,-4.73959,4.73215,ISC_CS_0.6CC_DST_800ohm.csv,1,ISC,DST,0.6,,800,DST_CC0.6_800ohm
-0.027953505172513552,1.65838382642023,-5.41295,2.71019,-5.40551,0.367843520776744,0.7373983069446135,0.0,2.55415,0.01854,57.860986435878175,34.7533376937603,0.0,100.0,100.0,3.7683261760966307,0.24198805035637092,3.084387,4.200149,3.084387,-2.1198370036414087e-05,0.013867848056764153,-0.18353200000000003,0.1844619999999999,-0.00041275070805155774,0.4256995988926409,-4.743309999999999,4.73773,ISC_CS_0.8CC_DST_500ohm.csv,1,ISC,DST,0.8,,500,DST_CC0.8_500ohm
-0.016609435190005233,2.0648794272507893,-5.41295,5.22135,-5.40923,0.3191944254294638,0.7367057105786883,0.0,2.53515,0.01864,60.04088385606455,35.151447796049304,0.0,100.0,100.0,3.789271738807912,0.25716238506023,3.089038,4.21689,3.089038,-3.4500390472471704e-05,0.017170311088339753,-0.20864300000000036,0.20926299999999998,-0.0006540557074059603,0.4448504904432658,-4.74145,4.73029,ISC_CS_1.8CC_DST_600ohm.csv,1,ISC,DST,1.8,,600,DST_CC1.8_600ohm
-0.042256173392219744,1.7604426693108046,-5.41295,2.90179,-5.40551,0.3225929850565673,0.6992186902555423,0.0,2.48501,0.01855,58.420901470143384,34.96289450255386,0.0,100.0,100.0,3.765048766410551,0.2529339158213827,3.024863,4.203249,3.024863,-2.5792823863980177e-05,0.01379430024268874,-0.18446200000000035,0.18601199999999984,-0.00046742179463907555,0.4356444772844083,-4.73773,4.73959,ISC_CS_1.0CC_DST_500ohm.csv,1,ISC,DST,1.0,,500,DST_CC1.0_500ohm
-0.011025804776739421,1.9195473764672815,-5.41481,4.35826,-5.40923,0.372762635147517,0.7957070658660061,0.0,2.62654,0.01878,60.069950998717246,34.92973943878582,0.0,100.0,100.0,3.7914681484942885,0.26634893314227837,3.041605,4.238591,3.041605,-3.549251634186574e-05,0.019023109156487587,-0.23127499999999968,0.22910500000000011,-0.0005609108681043438,0.4376068046955736,-4.74145,4.73773,ISC_CS_1.5CC_DST_800ohm.csv,1,ISC,DST,1.5,,800,DST_CC1.5_800ohm
-0.027589596560846443,2.1109715673698575,-5.41481,5.51525,-5.40551,0.289341455026455,0.6994017632829712,0.0,2.48246,0.01853,59.89156108465609,35.25822305712926,0.0,100.0,100.0,3.7784098410714284,0.25587806203108865,3.071987,4.21069,3.071987,-3.438966794549545e-05,0.01583084743560555,-0.19562300000000032,0.19872299999999976,-0.0006834872337610797,0.4488097175766542,-4.74145,4.74145,ISC_CS_1.9CC_DST_500ohm.csv,1,ISC,DST,1.9,,500,DST_CC1.9_500ohm
-0.04866476436667339,2.089734040022865,-5.41481,5.51897,-5.40365,0.27794307880957114,0.6739225955629978,0.0,2.39709,0.01861,59.98228395970041,35.24558663745895,0.0,100.0,100.0,3.7714863405580963,0.260722817148535,3.008433,4.209759,3.008433,-4.114411667219091e-05,0.016191687979442086,-0.20585299999999984,0.2086429999999999,-0.0006854756380510434,0.4495867297948073,-4.73959,4.74517,ISC_CS_1.9CC_DST_800ohm.csv,1,ISC,DST,1.9,,800,DST_CC1.9_800ohm
-0.02173320235077203,1.6591235240274098,-5.41295,2.71019,-5.40737,0.3765666161557963,0.749517484430949,0.0,2.58418,0.01877,57.85238655796267,34.741926054829136,0.0,100.0,100.0,3.770329517976492,0.2451367509166831,3.054935,4.200459,3.054935,-2.4134954477353928e-05,0.01341213592947074,-0.18539199999999978,0.18477100000000002,-0.0004115973262648385,0.42519583210796513,-4.73773,4.73401,ISC_CS_0.8CC_DST_200ohm.csv,1,ISC,DST,0.8,,200,DST_CC0.8_200ohm
-0.037154582000661865,1.5962079179496178,-5.41667,2.71205,-5.40179,0.37955087460019854,0.7392120048641505,0.0,2.56579,0.01852,57.42545921473475,34.626518058397,0.0,100.0,100.0,3.7601641895886173,0.24767032374592898,2.96968,4.200149,2.96968,-2.5116865210677258e-05,0.012921233485754921,-0.18291199999999996,0.18725199999999997,-0.0003777277741010369,0.4216711510016939,-4.73959,4.7340100000000005,ISC_CS_0.7CC_DST_400ohm.csv,1,ISC,DST,0.7,,400,DST_CC0.7_400ohm
-0.05815696796409033,1.693186905750555,-5.40923,2.70833,-5.40179,0.31390060874377423,0.6617394380901966,0.0,2.32243,0.01861,58.3211702945336,34.90888550277539,0.0,100.0,100.0,3.7792807758716105,0.2442364287275045,3.089348,4.201699,3.089348,-2.8921960519033237e-05,0.016053372283175757,-0.21298299999999992,0.21329399999999987,-0.0004569940348072066,0.4323896016011391,-4.74517,4.73029,ISC_CS_0.9CC_DST_900ohm.csv,1,ISC,DST,0.9,,900,DST_CC0.9_900ohm
0.042449771190847675,1.9238703102317305,-5.41481,3.77418,-5.40737,0.3750940789131565,0.789326564731068,0.0,2.63159,0.01848,59.29326612714508,34.95630018207913,0.0,100.0,100.0,3.7765280374414973,0.2604899262171055,3.015873,4.200149,3.015873,-3.220725523338967e-05,0.014014199926092957,-0.194693,0.19562300000000032,-0.0005585678065271098,0.43134862553742775,-4.74145,4.75633,ISC_CS_1.3CC_DST_50ohm.csv,1,ISC,DST,1.3,,50,DST_CC1.3_50ohm
0.2007946641137145,1.7546271231198658,-5.40923,2.71019,-5.40365,0.5767385175569545,0.9830440251112729,0.0,3.01315,0.0186,58.39612035438437,34.48130358088945,0.0,100.0,100.0,3.784294486986435,0.2563642334826416,3.076017,4.208519,3.099268,2.978383641674765e-06,0.0158778286471015,-0.20182300000000009,0.20492299999999997,-0.00048311197663096343,0.4027282829821635,-4.73773,4.748889999999999,ISC_CS_0.9CC_DST_20ohm.csv,1,ISC,DST,0.9,,20,DST_CC0.9_20ohm
-0.010593083639429113,1.7116289772803395,-5.41481,2.70647,-5.40551,0.3632352345396519,0.739161507671608,0.0,2.5372,0.01873,58.20881268742097,34.86108868533052,0.0,100.0,100.0,3.7688570676823026,0.25053664775323753,3.031064,4.204799,3.031064,-3.0432520325203286e-05,0.016145999418216588,-0.20988300000000004,0.210194,-0.00044752664859981867,0.4279858123094054,-4.74145,4.73215,ISC_CS_0.9CC_DST_100ohm.csv,1,ISC,DST,0.9,,100,DST_CC0.9_100ohm
0.15708671946821293,1.964839390115049,-5.41109,3.7779,-5.40551,0.46530306484689904,0.8896981245220071,0.0,2.77938,0.01858,59.591498182589625,34.80786379456049,0.0,100.0,100.0,3.7885106922424154,0.2636985596075356,3.062376,4.201699,3.062376,-3.0127095268406595e-05,0.014407600758105417,-0.1925220000000003,0.1906620000000001,-0.0006084624089398116,0.4200836524968394,-4.73959,4.7340100000000005,ISC_CS_1.3CC_DST_20ohm.csv,1,ISC,DST,1.3,,20,DST_CC1.3_20ohm
-0.024138335052210986,1.9376484955461495,-5.40923,4.0625,-5.40179,0.3053699406987238,0.702500854790703,0.0,2.48982,0.0185,59.279749890421556,35.16160350828837,0.0,100.0,100.0,3.7772876065489234,0.2509527516404839,3.093378,4.205419,3.093378,-2.5401946879834976e-05,0.014780375879406508,-0.18167200000000028,0.18384200000000028,-0.0005721138473439908,0.44277011173148373,-4.73959,4.73215,ISC_CS_1.4CC_DST_800ohm.csv,1,ISC,DST,1.4,,800,DST_CC1.4_800ohm
0.32132413441794344,2.2790803512674844,-5.41481,5.80915,-5.40365,0.6259549960511767,1.0674647469410565,0.0,2.98208,0.01859,61.93984669878376,34.45584083295795,0.0,100.0,100.0,3.8176900604169948,0.2882618346781467,3.011843,4.206969,3.011843,-5.132709320695103e-05,0.014751026575038075,-0.19810300000000014,0.19221200000000005,-0.000838816745655607,0.4108116406126698,-4.73773,4.752610000000001,ISC_CS_2.0CC_DST_10ohm.csv,1,ISC,DST,2.0,,10,DST_CC2.0_10ohm
0.13442390524193562,1.8628881223223215,-5.41295,3.19382,-5.40551,0.46157266733870966,0.8765338662561448,0.0,2.79919,0.01868,58.78818323252688,34.74655057861386,0.0,100.0,100.0,3.78068367157258,0.25867037942647647,3.027964,4.200459,3.027964,-3.354825917462026e-05,0.013951408417675028,-0.19314299999999962,0.19159199999999998,-0.0005386066675628439,0.4171661639587584,-4.73773,4.73401,ISC_CS_1.1CC_DST_20ohm.csv,1,ISC,DST,1.1,,20,DST_CC1.1_20ohm
-0.04349672278553658,2.0534144128735505,-5.41295,5.22507,-5.40737,0.3012834659779351,0.714042328570162,0.0,2.49976,0.01873,60.025948453542505,35.209406636307826,0.0,100.0,100.0,3.7751136914099868,0.2614604193194612,3.022383,4.209759,3.022383,-3.9110848906180265e-05,0.016222064036812235,-0.2021329999999999,0.20461300000000016,-0.0006405242681293441,0.447142465826361,-4.73773,4.75075,ISC_CS_1.8CC_DST_500ohm.csv,1,ISC,DST,1.8,,500,DST_CC1.8_500ohm
0.3472313305646946,1.37551752870016,-5.40737,2.71391,-5.40365,1.02222057386333,1.2640751754165775,0.0,3.6621,0.01859,55.89378528666199,33.20161970121109,0.0,100.0,100.0,3.8043400295561183,0.25032782265508363,3.074157,4.200149,3.074157,-1.9364690652138747e-05,0.012772035084185446,-0.19686200000000031,0.19500299999999982,-0.00033833108581908403,0.3393073652153773,-4.73587,4.74517,ISC_CS_0.5CC_DST_10ohm.csv,1,ISC,DST,0.5,,10,DST_CC0.5_10ohm
-0.03028207193264826,1.886287458021145,-5.41853,3.7779,-5.40923,0.32564074842144364,0.7291642364854144,0.0,2.54784,0.01862,59.25669616813174,35.076670192395696,0.0,100.0,100.0,3.773364923424539,0.26111370540809814,2.984251,4.202009,2.984251,-3.541276622090144e-05,0.014001184151379558,-0.19593300000000013,0.19717300000000026,-0.0005325154779593858,0.44137941659515817,-4.7414499999999995,4.75447,ISC_CS_1.3CC_DST_300ohm.csv,1,ISC,DST,1.3,,300,DST_CC1.3_300ohm
-0.015771644956470484,2.0809804869060384,-5.41481,5.2288,-5.40551,0.3115883020226484,0.7305571291123396,0.0,2.54123,0.01878,59.92752059959416,35.19793986913762,0.0,100.0,100.0,3.7746938643712773,0.262278462842177,3.018663,4.206039,3.018663,-4.0957119476268384e-05,0.01577020568233867,-0.19748300000000008,0.19903300000000002,-0.0006574651391162018,0.44619662816766875,-4.74145,4.7340100000000005,ISC_CS_1.8CC_DST_100ohm.csv,1,ISC,DST,1.8,,100,DST_CC1.8_100ohm
0.025744142300194908,2.0815168509325077,-5.41109,4.9442,-5.40179,0.326813149540518,0.7330885235878554,0.0,2.47533,0.0186,59.86875543024227,35.14576240847805,0.0,100.0,100.0,3.7741175840991366,0.2608203308344326,3.053385,4.21069,3.053385,-4.40573039966579e-05,0.01752955049973166,-0.21174300000000024,0.2108139999999996,-0.0006781499791115441,0.4390465551267709,-4.73959,4.73959,ISC_CS_1.7CC_DST_50ohm.csv,1,ISC,DST,1.7,,50,DST_CC1.7_50ohm
0.32411431665743634,1.587999795964043,-5.41481,2.71019,-5.40551,0.8364079293581934,1.1804873689001327,0.0,3.40096,0.01876,57.76517722601687,33.8825500374424,0.0,100.0,100.0,3.798122738662236,0.2672767281364809,2.952629,4.200459,2.952629,-2.892424149178412e-05,0.01217731657483675,-0.1881820000000003,0.18353200000000003,-0.00042161486860729894,0.37002484380859896,-4.74145,4.73401,ISC_CS_0.7CC_DST_10ohm.csv,1,ISC,DST,0.7,,10,DST_CC0.7_10ohm
0.0004979938150126367,1.6025133846928346,-5.42039,2.71019,-5.40923,0.41636142704526286,0.7786510392907928,0.0,2.62823,0.01863,57.335619460219284,34.51352926805682,0.0,100.0,100.0,3.765789950688783,0.2438466683806055,3.048425,4.200149,3.048425,-1.9682449530450413e-05,0.013211142432849831,-0.17950200000000027,0.18322200000000022,-0.00038555924197267025,0.4142385397950217,-4.74145,4.73959,ISC_CS_0.7CC_DST_100ohm.csv,1,ISC,DST,0.7,,100,DST_CC0.7_100ohm
0.3275647113815105,2.0005291554095836,-5.41295,4.0625,-5.40737,0.7099206825938567,1.117936638933633,0.0,3.07658,0.01866,61.34224896868971,34.29125388588163,0.0,100.0,100.0,3.824337725849533,0.28253523013280724,3.029824,4.202629,3.029824,-4.014425645592163e-05,0.015069966202855119,-0.20058299999999996,0.19748299999999963,-0.0006588268032056986,0.39775736991931065,-4.73959,4.743309999999999,ISC_CS_1.4CC_DST_10ohm.csv,1,ISC,DST,1.4,,10,DST_CC1.4_10ohm
0.33583276859774025,1.6547303368439685,-5.41295,2.71391,-5.40923,0.8255811096597218,1.1734307063899083,0.0,3.30039,0.01869,58.8213229051009,33.99327004789034,0.0,100.0,100.0,3.8189987414277318,0.26397303623915547,3.094618,4.200459,3.094618,-2.5313475733228788e-05,0.013350692628492391,-0.18632199999999965,0.18446099999999976,-0.0004669436279312827,0.37360411453499465,-4.7340100000000005,4.73587,ISC_CS_0.8CC_DST_10ohm.csv,1,ISC,DST,0.8,,10,DST_CC0.8_10ohm
-0.02166308300395262,1.9942158224118887,-5.41481,4.65774,-5.40737,0.3269452004517222,0.7473883614867824,0.0,2.59225,0.01852,59.77235162180814,35.09419427398207,0.0,100.0,100.0,3.7801579774138903,0.26194716672826557,3.019903,4.209449,3.019903,-3.4626090230281746e-05,0.015125550057152545,-0.196863,0.19872299999999976,-0.0005939731442555056,0.4443022377884414,-4.73773,4.74517,ISC_CS_1.6CC_DST_600ohm.csv,1,ISC,DST,1.6,,600,DST_CC1.6_600ohm
0.04259388928272203,1.7778158748741586,-5.42783,2.91667,-5.40737,0.3939166823483921,0.777123286576464,0.0,2.55974,0.01875,58.64757147000064,34.82091917276488,0.0,100.0,100.0,3.774933042662886,0.2551557582909657,3.064546,4.211619,3.064546,-2.989300676764424e-05,0.01629823418128124,-0.20492299999999997,0.20492299999999997,-0.0004979104092813398,0.42295565081820075,-4.743309999999999,4.74145,ISC_CS_1.0CC_DST_50ohm.csv,1,ISC,DST,1.0,,50,DST_CC1.0_50ohm
-0.02781098944754815,1.9356629030317927,-5.41295,4.35268,-5.40737,0.3372327250155183,0.748524004804424,0.0,2.5358,0.01876,59.877025052762264,35.07547217496624,0.0,100.0,100.0,3.7799358149596527,0.26346913322832344,3.036024,4.228361,3.036024,-3.4816612863173635e-05,0.019830809649901422,-0.23034500000000024,0.23158499999999993,-0.000569422026322324,0.4409946589516548,-4.73773,4.73215,ISC_CS_1.5CC_DST_1000ohm.csv,1,ISC,DST,1.5,,1000,DST_CC1.5_1000ohm
0.1452339573266393,1.6750845537630548,-5.41295,2.71577,-5.40179,0.5356132412927518,0.9169084466931463,0.0,2.8578,0.01858,58.03181143395042,34.42564103783568,0.0,100.0,100.0,3.779366108001255,0.25658030372285956,3.012463,4.200459,3.012463,-2.8252620347706055e-05,0.014318892616162869,-0.1987230000000002,0.19748299999999963,-0.00044807255381911783,0.40279321672573665,-4.74331,4.73029,ISC_CS_0.8CC_DST_20ohm.csv,1,ISC,DST,0.8,,20,DST_CC0.8_20ohm
-0.042442012501611066,1.8933393798795073,-5.41295,3.7779,-5.40179,0.2904334985178503,0.6701098447190971,0.0,2.40914,0.01854,59.0554357520299,35.13186078930086,0.0,100.0,100.0,3.7712502953988913,0.2519326028283081,3.045945,4.203249,3.045945,-3.067027584428974e-05,0.014431898568452941,-0.1981029999999997,0.20027300000000015,-0.0005542233823150289,0.44322183846006,-4.73773,4.73587,ISC_CS_1.3CC_DST_900ohm.csv,1,ISC,DST,1.3,,900,DST_CC1.3_900ohm
0.3352286424750616,1.8755029841362416,-5.41295,3.20313,-5.41109,0.7101687711435594,1.1120255034846778,0.0,3.14618,0.0186,59.94311733410438,34.35060577795784,0.0,100.0,100.0,3.814700403426341,0.2682985950499148,3.081907,4.200149,3.081907,-3.202848467322148e-05,0.013681054428429727,-0.1863220000000001,0.1841520000000001,-0.0005808169462116833,0.393276882207187,-4.73587,4.74703,ISC_CS_1.1CC_DST_10ohm.csv,1,ISC,DST,1.1,,10,DST_CC1.1_10ohm
0.004340067862968914,1.991332686582395,-5.40551,4.35082,-5.40179,0.3231396,0.7311096867046805,0.0,2.53069,0.01864,59.445091203915176,35.13410725435543,0.0,100.0,100.0,3.773462105318108,0.25418452691142995,3.076637,4.211309,3.076637,-3.032819943875221e-05,0.016899618341351206,-0.19903300000000002,0.20120300000000002,-0.0005985936174378383,0.4388081405951532,-4.73959,4.73029,ISC_CS_1.5CC_DST_100ohm.csv,1,ISC,DST,1.5,,100,DST_CC1.5_100ohm
-0.026954405068303475,1.922924361644876,-5.41481,4.0625,-5.40551,0.3079706704942915,0.694042785184784,0.0,2.40937,0.01867,59.46611651158186,35.10950127184871,0.0,100.0,100.0,3.7825441194482936,0.2518760031389771,3.090898,4.21503,3.090898,-3.089756451719354e-05,0.016935258367436503,-0.20461300000000016,0.20926299999999998,-0.0005862365520427701,0.4414282739227897,-4.737729999999999,4.74331,ISC_CS_1.4CC_DST_700ohm.csv,1,ISC,DST,1.4,,700,DST_CC1.4_700ohm
0.31962226539802435,1.8985495802430654,-5.41853,3.48586,-5.40737,0.7124688712957582,1.106874759904427,0.0,3.07315,0.01848,60.75460194654271,34.28352228663713,0.0,100.0,100.0,3.8204500531667636,0.2796551811273914,3.022693,4.202629,3.022693,-3.783473775969781e-05,0.015106300127976048,-0.20182300000000009,0.20089200000000007,-0.0006031941014092694,0.39363614521248036,-4.74703,4.7340100000000005,ISC_CS_1.2CC_DST_10ohm.csv,1,ISC,DST,1.2,,10,DST_CC1.2_10ohm
-0.044988258304874365,1.7587684312210397,-5.41481,2.90365,-5.40737,0.3194733281589569,0.6862501047491281,0.0,2.41294,0.01867,58.54834682396771,34.95557780893861,0.0,100.0,100.0,3.7714662474386835,0.25145524563548893,3.046565,4.200769,3.046565,-2.8916971992796352e-05,0.013778050988383927,-0.18756200000000023,0.18942199999999998,-0.00047984474942557313,0.4352653814789398,-4.7340100000000005,4.73773,ISC_CS_1.0CC_DST_800ohm.csv,1,ISC,DST,1.0,,800,DST_CC1.0_800ohm
-0.03649517814276697,1.999879277698321,-5.41853,4.64472,-5.40551,0.30698365319014526,0.7183996385003262,0.0,2.53184,0.01862,59.669027574226156,35.17313643209629,0.0,100.0,100.0,3.774329529690461,0.2592292117450856,3.032304,4.209449,3.032304,-3.3571771544099064e-05,0.015826509982367534,-0.19748199999999994,0.19872299999999976,-0.0005980635582511996,0.445169574924018,-4.73959,4.7340100000000005,ISC_CS_1.6CC_DST_1000ohm.csv,1,ISC,DST,1.6,,1000,DST_CC1.6_1000ohm
-0.013828311375728479,1.91615918527736,-5.40737,4.0625,-5.40179,0.34111106916645556,0.7489133176905294,0.0,2.54246,0.01862,59.65098996072967,35.05204363207099,0.0,100.0,100.0,3.784881364580694,0.25727526892241964,3.075397,4.21968,3.075397,-2.947795515013304e-05,0.016382495544336097,-0.1999629999999999,0.20151299999999983,-0.0005625370581527936,0.43888762734286885,-4.73773,4.73029,ISC_CS_1.4CC_DST_500ohm.csv,1,ISC,DST,1.4,,500,DST_CC1.4_500ohm
0.3381959087702798,2.2641298124147773,-5.41295,5.51897,-5.40737,0.6465357002899913,1.0947419187833611,0.0,3.04929,0.01873,61.798779959244456,34.521091972014354,0.0,100.0,100.0,3.817090720824516,0.28123445983758405,3.057726,4.200149,3.057726,-4.6562436309477106e-05,0.015160243207301305,-0.196863,0.19314299999999962,-0.0008095461315356258,0.4085993884576318,-4.7414499999999995,4.7340100000000005,ISC_CS_1.9CC_DST_10ohm.csv,1,ISC,DST,1.9,,10,DST_CC1.9_10ohm
0.05322946284242899,2.1708401865751137,-5.41295,5.80357,-5.40737,0.3530369837636793,0.7705662194807271,0.0,2.51142,0.01867,60.468211587153995,35.061413854449725,0.0,100.0,100.0,3.7867652624991055,0.26575243979289204,3.085317,4.243862,3.085317,-4.854667715859505e-05,0.01928784788103496,-0.2281749999999998,0.23561499999999969,-0.0007600686744402323,0.43785884592616886,-4.74145,4.73401,ISC_CS_2.0CC_DST_50ohm.csv,1,ISC,DST,2.0,,50,DST_CC2.0_50ohm
0.1582229872482247,2.109475757711744,-5.40551,4.93118,-5.40179,0.46463255035502105,0.90134733506632,0.0,2.75015,0.01853,60.64354029850747,34.83732661045062,0.0,100.0,100.0,3.8054613620489786,0.26966062553589326,3.070436,4.21565,3.070436,-4.234695652173914e-05,0.01686508222670621,-0.2083330000000001,0.20988399999999974,-0.0007061717391304348,0.4250947949174508,-4.74145,4.73401,ISC_CS_1.7CC_DST_20ohm.csv,1,ISC,DST,1.7,,20,DST_CC1.7_20ohm
-0.007103114925959877,2.1214710353964947,-5.41667,5.51153,-5.40737,0.3172480290918621,0.7451246408460872,0.0,2.58531,0.01872,60.08771736338619,35.18426816182934,0.0,100.0,100.0,3.775808437819421,0.2639119982745026,3.003472,4.207589,3.003472,-4.093643512450853e-05,0.01544474747127695,-0.1987230000000002,0.19965199999999994,-0.0006770052424639574,0.44666969139943385,-4.74331,4.75633,ISC_CS_1.9CC_DST_100ohm.csv,1,ISC,DST,1.9,,100,DST_CC1.9_100ohm
-0.002078406835359882,2.15191650414769,-5.41481,5.80543,-5.40551,0.3175606605323693,0.7487270641825949,0.0,2.58921,0.0188,60.136053644429836,35.222382916306245,0.0,100.0,100.0,3.7825634843904044,0.2595600530353105,3.072607,4.200769,3.072607,-3.8902780516663354e-05,0.01465985208153171,-0.18291199999999996,0.18539199999999978,-0.000698049037007822,0.44741317251908397,-4.74517,4.73587,ISC_CS_2.0CC_DST_100ohm.csv,1,ISC,DST,2.0,,100,DST_CC2.0_100ohm
-0.02142793390566817,1.4536094004966031,-5.41481,2.71577,-5.40365,0.45099525806785273,0.770373804729142,0.0,2.56421,0.01846,56.462553956350845,34.16611556060973,0.0,100.0,100.0,3.7598490626810097,0.2385651202827394,3.006882,4.200149,3.006882,-2.034840177924898e-05,0.014096941453822792,-0.20182300000000009,0.20523300000000022,-0.0003244191579600703,0.4029058127655746,-4.7414499999999995,4.75633,ISC_CS_0.5CC_DST_300ohm.csv,1,ISC,DST,0.5,,300,DST_CC0.5_300ohm
0.09763024577464786,2.1508895277434963,-5.41109,5.22693,-5.40551,0.3901159866197183,0.829381611860683,0.0,2.6865,0.01848,60.2082695915493,35.02798226000524,0.0,100.0,100.0,3.79248814,0.26123790184617884,3.099578,4.204489,3.099578,-3.406338920974783e-05,0.015157703405861042,-0.18601199999999984,0.1866319999999999,-0.0007068136357233412,0.43423853874221396,-4.73773,4.7340100000000005,ISC_CS_1.8CC_DST_30ohm.csv,1,ISC,DST,1.8,,30,DST_CC1.8_30ohm
0.15840127140442406,2.178058996950419,-5.41481,5.22693,-5.40923,0.4455254155949143,0.8900771787253338,0.0,2.75755,0.01862,60.61105217167634,34.9025676490203,0.0,100.0,100.0,3.797565825898434,0.26595671056608766,3.090588,4.207589,3.090588,-3.74621830209482e-05,0.016134359387819465,-0.19562200000000018,0.1965530000000002,-0.0007387151782432922,0.4291419689424788,-4.73773,4.75819,ISC_CS_1.8CC_DST_20ohm.csv,1,ISC,DST,1.8,,20,DST_CC1.8_20ohm
-0.025041501630434927,1.5319038801128813,-5.41853,2.71577,-5.40551,0.4107938885869566,0.7510774001458229,0.0,2.55699,0.01859,56.92755140217391,34.41551094034485,0.0,100.0,100.0,3.763683935652174,0.2389659448827215,3.074467,4.200769,3.074467,-1.7322535058158507e-05,0.013355157364863543,-0.1835309999999999,0.18322200000000022,-0.00035659528209587994,0.41258029171387334,-4.74703,4.7340100000000005,ISC_CS_0.6CC_DST_500ohm.csv,1,ISC,DST,0.6,,500,DST_CC0.6_500ohm
-0.01709070095846663,1.926493075534952,-5.41481,4.0625,-5.40179,0.3250678108626199,0.728762668425173,0.0,2.51879,0.01852,59.47384998722045,35.11358814910048,0.0,100.0,100.0,3.7816966141214055,0.2548214390858538,3.084697,4.207899,3.084697,-3.031250000000004e-05,0.015475334786867662,-0.18942199999999998,0.19159299999999968,-0.0005676169478527609,0.440866462025353,-4.7470300000000005,4.73029,ISC_CS_1.4CC_DST_300ohm.csv,1,ISC,DST,1.4,,300,DST_CC1.4_300ohm
-0.0016256164369035243,2.6193810487823646,-2.901166,4.350508,-2.900546,1.8746336233297984,0.8726975523959856,0.0,2.753995,2.753995,68.08377172852599,31.697636383814807,0.0,100.0,100.0,3.9086748514316016,0.34184796756130925,2.749876,4.200149,2.749876,-5.909047518031405e-05,0.0005905355504317926,-0.005271000000000026,0.010851000000000166,-0.00045526347051336435,0.003026105731833433,-0.23375500000000038,0.00248000000000001,ISC_BD_1.5CC_1.0CD_20ohm.csv,0,Normal,CC,1.5,1.0,20,CC_CC1.5_CD1.0_20ohm
-0.0031070011714174864,2.461355320710269,-2.608445,2.608445,-2.607887,1.3779134021866457,0.7786771162335479,0.0,2.56443,2.56443,53.762835832357155,30.38533163431775,0.0,100.0,100.0,3.7572370611740205,0.3076160053737624,2.749256,4.200149,2.749256,-6.437729462309596e-05,0.0006812076661732134,-0.0071310000000002205,0.007441000000000031,-0.00026401536258299703,0.0020561016202853177,-0.13411499999999998,0.005765999999999938,ISC_BD_0.9CC_0.9CD_800ohm.csv,0,Normal,CC,0.9,0.9,800,CC_CC0.9_CD0.9_800ohm
-0.008731261620732398,2.6709007086482943,-2.900236,2.899926,-2.899926,1.4391297836281365,0.8004777143614544,0.0,2.618597,2.618597,55.08407364596189,30.65409849753738,0.0,100.0,100.0,3.772002603592486,0.33336495483779627,2.749876,4.200149,2.749876,-6.680030174187362e-05,0.0007929581337094742,-0.008680000000000021,0.012400999999999662,-0.0003181414072143739,0.0021727919115044725,-0.140749,0.0006200000000000649,ISC_BD_1.0CC_1.0CD_1000ohm.csv,0,Normal,CC,1.0,1.0,1000,CC_CC1.0_CD1.0_1000ohm
0.0337502112829449,4.237733687393041,-4.3564,5.80357,-4.34338,1.5405785471574818,0.8132996637015135,0.0,2.60681,2.55737,59.51731838379438,31.289280570980633,0.0,100.0,100.0,3.8121155410585925,0.37852488890033525,2.749876,4.200149,2.749876,-0.00011917084332098507,0.0008846915147659202,-0.009610999999999592,0.016121000000000052,-0.0011365809544563086,0.004454854973709559,-0.050220000000000375,0.01859999999999995,ISC_BD_2.0CC_1.5CD_700ohm.csv,0,Normal,CC,2.0,1.5,700,CC_CC2.0_CD1.5_700ohm
-0.014526855524079424,1.7516120843628054,-1.449777,2.31901,-1.449219,1.3913125666607649,0.7930930440136658,0.0,2.676816,2.676816,52.351562623937674,29.88242514151118,0.0,100.0,100.0,3.7392042042315863,0.2934001123323169,2.749876,4.200149,2.749876,-4.3480697715601186e-05,0.0004814729441910086,-0.0043400000000000105,0.007130000000000081,-0.0001540108021958562,0.0012753589250615832,-0.10881699999999972,0.0011159999999998949,ISC_BD_0.8CC_0.5CD_900ohm.csv,0,Normal,CC,0.8,0.5,900,CC_CC0.8_CD0.5_900ohm
0.036541251276812986,3.5314332315984323,-2.90179,5.80171,-2.89435,1.5672099693564865,0.8479453183835638,0.0,2.74955,2.68263,57.6614759278175,31.023001947417047,0.0,100.0,100.0,3.7907887218249914,0.3539046451966216,2.749876,4.200149,2.749876,-9.397735013623986e-05,0.0007838556391885555,-0.005889999999999951,0.018291000000000057,-0.0008876106948228884,0.0037888593601377064,-0.024189999999999934,0.022320000000000007,ISC_BD_2.0CC_1.0CD_400ohm.csv,0,Normal,CC,2.0,1.0,400,CC_CC2.0_CD1.0_400ohm
-0.0008229629723240403,2.4673418142807786,-2.898624,2.319197,-2.898438,1.4049925707064326,0.7966632091298269,0.0,2.633479,2.633366,53.352081157588785,30.25174912328739,0.0,100.0,100.0,3.761990997725262,0.3002381503558951,2.749566,4.200149,2.749566,-5.513803564656812e-05,0.0006674054724343212,-0.012401000000000106,0.007130999999999776,-0.00021996485905700924,0.002021822181231751,-0.154204,0.0033480000000000176,ISC_BD_0.8CC_1.0CD_700ohm.csv,0,Normal,CC,0.8,1.0,700,CC_CC0.8_CD1.0_700ohm
-0.008077965991094574,1.712886574204459,-2.02939,2.02939,-2.028832,1.6994006306617533,0.8852850449864292,0.0,2.776296,2.776296,61.5841324581606,32.14097439590334,0.0,100.0,100.0,3.865297309918624,0.3141353084730944,2.749566,4.200149,2.749566,-4.108522727272727e-05,0.0005074626253858435,-0.005271000000000026,0.008370999999999906,-0.00015134889434889433,0.0011096964223531217,-0.09003000000000005,0.0033480000000000038,ISC_BD_0.7CC_0.7CD_10ohm.csv,0,Normal,CC,0.7,0.7,10,CC_CC0.7_CD0.7_10ohm
0.053763961695717816,4.2447914982398105,-4.35454,5.80357,-4.35082,1.5637618334409296,0.8273365720641737,0.0,2.65416,2.58255,59.51187639337206,31.29646152987219,0.0,100.0,100.0,3.8115860245319566,0.37659242116286384,2.749876,4.200149,2.749876,-0.0001115270182992466,0.00091488957856614,-0.011471000000000231,0.017670999999999992,-0.0011216770721205597,0.0044401271028921925,-0.046499999999999986,0.020460000000000145,ISC_BD_2.0CC_1.5CD_400ohm.csv,0,Normal,CC,2.0,1.5,400,CC_CC2.0_CD1.5_400ohm
0.035703636714779906,4.0613854575224915,-4.930866,4.930866,-4.930866,1.531287737954869,0.7869287276401927,0.0,2.53465,2.485897,60.769224130920925,31.10914294052915,0.0,100.0,100.0,3.82748570400488,0.41494158460723163,2.749876,4.200149,2.749876,-9.407158836689043e-05,0.0008159467346585852,-0.007750999999999841,0.016429999999999723,-0.0008849153955664023,0.002461918311384353,-0.1162580000000002,0.0018599999999999728,ISC_BD_1.7CC_1.7CD_300ohm.csv,0,Normal,CC,1.7,1.7,300,CC_CC1.7_CD1.7_300ohm
-0.015250322112387535,1.7507863822197578,-1.449777,2.318825,-1.449219,1.3829189329414908,0.788258267865623,0.0,2.659904,2.659904,52.386653148098674,29.90295349624097,0.0,100.0,100.0,3.7381993172143564,0.2937255904378386,2.749876,4.200149,2.749876,-4.440295715685404e-05,0.00048299750882880725,-0.004650000000000265,0.007440000000000335,-0.00015486363231495502,0.0012944414439822827,-0.1091899999999999,0.0016739999999999533,ISC_BD_0.8CC_0.5CD_600ohm.csv,0,Normal,CC,0.8,0.5,600,CC_CC0.8_CD0.5_600ohm
0.01189256198694962,3.9643361477795978,-4.349888,4.350198,-4.349268,1.4038148989686383,0.7767504941026171,0.0,2.505303,2.486496,56.19639589560092,31.058348741240124,0.0,100.0,100.0,3.7873063363502424,0.3444295988950654,2.749876,4.200149,2.749876,-0.0001417904822067804,0.0010920177461490358,-0.011471000000000231,0.013951000000000047,-0.0007940136870920194,0.0045993405988710824,-0.21825399999999995,0.0006199999999996209,ISC_BD_1.5CC_1.5CD_700ohm.csv,0,Normal,CC,1.5,1.5,700,CC_CC1.5_CD1.5_700ohm
-0.008802753009362587,2.555784256530619,-1.45833,5.80729,-1.45275,1.4687423651359786,0.8150048984558789,0.0,2.68779,2.68779,54.82445490414623,30.47648772228859,0.0,100.0,100.0,3.7453881698617923,0.330193969282142,2.749876,4.200149,2.749876,-7.168127090300997e-05,0.0005508328214285113,-0.0037200000000003897,0.018291000000000057,-0.0005825050167224079,0.0035226148762090856,-0.037200000000000344,0.01859999999999995,ISC_BD_2.0CC_0.5CD_700ohm.csv,0,Normal,CC,2.0,0.5,700,CC_CC2.0_CD0.5_700ohm
0.009952400947458914,3.0062074991448338,-4.349578,2.319879,-4.348958,1.4503605650301465,0.8179605408883176,0.0,2.694793,2.675982,53.93188736721218,30.399338282566518,0.0,100.0,100.0,3.7798256540338784,0.3106251442412494,2.749876,4.200149,2.749876,-5.315379092475592e-05,0.0008575702970286374,-0.010229999999999961,0.00992100000000029,-0.00025001019529006315,0.0024726343016158964,-0.18477100000000002,0.0006209999999997606,ISC_BD_0.8CC_1.5CD_1000ohm.csv,0,Normal,CC,0.8,1.5,1000,CC_CC0.8_CD1.5_1000ohm
0.0041960015695068995,2.441544834152078,-4.348958,1.449343,-4.348028,1.3434155051569505,0.7683731031608492,0.0,2.581771,2.567894,52.098741816143495,29.792551812954247,0.0,100.0,100.0,3.783094378811659,0.28965578695001637,2.749566,4.200149,2.749566,-4.157692307692306e-05,0.0005990107036745087,-0.00961000000000034,0.006820999999999966,-9.7615608880915e-05,0.0010376498072013896,-0.08494599999999997,0.0021700000000000053,ISC_BD_0.5CC_1.5CD_200ohm.csv,0,Normal,CC,0.5,1.5,200,CC_CC0.5_CD1.5_200ohm
0.018978229434447155,3.4616250696008195,-5.80357,2.32887,-5.79799,1.4773890327763497,0.8340815922635211,0.0,2.73637,2.70156,54.155101944087406,30.547200188589386,0.0,100.0,100.0,3.789749478631105,0.32576590782052256,2.749876,4.200149,2.749876,-5.1520411443265825e-05,0.0006605531021232097,-0.012709999999999777,0.007441000000000031,-0.0002804226936676311,0.002683914247909761,-0.01859999999999995,0.014880000000000004,ISC_BD_0.8CC_2.0CD_800ohm.csv,0,Normal,CC,0.8,2.0,800,CC_CC0.8_CD2.0_800ohm
0.03549767803315742,3.8918958002221298,-4.640687,4.640377,-4.640067,1.5782670288244158,0.8225413549955253,0.0,2.645538,2.590645,60.051143085908066,31.1696402766763,0.0,100.0,100.0,3.8227885697061046,0.39185146822010397,2.749566,4.200149,2.749566,-7.940369393139833e-05,0.0008191918575001022,-0.008060999999999652,0.012401000000000106,-0.0007651168488503582,0.002132603387195867,-0.08525500000000008,0.0018599999999999728,ISC_BD_1.6CC_1.6CD_1000ohm.csv,0,Normal,CC,1.6,1.6,1000,CC_CC1.6_CD1.6_1000ohm
-0.016789222426065984,1.4222833473591223,-1.449591,1.449591,-1.449405,1.3695459578043592,0.7872576390775023,0.0,2.709988,2.709988,51.150791773684595,29.42239539446979,0.0,100.0,100.0,3.7402908221178546,0.2760041546607429,2.749876,4.200149,2.749876,-3.563229357798165e-05,0.0004242825317511564,-0.004650999999999961,0.005580999999999836,-6.381064220183487e-05,0.0004938545175028588,-0.0372030000000001,0.0033480000000000176,ISC_BD_0.5CC_0.5CD_300ohm.csv,0,Normal,CC,0.5,0.5,300,CC_CC0.5_CD0.5_300ohm
0.03276633885739199,4.506222121917535,-5.22693,5.21949,-5.21949,1.6037038748364587,0.8561933385143221,0.0,2.73228,2.69789,58.94325841692106,31.39542824714893,0.0,100.0,100.0,3.8175725588748364,0.362868168730873,2.749876,4.200459,2.749876,-9.677966841186746e-05,0.0009253089446936418,-0.011160999999999976,0.016121999999999748,-0.0010087805410122165,0.004061816929820773,-0.02232000000000056,0.016739999999999977,ISC_BD_1.8CC_1.8CD_20ohm.csv,0,Normal,CC,1.8,1.8,20,CC_CC1.8_CD1.8_20ohm
-0.010637999284253425,2.2802248188171212,-1.449033,4.351439,-1.448413,1.449061290184049,0.8114870017174055,0.0,2.681889,2.681889,54.22913923312883,30.418318009307274,0.0,100.0,100.0,3.741298108179959,0.31946329573066556,2.749566,4.200149,2.749566,-5.8814379218654155e-05,0.0006282071471332684,-0.006199999999999761,0.009300000000000086,-0.0003856065657598691,0.0023442416794775254,-0.1661710000000003,0.0015500000000000513,ISC_BD_1.5CC_0.5CD_100ohm.csv,0,Normal,CC,1.5,0.5,100,CC_CC1.5_CD0.5_100ohm
-0.017990438508839163,1.9098802741331424,-1.449405,2.898252,-1.449219,1.3805710642774789,0.778936710807559,0.0,2.604187,2.604187,53.41554136241353,30.20394916946786,0.0,100.0,100.0,3.739125366737125,0.3080792709714369,2.749876,4.200149,2.749876,-5.434134153373061e-05,0.0005200955391806161,-0.00403100000000034,0.008990999999999971,-0.00022279963482606192,0.0015815635170932684,-0.11662999999999979,0.0014879999999999338,ISC_BD_1.0CC_0.5CD_600ohm.csv,0,Normal,CC,1.0,0.5,600,CC_CC1.0_CD0.5_600ohm
0.008623052968163793,3.5490232591154047,-4.35826,5.79799,-4.35082,1.9849568038370637,0.888565447243533,0.0,2.82823,2.81412,70.26269147782567,31.408480010890646,0.0,100.0,100.0,3.926981906575837,0.35642197085359245,2.749876,4.200459,2.749876,-6.496996245306632e-05,0.0007311322137475967,-0.009919999999999707,0.015190999999999732,-0.0007982658879154498,0.0032960461177781136,-0.022319999999999673,0.02418000000000009,ISC_BD_2.0CC_1.5CD_30ohm.csv,0,Normal,CC,2.0,1.5,30,CC_CC2.0_CD1.5_30ohm
0.03520153981171226,3.454614660875356,-5.80543,2.33073,-5.79613,1.4835093984362533,0.838698327527668,0.0,2.75673,2.69369,54.10706981011648,30.538882144504186,0.0,100.0,100.0,3.7877847151747246,0.3270952710872747,2.749876,4.200459,2.749876,-4.73564245810056e-05,0.0006641372279279186,-0.012399999999999967,0.008059999999999956,-0.00027701356743814833,0.003102086061804399,-0.020459999999999923,0.020460000000000145,ISC_BD_0.8CC_2.0CD_200ohm.csv,0,Normal,CC,0.8,2.0,200,CC_CC0.8_CD2.0_200ohm
0.036409994525548016,3.7798043350539596,-5.80357,2.90551,-5.79985,1.5023361332116791,0.8376311128093905,0.0,2.71781,2.66463,55.55982881386861,30.917350348094295,0.0,100.0,100.0,3.8006300748175175,0.3342949084589076,2.749876,4.200459,2.749876,-6.372435195326772e-05,0.0007458964305303203,-0.013641000000000236,0.010540999999999912,-0.0004230941949616648,0.0029160111746987503,-0.01859999999999995,0.014880000000000004,ISC_BD_1.0CC_2.0CD_800ohm.csv,0,Normal,CC,1.0,2.0,800,CC_CC1.0_CD2.0_800ohm
0.02629243498396885,3.7765428584598735,-5.80729,2.90923,-5.79799,1.5071354203776277,0.8388841476275969,0.0,2.71652,2.68046,55.67216781261133,30.94733547921568,0.0,100.0,100.0,3.8009857206982542,0.33479083016989725,2.749876,4.200149,2.749876,-6.236849607982893e-05,0.0007293133371008405,-0.012090999999999852,0.008680000000000021,-0.0004139861012116892,0.0035589203087732055,-0.022320000000000007,0.02418000000000009,ISC_BD_1.0CC_2.0CD_20ohm.csv,0,Normal,CC,1.0,2.0,20,CC_CC1.0_CD2.0_20ohm
-0.00041728934740833284,3.209885454199487,-2.898996,4.348958,-2.898996,1.4744056972168906,0.8142702006907707,0.0,2.63378,2.627398,56.04388581253999,30.938116958924116,0.0,100.0,100.0,3.772031719449776,0.32892661824073194,2.749256,4.200149,2.749256,-9.077360000000006e-05,0.0008460198072535814,-0.008059999999999956,0.012710999999999917,-0.0006032243199999999,0.004430391344610368,-0.27591700000000063,0.0015500000000000513,ISC_BD_1.5CC_1.0CD_400ohm.csv,0,Normal,CC,1.5,1.0,400,CC_CC1.5_CD1.0_400ohm
-0.001487936459462149,2.0108125081225996,-2.898996,1.449405,-2.89881,1.3608132087479068,0.781581665752644,0.0,2.647552,2.647552,51.45002935671363,29.551633579072757,0.0,100.0,100.0,3.753218443995666,0.27719325227346214,2.749256,4.200149,2.749256,-4.001635629126018e-05,0.0005780223849825368,-0.006820999999999966,0.004650999999999961,-8.572056360232536e-05,0.00071843964671196,-0.05543200000000015,0.0013020000000000254,ISC_BD_0.5CC_1.0CD_800ohm.csv,0,Normal,CC,0.5,1.0,800,CC_CC0.5_CD1.0_800ohm
0.004497390185124309,2.4543408178089656,-4.348958,1.449343,-4.348028,1.3783990980392158,0.7894895735406241,0.0,2.666929,2.656125,51.733745218534345,29.62748166319356,0.0,100.0,100.0,3.769270154671925,0.28380338952574347,2.749876,4.200149,2.749876,-3.7194258792593376e-05,0.000614113318480778,-0.008370999999999906,0.00682000000000027,-9.555012599978089e-05,0.0011975872885510517,-0.10075699999999999,0.0009299999999994313,ISC_BD_0.5CC_1.5CD_30ohm.csv,0,Normal,CC,0.5,1.5,30,CC_CC0.5_CD1.5_30ohm
0.04200742411101527,4.485370869931591,-5.22321,5.22693,-5.21577,1.608273918039896,0.8554071464233228,0.0,2.73311,2.68302,59.20298421509107,31.378813784910314,0.0,100.0,100.0,3.819671854943625,0.36646605460681175,2.749876,4.200149,2.749876,-9.966355748373087e-05,0.0008943085535372188,-0.010849999999999582,0.014571000000000112,-0.0010059154013015185,0.003648937108755155,-0.022319999999999673,0.014880000000000004,ISC_BD_1.8CC_1.8CD_100ohm.csv,0,Normal,CC,1.8,1.8,100,CC_CC1.8_CD1.8_100ohm
0.04284725472747549,4.487642590230695,-5.22507,5.22507,-5.21949,1.5995999021134593,0.8515691701389518,0.0,2.72348,2.66436,59.15917822024472,31.363103199298624,0.0,100.0,100.0,3.818917873859844,0.3671045842143408,2.749876,4.200149,2.749876,-0.00010501891831738256,0.0008991387423796901,-0.010850999999999722,0.014571000000000112,-0.001034593812597374,0.004182648298706769,-0.05393999999999988,0.018600000000000172,ISC_BD_1.8CC_1.8CD_300ohm.csv,0,Normal,CC,1.8,1.8,300,CC_CC1.8_CD1.8_300ohm
0.0026866193486590607,3.864027845493196,-4.349578,4.349268,-4.348649,1.5221044183908046,0.8244823431146447,0.0,2.645073,2.632229,57.64637850574713,31.199649208499256,0.0,100.0,100.0,3.8029171208812262,0.3419539394684535,2.749256,4.200149,2.749256,-9.731927941740137e-05,0.0011786740403531763,-0.013020999999999727,0.01860100000000031,-0.0007224093522422383,0.004972893162219254,-0.24925599999999992,0.0009300000000003195,ISC_BD_1.5CC_1.5CD_10ohm.csv,0,Normal,CC,1.5,1.5,10,CC_CC1.5_CD1.5_10ohm
-0.001219499447391654,2.4546951103171093,-4.348958,1.449343,-4.347408,1.3653118154288242,0.7815829607108586,0.0,2.64034,2.64034,51.815742904509285,29.664538171806704,0.0,100.0,100.0,3.7733826094164455,0.283726288947364,2.749876,4.200149,2.749876,-4.06116515587e-05,0.0006235256638508243,-0.007750999999999841,0.007750999999999841,-9.602863143931016e-05,0.0010835510317601287,-0.08773600000000004,0.0006209999999997606,ISC_BD_0.5CC_1.5CD_100ohm.csv,0,Normal,CC,0.5,1.5,100,CC_CC0.5_CD1.5_100ohm
0.02976038334978594,3.5424751425909244,-2.90923,5.80357,-2.90365,1.5941465482066468,0.8616877605942326,0.0,2.7863,2.74378,57.629458538993084,31.043296567598922,0.0,100.0,100.0,3.788848835307667,0.35245522116771205,2.749876,4.200149,2.749876,-9.587343647136278e-05,0.0007305498139949137,-0.005889999999999951,0.017981000000000247,-0.0008587277814351546,0.0037791526924101353,-0.03161999999999998,0.027900000000000036,ISC_BD_2.0CC_1.0CD_20ohm.csv,0,Normal,CC,2.0,1.0,20,CC_CC2.0_CD1.0_20ohm
-0.004441705954724418,1.8900448055985646,-2.31901,2.31901,-2.318639,1.7650599475065616,0.8916062720332435,0.0,2.783069,2.783069,63.60856849573491,32.160906156379625,0.0,100.0,100.0,3.8837960900590556,0.3204830289701321,2.749876,4.200149,2.749876,-4.292969647251849e-05,0.0005799739996286556,-0.007750999999999841,0.008990999999999971,-0.00018546259228876128,0.0015104832638095941,-0.1298370000000002,0.002603999999999995,ISC_BD_0.8CC_0.8CD_10ohm.csv,0,Normal,CC,0.8,0.8,10,CC_CC0.8_CD0.8_10ohm
0.0038763215894461957,3.178488107042891,-3.479353,3.479353,-3.479043,1.471740475868726,0.813752681520925,0.0,2.64134,2.625733,55.84874528635779,30.853299232014706,0.0,100.0,100.0,3.7827335001608744,0.3284872390566562,2.749256,4.200149,2.749256,-7.962520115867392e-05,0.001010473118275611,-0.013021000000000171,0.013640999999999792,-0.00046652655294496297,0.0037964896521543692,-0.23561499999999969,0.0006200000000000649,ISC_BD_1.2CC_1.2CD_800ohm.csv,0,Normal,CC,1.2,1.2,800,CC_CC1.2_CD1.2_800ohm
-0.005713675233056052,2.4650740661817547,-2.898996,2.319258,-2.898685,1.4096966009070295,0.7976472366716407,0.0,2.647454,2.647454,53.38944659863945,30.22039011124101,0.0,100.0,100.0,3.7618293255228017,0.30808728118844064,2.749256,4.200149,2.749256,-5.113608870967744e-05,0.0007893080208232494,-0.008991000000000415,0.012710999999999917,-0.00021942817540322577,0.0024230405415081044,-0.19376300000000013,0.0006200000000000649,ISC_BD_0.8CC_1.0CD_1000ohm.csv,0,Normal,CC,0.8,1.0,1000,CC_CC0.8_CD1.0_1000ohm
0.00886367548906821,3.289384227310788,-4.348958,2.900236,-4.348958,1.4455986976820647,0.8049205694741578,0.0,2.619343,2.598492,55.33029444353115,30.781141283905477,0.0,100.0,100.0,3.787639385829361,0.32436210619884825,2.749566,4.200149,2.749566,-7.224091432330213e-05,0.0009967655128012857,-0.012709999999999777,0.013330999999999982,-0.00038154727840815654,0.003263230884320514,-0.210194,0.0009299999999998754,ISC_BD_1.0CC_1.5CD_800ohm.csv,0,Normal,CC,1.0,1.5,800,CC_CC1.0_CD1.5_800ohm
-0.0006109042467302124,3.1990004559961402,-3.479353,3.479353,-3.478733,1.4702119236234459,0.8159044990618727,0.0,2.655627,2.650673,55.4034913935088,30.738760970319312,0.0,100.0,100.0,3.776487026642984,0.32629791118038365,2.749566,4.200149,2.749566,-7.13080277822645e-05,0.0009662379173989841,-0.008061000000000096,0.017980999999999803,-0.00046840994992731387,0.004094506526265329,-0.26909800000000006,0.0006200000000000649,ISC_BD_1.2CC_1.2CD_300ohm.csv,0,Normal,CC,1.2,1.2,300,CC_CC1.2_CD1.2_300ohm
-0.0011158979789817592,3.193430652972361,-3.479663,3.479663,-3.478733,1.465203412611156,0.8132853995740315,0.0,2.64325,2.637173,55.48266612772837,30.78681950076609,0.0,100.0,100.0,3.7780602570735646,0.32767905878037373,2.749876,4.200149,2.749876,-7.455911369885171e-05,0.0009519646136862038,-0.00868100000000016,0.01612200000000019,-0.00046896587417111435,0.004201674722951116,-0.27870799999999996,0.0006200000000000649,ISC_BD_1.2CC_1.2CD_50ohm.csv,0,Normal,CC,1.2,1.2,50,CC_CC1.2_CD1.2_50ohm
-0.006325859813084129,1.6895561750991948,-1.739583,1.739583,-1.739397,1.377796348851428,0.7899573674148616,0.0,2.671912,2.671912,51.77052553061402,29.694609826913116,0.0,100.0,100.0,3.745354257839112,0.28758337035901527,2.749876,4.200149,2.749876,-3.461212544771553e-05,0.000488076046292592,-0.004650999999999961,0.0071310000000002205,-0.00010130147636935443,0.001100751487961529,-0.10584000000000016,0.002790999999999988,ISC_BD_0.6CC_0.6CD_300ohm.csv,0,Normal,CC,0.6,0.6,300,CC_CC0.6_CD0.6_300ohm
0.005184101723892144,3.6624304101947294,-5.81101,4.36198,-5.79985,1.96966394785582,0.8934576950358937,0.0,2.82593,2.81397,69.75127563755521,31.611321764804266,0.0,100.0,100.0,3.9371325740133916,0.3487083170679537,2.749876,4.200459,2.749876,-5.381274048738775e-05,0.0006867171749175728,-0.013951000000000047,0.013020000000000032,-0.0006081117286589711,0.003746126986673838,-0.02232000000000056,0.02232000000000056,ISC_BD_1.5CC_2.0CD_50ohm.csv,0,Normal,CC,1.5,2.0,50,CC_CC1.5_CD2.0_50ohm
0.019733725874125644,4.060389567265783,-4.638827,4.638827,-4.637897,1.5409141132867132,0.8269146921238774,0.0,2.644658,2.614149,58.49903276723276,31.326619496575926,0.0,100.0,100.0,3.8059252727272725,0.35413660261541274,2.748946,4.200149,2.748946,-9.827923246052384e-05,0.001074168040015659,-0.00868100000000016,0.016430999999999862,-0.0008110213871676991,0.0048601095704239716,-0.25080599999999986,0.0009300000000003195,ISC_BD_1.6CC_1.6CD_400ohm.csv,0,Normal,CC,1.6,1.6,400,CC_CC1.6_CD1.6_400ohm
0.005460736144844311,2.4506039164123163,-4.348338,1.449343,-4.348338,1.3657384042835063,0.7826968081953244,0.0,2.639852,2.625629,51.8001074078163,29.681404353555745,0.0,100.0,100.0,3.7675071892249945,0.28488358785251694,2.749876,4.200149,2.749876,-3.755432862190816e-05,0.0008132258009574589,-0.015191000000000177,0.007439999999999891,-9.616232332155474e-05,0.0011430982249054041,-0.09579599999999999,0.0009299999999999864,ISC_BD_0.5CC_1.5CD_900ohm.csv,0,Normal,CC,0.5,1.5,900,CC_CC0.5_CD1.5_900ohm
-0.0007277067222643927,2.4601354863736944,-2.898996,2.319258,-2.898996,1.4053699388425576,0.7945984176728087,0.0,2.627395,2.62496,53.50818746525145,30.25111957622946,0.0,100.0,100.0,3.7637255470053073,0.30762961833404057,2.749876,4.200149,2.749876,-5.375973205257835e-05,0.0008053590650413824,-0.008990999999999971,0.012091000000000296,-0.0002198977502527806,0.0023803725809954405,-0.18756199999999978,0.0006200000000000649,ISC_BD_0.8CC_1.0CD_30ohm.csv,0,Normal,CC,0.8,1.0,30,CC_CC0.8_CD1.0_30ohm
0.008760204218599896,3.8697065583138937,-4.349268,4.349268,-4.348649,1.5228513181208052,0.8257977726663909,0.0,2.6555,2.634544,57.51231098753595,31.145546439433144,0.0,100.0,100.0,3.8003885457334614,0.3429965749874307,2.749876,4.200149,2.749876,-9.372549395741416e-05,0.0012016992110737402,-0.014261000000000301,0.018291000000000057,-0.0007231615192787262,0.005012153503639919,-0.259487,0.0009299999999994313,ISC_BD_1.5CC_1.5CD_300ohm.csv,0,Normal,CC,1.5,1.5,300,CC_CC1.5_CD1.5_300ohm
-0.011881921671741017,1.9243091767118197,-1.450273,2.899926,-1.449343,1.4428310916136176,0.8165729988313523,0.0,2.727433,2.727433,53.14310786972969,30.11524011238865,0.0,100.0,100.0,3.742824448749885,0.3018723459225664,2.749256,4.200149,2.749256,-4.917634031558553e-05,0.0006484579894803936,-0.007750999999999841,0.014260999999999857,-0.00021395579957552829,0.0020755531577514898,-0.16493099999999972,0.0009299999999998754,ISC_BD_1.0CC_0.5CD_100ohm.csv,0,Normal,CC,1.0,0.5,100,CC_CC1.0_CD0.5_100ohm
0.009411351992410295,3.462681637790472,-5.80357,2.31957,-5.79985,1.4729289721695131,0.8310373206413223,0.0,2.72465,2.70127,54.17042114168248,30.54554831389198,0.0,100.0,100.0,3.7889449339025933,0.3241033034247556,2.749876,4.200459,2.749876,-5.04112622587789e-05,0.0006562200363240327,-0.012090000000000156,0.007750999999999841,-0.000276281240113888,0.0027058077970967217,-0.0279100000000001,0.016750000000000043,ISC_BD_0.8CC_2.0CD_300ohm.csv,0,Normal,CC,0.8,2.0,300,CC_CC0.8_CD2.0_300ohm
-0.0011076473256924934,3.2571005564261633,-4.930555,4.930555,-4.929935,2.0296446398042023,0.8378685993658608,0.0,2.761057,2.756733,73.52853734479464,30.341673351364957,0.0,100.0,100.0,3.9740682633715374,0.33941557675691686,2.749566,4.200149,2.749566,-6.767566276570337e-05,0.0006674084775090553,-0.009609999999999896,0.011781000000000041,-0.0005817961547647481,0.002929480345242302,-0.1748510000000003,0.0031010000000000204,ISC_BD_1.7CC_1.7CD_30ohm.csv,0,Normal,CC,1.7,1.7,30,CC_CC1.7_CD1.7_30ohm
-0.000904741793910779,2.223660138589718,-2.898438,2.89881,-2.897694,1.8612380533967263,0.8878365828807799,0.0,2.774758,2.774758,67.08288763829204,32.00028640215655,0.0,100.0,100.0,3.9189762340678436,0.31965738443065844,2.749876,4.200149,2.749876,-4.9727937814357537e-05,0.0005397275430320332,-0.008061000000000096,0.006510000000000016,-0.0002597192501143118,0.0017659419262721677,-0.13411499999999998,0.004463999999999968,ISC_BD_1.0CC_1.0CD_20ohm.csv,0,Normal,CC,1.0,1.0,20,CC_CC1.0_CD1.0_20ohm
0.005478235760026707,3.4046158753231337,-3.769531,3.769221,-3.768911,1.51354573289518,0.8302262225680157,0.0,2.682073,2.664469,56.57285308392316,31.00008090762789,0.0,100.0,100.0,3.787421844118638,0.33866974917157877,2.749876,4.200459,2.749876,-7.886378961564406e-05,0.0010190880396865859,-0.010231000000000101,0.016741000000000117,-0.0005377788267026299,0.0044254870679823425,-0.271887,0.0006200000000000649,ISC_BD_1.3CC_1.3CD_300ohm.csv,0,Normal,CC,1.3,1.3,300,CC_CC1.3_CD1.3_300ohm
-0.012997082076176353,1.4198460232710532,-1.449591,1.449405,-1.449405,1.3449368931292007,0.7728650713528491,0.0,2.649,2.649,51.24156009708737,29.463439092731274,0.0,100.0,100.0,3.741500333532487,0.27477004795412063,2.749876,4.200149,2.749876,-3.723573349268e-05,0.0004505105190752836,-0.0043400000000000105,0.005269999999999886,-6.495413803406035e-05,0.0008908333600816826,-0.09003000000000005,0.0040919999999999845,ISC_BD_0.5CC_0.5CD_800ohm.csv,0,Normal,CC,0.5,0.5,800,CC_CC0.5_CD0.5_800ohm
0.03059442197580636,4.105148710617348,-4.929006,4.929006,-4.928075,1.5631044808467742,0.8084338560888203,0.0,2.598789,2.551809,60.48764485887096,31.171482921327065,0.0,100.0,100.0,3.824264579032258,0.4052018702015685,2.749876,4.200149,2.749876,-9.842093586123445e-05,0.0009869150789758947,-0.0077510000000002854,0.016121000000000052,-0.0008770346914078257,0.00336154706859473,-0.14477899999999977,0.0009310000000004592,ISC_BD_1.7CC_1.7CD_200ohm.csv,0,Normal,CC,1.7,1.7,200,CC_CC1.7_CD1.7_200ohm
0.016896104532462274,4.233830481625254,-4.35268,5.80729,-4.35082,1.610968670886076,0.8462796038204914,0.0,2.70618,2.67364,59.79504540628828,31.328469667361507,0.0,100.0,100.0,3.8142657709269088,0.37340163817039496,2.749876,4.200149,2.749876,-0.00010922855392156863,0.0008674716162236344,-0.01054000000000066,0.018602000000000007,-0.0010660723039215684,0.0038334059181996793,-0.033479999999999954,0.02418000000000009,ISC_BD_2.0CC_1.5CD_50ohm.csv,0,Normal,CC,2.0,1.5,50,CC_CC2.0_CD1.5_50ohm
0.046711021645022145,4.388271592624189,-5.80357,4.35082,-5.79985,1.5762525,0.8472686396796675,0.0,2.70619,2.65644,58.559433008658004,31.38512335038534,0.0,100.0,100.0,3.8216296082251078,0.3637462777400082,2.749876,4.200459,2.749876,-9.163642269380692e-05,0.0008611221595912886,-0.010850000000000026,0.014571000000000112,-0.0008144564746643572,0.0036580704919410355,-0.022319999999999895,0.016739999999999977,ISC_BD_1.5CC_2.0CD_1000ohm.csv,0,Normal,CC,1.5,2.0,1000,CC_CC1.5_CD2.0_1000ohm
-0.011051836985459536,2.279164110600093,-1.449033,4.351439,-1.448103,1.4469060962523037,0.8102359805706455,0.0,2.677508,2.677508,54.232676100757736,30.417500645900724,0.0,100.0,100.0,3.741646665779234,0.31976050624745506,2.749566,4.200149,2.749566,-5.8549365014338347e-05,0.0006154944148414013,-0.004960999999999771,0.010850999999999722,-0.0003861595657517411,0.002586627486220233,-0.1866330000000005,0.0009300000000000974,ISC_BD_1.5CC_0.5CD_1000ohm.csv,0,Normal,CC,1.5,0.5,1000,CC_CC1.5_CD0.5_1000ohm
0.02340974082861878,3.790581237525683,-5.80543,2.90365,-5.80171,1.5036361343310822,0.8391104731510144,0.0,2.72131,2.68485,55.44913938674941,30.9038443336227,0.0,100.0,100.0,3.7985930965504653,0.332881161723817,2.749876,4.200149,2.749876,-6.50379769947052e-05,0.0007348141474428123,-0.012091000000000296,0.009300999999999782,-0.00042351104619317136,0.0028448688762476937,-0.02418000000000009,0.02418000000000009,ISC_BD_1.0CC_2.0CD_1000ohm.csv,0,Normal,CC,1.0,2.0,1000,CC_CC1.0_CD2.0_1000ohm
0.015463274949494982,4.076279138776423,-4.638827,4.638827,-4.638207,1.5264750256565656,0.8217479662121809,0.0,2.62848,2.601227,58.28620591919192,31.318681303383606,0.0,100.0,100.0,3.8034799139393947,0.35293443901058846,2.748946,4.200149,2.748946,-9.805598221503635e-05,0.001078361444597125,-0.009920000000000151,0.015190999999999732,-0.0008202243330638643,0.005073709235729419,-0.269717,0.0009300000000003195,ISC_BD_1.6CC_1.6CD_800ohm.csv,0,Normal,CC,1.6,1.6,800,CC_CC1.6_CD1.6_800ohm
-0.020626652180911056,3.487180823685922,-5.80543,2.33259,-5.79613,1.4416079848704328,0.8140083815094147,0.0,2.6888,2.6888,54.08715404796394,30.562254616411057,0.0,100.0,100.0,3.7943198097537416,0.31343015436049204,2.749876,4.200149,2.749876,-5.825036226050549e-05,0.0005989100125813096,-0.008060999999999652,0.005891000000000091,-0.0002776251811302527,0.0029520859807786863,-0.02417999999999987,0.016739999999999977,ISC_BD_0.8CC_2.0CD_10ohm.csv,0,Normal,CC,0.8,2.0,10,CC_CC0.8_CD2.0_10ohm
0.003031133397932761,3.18484690643705,-3.479353,3.479353,-3.479043,1.46720005749354,0.8120911086875705,0.0,2.637924,2.627638,55.705135788113694,30.815511206821373,0.0,100.0,100.0,3.7814209718992244,0.32710035589293257,2.749876,4.200149,2.749876,-7.79806138933764e-05,0.0009490868233724445,-0.008990999999999971,0.015500999999999987,-0.0004688361873990307,0.003966421439251017,-0.25452699999999995,0.0006200000000000649,ISC_BD_1.2CC_1.2CD_900ohm.csv,0,Normal,CC,1.2,1.2,900,CC_CC1.2_CD1.2_900ohm
-0.01276159256633544,2.2694301068112286,-1.449033,4.351439,-1.448103,1.4643419846060362,0.8170874625014217,0.0,2.695558,2.695558,54.48189911889812,30.44073703433373,0.0,100.0,100.0,3.7431226438120313,0.32053916721508274,2.749256,4.200149,2.749256,-6.268223257698543e-05,0.0007121349397697417,-0.006200999999999901,0.01581100000000024,-0.0003820919773095625,0.003761812757087682,-0.2839779999999994,0.0009310000000004592,ISC_BD_1.5CC_0.5CD_300ohm.csv,0,Normal,CC,1.5,0.5,300,CC_CC1.5_CD0.5_300ohm
0.003426433461403931,3.4184871719258503,-3.770771,3.770771,-3.770461,1.4638991306322042,0.8050993026342401,0.0,2.597926,2.588917,56.423687076493195,31.01478852667812,0.0,100.0,100.0,3.78667936884387,0.33645204526060263,2.748326,4.200149,2.748326,-9.077445842068475e-05,0.0010549718975735281,-0.013020999999999727,0.016430999999999862,-0.0005575373864430469,0.003961974444653296,-0.21081299999999992,0.0006200000000000649,ISC_BD_1.3CC_1.3CD_400ohm.csv,0,Normal,CC,1.3,1.3,400,CC_CC1.3_CD1.3_400ohm
-0.017467656588968518,2.2023413971620593,-2.318825,2.31901,-2.318639,1.3843611598199863,0.7832747807077776,0.0,2.620165,2.620165,53.29526453957997,30.196068429981644,0.0,100.0,100.0,3.764355114585738,0.29875321270995114,2.749876,4.200149,2.749876,-6.358552631578945e-05,0.0006885503242016902,-0.008991000000000415,0.007750999999999841,-0.00020074007386888275,0.0017018216875040871,-0.1266750000000001,0.00037200000000003897,ISC_BD_0.8CC_0.8CD_20ohm.csv,0,Normal,CC,0.8,0.8,20,CC_CC0.8_CD0.8_20ohm
0.013327331233790218,3.201280857954548,-4.640997,4.640997,-4.639757,1.9759606909966656,0.8622231601298961,0.0,2.794737,2.759663,70.86906843275285,30.827471564484885,0.0,100.0,100.0,3.9436651157218727,0.36576625746923297,2.749876,4.200149,2.749876,-5.495713403335394e-05,0.0006558408308949233,-0.006819999999999826,0.012400999999999662,-0.0005659250154416306,0.002115487454041751,-0.1202880000000004,0.002479999999999996,ISC_BD_1.6CC_1.6CD_30ohm.csv,0,Normal,CC,1.6,1.6,30,CC_CC1.6_CD1.6_30ohm
-0.005304568703726842,2.465642533342794,-2.610987,2.610987,-2.610987,1.4329091696574225,0.8087765291517658,0.0,2.673648,2.673648,53.672853733216215,30.302557263064188,0.0,100.0,100.0,3.7629140277324638,0.30137042551041565,2.749566,4.200149,2.749566,-6.066524413204463e-05,0.0008009609819634597,-0.008990999999999971,0.011471000000000231,-0.00025534705660851015,0.0022801819330765492,-0.1599700000000004,0.0021700000000000053,ISC_BD_0.9CC_0.9CD_30ohm.csv,0,Normal,CC,0.9,0.9,30,CC_CC0.9_CD0.9_30ohm
0.0358573694029847,4.216035504523533,-4.36198,5.80729,-4.3564,1.6094212375621892,0.8442986703894183,0.0,2.70425,2.65526,59.90998924129353,31.301550790438984,0.0,100.0,100.0,3.817855855099503,0.374965210102375,2.749876,4.200459,2.749876,-0.00010711157196184155,0.000891978221180063,-0.009609999999999452,0.017981999999999942,-0.001082432600580672,0.004670240538175584,-0.044649999999999856,0.022319999999999895,ISC_BD_2.0CC_1.5CD_500ohm.csv,0,Normal,CC,2.0,1.5,500,CC_CC2.0_CD1.5_500ohm
-0.00352993768352391,3.2301014814221807,-2.898996,4.348958,-2.898685,1.4499357606851548,0.8043356082845808,0.0,2.603002,2.600871,55.72404037520393,30.907966176001853,0.0,100.0,100.0,3.7655395621533443,0.32737504228094355,2.749566,4.200149,2.749566,-9.556576370757175e-05,0.0008370762333562745,-0.006199999999999761,0.012710999999999917,-0.0006153346932114883,0.004573618788802983,-0.2839780000000003,0.0009299999999994313,ISC_BD_1.5CC_1.0CD_200ohm.csv,0,Normal,CC,1.5,1.0,200,CC_CC1.5_CD1.0_200ohm
0.02308646520146551,3.791360738887362,-5.81287,2.90365,-5.79799,1.4981763040293041,0.8361846440249522,0.0,2.71327,2.66572,55.471756208791206,30.907779726353834,0.0,100.0,100.0,3.7975476661172163,0.3346148112905239,2.749876,4.200149,2.749876,-6.86724074752657e-05,0.0007185766932204818,-0.011470000000000091,0.00837000000000021,-0.00042191828508611224,0.0030730845179364487,-0.02417999999999987,0.016739999999999977,ISC_BD_1.0CC_2.0CD_500ohm.csv,0,Normal,CC,1.0,2.0,500,CC_CC1.0_CD2.0_500ohm
-0.003841282845188064,3.246440625014746,-2.898996,4.349268,-2.898685,1.4159955882845185,0.7880363929571121,0.0,2.556559,2.556559,55.41454512133891,30.844442971742563,0.0,100.0,100.0,3.762195709121339,0.3316919260950299,2.749256,4.200149,2.749256,-0.00011034672693788718,0.0008961794982344387,-0.008680999999999717,0.013641000000000236,-0.0006309392265193371,0.004334293383175188,-0.25483600000000006,0.0009299999999994313,ISC_BD_1.5CC_1.0CD_700ohm.csv,0,Normal,CC,1.5,1.0,700,CC_CC1.5_CD1.0_700ohm
0.07024996798817992,4.881052100652698,-5.80543,5.80543,-5.79613,1.5829377690224082,0.8302173426971222,0.0,2.65219,2.57061,60.263135434622015,31.40897933107216,0.0,100.0,100.0,3.833739859394237,0.3801326683486855,2.749876,4.200459,2.749876,-0.0001279337275190933,0.0009736754553515269,-0.013330999999999982,0.017361000000000182,-0.0012849889135254987,0.004357001420545409,-0.020460000000000367,0.0167400000000002,ISC_BD_2.0CC_2.0CD_800ohm.csv,0,Normal,CC,2.0,2.0,800,CC_CC2.0_CD2.0_800ohm
-0.006745910467346388,2.0078270143331025,-2.898996,1.449591,-2.89881,1.3289142945392147,0.7614958469728019,0.0,2.585561,2.585561,51.638809982840414,29.59666680131899,0.0,100.0,100.0,3.760781339557888,0.2805001761491847,2.749876,4.200149,2.749876,-4.2379202423018596e-05,0.0006366942156199927,-0.008990999999999971,0.005271000000000026,-8.79824331145886e-05,0.0007707359941195992,-0.058408000000000015,0.00037200000000003897,ISC_BD_0.5CC_1.0CD_300ohm.csv,0,Normal,CC,0.5,1.0,300,CC_CC0.5_CD1.0_300ohm
-0.0004907356064841341,2.7084325255535657,-2.898252,2.898624,-2.89788,1.4204465975405256,0.7985551502732517,0.0,2.615633,2.61361,54.323593320290655,30.537188838083413,0.0,100.0,100.0,3.7567474536053664,0.32037956352137986,2.749256,4.200149,2.749256,-6.352935420743649e-05,0.0007262279173125916,-0.007130000000000081,0.008059999999999956,-0.0003242858540676544,0.0027268421410364175,-0.1997770000000001,0.003161999999999998,ISC_BD_1.0CC_1.0CD_800ohm.csv,0,Normal,CC,1.0,1.0,800,CC_CC1.0_CD1.0_800ohm
0.004352725156473054,2.4505906338237065,-4.348958,1.449343,-4.348028,1.3726102692434392,0.7865476736211197,0.0,2.65133,2.6369,51.83589590424948,29.698475197332414,0.0,100.0,100.0,3.773791770066981,0.2841121067909631,2.749876,4.200149,2.749876,-4.116573311367383e-05,0.0006146389642211335,-0.009611000000000036,0.007749999999999702,-9.544052718286656e-05,0.0007258320772126133,-0.05084400000000011,0.0030999999999999917,ISC_BD_0.5CC_1.5CD_20ohm.csv,0,Normal,CC,0.5,1.5,20,CC_CC0.5_CD1.5_20ohm
0.08398604510184324,4.871234544328198,-5.80729,5.80357,-5.79799,1.600982138700291,0.8394444884859342,0.0,2.68589,2.58466,60.31257335111542,31.378062061878186,0.0,100.0,100.0,3.8378142463627545,0.3782274459430982,2.749876,4.200149,2.749876,-0.00012101455604075694,0.0009954869446693806,-0.011781000000000041,0.016741000000000117,-0.0012658005822416304,0.0041767836398829495,-0.020470000000000432,0.016739999999999977,ISC_BD_2.0CC_2.0CD_700ohm.csv,0,Normal,CC,2.0,2.0,700,CC_CC2.0_CD2.0_700ohm
0.007248153531557656,2.451999827807776,-4.348649,1.449653,-4.348028,1.36447450812424,0.7823056064128565,0.0,2.642101,2.619778,51.74496235216094,29.65966490867223,0.0,100.0,100.0,3.7658337988283415,0.2845892372266504,2.749566,4.200149,2.749566,-3.962222222222221e-05,0.0006305795958707807,-0.010850999999999722,0.007749999999999702,-9.600508568269762e-05,0.0012723465056529975,-0.11253700000000011,0.0015500000000000513,ISC_BD_0.5CC_1.5CD_800ohm.csv,0,Normal,CC,0.5,1.5,800,CC_CC0.5_CD1.5_800ohm
0.031530944915254114,4.230726564096572,-4.36198,5.80729,-4.35454,1.5815288644067798,0.8325878347117256,0.0,2.66929,2.61727,59.67823627118645,31.282030062268305,0.0,100.0,100.0,3.81429273411017,0.377259708554754,2.749876,4.200459,2.749876,-0.00011334993641373479,0.0008904990334458188,-0.010231000000000101,0.017050999999999927,-0.0011074756252649428,0.005106851455253987,-0.03161999999999998,0.027900000000000036,ISC_BD_2.0CC_1.5CD_600ohm.csv,0,Normal,CC,2.0,1.5,600,CC_CC2.0_CD1.5_600ohm
-0.0035547014925374127,1.7886619359227975,-2.898996,1.449591,-2.89881,1.646055935220803,0.8755269070780338,0.0,2.736952,2.736952,60.34234533774427,32.114139560592164,0.0,100.0,100.0,3.8655821633328205,0.30613597921075075,2.749256,4.200149,2.749256,-3.2204216682056045e-05,0.0005455284628073275,-0.0077510000000002854,0.00558100000000028,-0.00010707563865804863,0.0006623485733946434,-0.04929300000000003,0.002603999999999995,ISC_BD_0.5CC_1.0CD_10ohm.csv,0,Normal,CC,0.5,1.0,10,CC_CC0.5_CD1.0_10ohm
0.00944457106026401,3.2696518481182566,-4.347098,2.898685,-4.346788,1.4725657017402514,0.8156876658528966,0.0,2.648618,2.633322,55.69888601353529,30.832466342721506,0.0,100.0,100.0,3.792148550435063,0.33034918279010617,2.749876,4.200149,2.749876,-6.521212121212122e-05,0.0010089133952195322,-0.013021000000000171,0.014260999999999857,-0.000374032720825274,0.0030356184491383354,-0.19066300000000025,0.0006209999999997606,ISC_BD_1.0CC_1.5CD_10ohm.csv,0,Normal,CC,1.0,1.5,10,CC_CC1.0_CD1.5_10ohm
0.02058800375102591,2.8287042797728685,-5.81287,1.45833,-5.79427,1.4331598710584925,0.8235839202682177,0.0,2.78617,2.72456,51.6488312038448,29.66217412591178,0.0,100.0,100.0,3.76412502356113,0.2931090121636732,2.749876,4.200149,2.749876,-2.664368624692229e-05,0.0005637754096230076,-0.012091000000000296,0.005889999999999951,-0.00010250322429358656,0.002847930539102665,-0.024189999999999934,0.018600000000000172,ISC_BD_0.5CC_2.0CD_400ohm.csv,0,Normal,CC,0.5,2.0,400,CC_CC0.5_CD2.0_400ohm
-0.013120081553255633,1.4158019758127292,-1.449591,1.449591,-1.449219,1.366979311752184,0.7849086635798469,0.0,2.686207,2.686207,51.38170118182486,29.523589745020782,0.0,100.0,100.0,3.7357285478969393,0.28522434602187247,2.749876,4.200149,2.749876,-3.200117465677996e-05,0.0004537368738150214,-0.0040300000000002,0.0049600000000000755,-6.381572571764188e-05,0.00042112657169616704,-0.013765000000000027,0.0014880000000000448,ISC_BD_0.5CC_0.5CD_1000ohm.csv,0,Normal,CC,0.5,0.5,1000,CC_CC0.5_CD0.5_1000ohm
-0.0023817211103937977,2.4599901665180024,-2.608445,2.608445,-2.607701,1.3884130823757264,0.7842820333524625,0.0,2.584629,2.584629,53.76562787604907,30.375900261841092,0.0,100.0,100.0,3.7581847212395094,0.3072810907881229,2.749876,4.200149,2.749876,-6.169972878729174e-05,0.000677471191492424,-0.006820999999999966,0.009300999999999782,-0.00026223763399199276,0.0021395577701754107,-0.14843699999999993,0.005580000000000029,ISC_BD_0.9CC_0.9CD_700ohm.csv,0,Normal,CC,0.9,0.9,700,CC_CC0.9_CD0.9_700ohm
0.00021049965452575627,2.008832158993182,-2.89881,1.449405,-2.89881,1.358805478629948,0.7799385172223003,0.0,2.639497,2.639497,51.51226807817589,29.56833858468046,0.0,100.0,100.0,3.7542539434409243,0.2771303865872818,2.749566,4.200149,2.749566,-3.994234376542601e-05,0.0005574072678004795,-0.008680000000000021,0.0049600000000000755,-8.58898213051634e-05,0.0007068024202279606,-0.05431600000000003,0.0005580000000000584,ISC_BD_0.5CC_1.0CD_900ohm.csv,0,Normal,CC,0.5,1.0,900,CC_CC0.5_CD1.0_900ohm
-0.014130911137120769,1.6750878949490904,-1.739397,1.739397,-1.739397,1.3345794380120644,0.7611438425775412,0.0,2.575685,2.575685,52.26341302782029,29.837127455251437,0.0,100.0,100.0,3.74094874097416,0.3005404148269075,2.749566,4.200149,2.749566,-4.355065285907247e-05,0.00048041930099578575,-0.0049600000000005195,0.006200000000000205,-0.00010445475011256192,0.0006737975977740016,-0.03961999999999999,0.00037200000000003897,ISC_BD_0.6CC_0.6CD_20ohm.csv,0,Normal,CC,0.6,0.6,20,CC_CC0.6_CD0.6_20ohm
-0.004015341092211145,2.4649711974254593,-2.898624,2.319197,-2.898438,1.387691798183911,0.7863541611339516,0.0,2.599586,2.599586,53.445263550326125,30.290635289890258,0.0,100.0,100.0,3.764267663767745,0.301508645220482,2.749566,4.200459,2.749566,-6.044134578482799e-05,0.0006610364722737885,-0.005889999999999951,0.007439999999999891,-0.00022244339260585902,0.0020419433534127653,-0.15550599999999992,0.003162000000000109,ISC_BD_0.8CC_1.0CD_600ohm.csv,0,Normal,CC,0.8,1.0,600,CC_CC0.8_CD1.0_600ohm
0.07390171064013867,4.3549493213143124,-5.80543,4.35454,-5.79613,1.579518819204152,0.8458276232158743,0.0,2.71378,2.61052,58.842184861591704,31.31002740953103,0.0,100.0,100.0,3.8272775391435983,0.36785370574635434,2.749876,4.200459,2.749876,-9.169125919515361e-05,0.0008434608062415556,-0.010850999999999722,0.013330999999999982,-0.0008133491994807441,0.003488734184423226,-0.020470000000000432,0.018610000000000015,ISC_BD_1.5CC_2.0CD_200ohm.csv,0,Normal,CC,1.5,2.0,200,CC_CC1.5_CD2.0_200ohm
0.0049796003560303856,3.00479687067371,-4.349888,2.319879,-4.349268,1.4055436617712507,0.7914924498444609,0.0,2.602022,2.591378,54.0825336893636,30.445193472920636,0.0,100.0,100.0,3.7805614588340006,0.3102908489025562,2.749876,4.200149,2.749876,-6.0725033387743103e-05,0.0008134915508703095,-0.009611000000000036,0.010540999999999912,-0.0002583574714349311,0.002598437607768036,-0.18477100000000002,0.0006209999999997606,ISC_BD_0.8CC_1.5CD_200ohm.csv,0,Normal,CC,0.8,1.5,200,CC_CC0.8_CD1.5_200ohm
0.007077369044797642,2.8330973827657044,-5.79799,1.45275,-5.79427,1.4135277755392273,0.811807686615038,0.0,2.73423,2.72657,51.7243258947618,29.70400770885049,0.0,100.0,100.0,3.7708687897606064,0.29079574248219553,2.749876,4.200149,2.749876,-3.4213963963963996e-05,0.0005599608609824808,-0.012710999999999917,0.0049600000000000755,-0.00010319227121858702,0.0021974508573698918,-0.029769999999999963,0.018610000000000015,ISC_BD_0.5CC_2.0CD_300ohm.csv,0,Normal,CC,0.5,2.0,300,CC_CC0.5_CD2.0_300ohm
0.010552524195032456,3.6317224833669055,-4.0594,4.0594,-4.05909,1.4834983166513338,0.8084456852702403,0.0,2.604075,2.584281,57.12882252069917,31.094014893069176,0.0,100.0,100.0,3.7923575580496776,0.34753956250926527,2.748326,4.200149,2.748326,-9.027277747101055e-05,0.0010968804162698796,-0.012091000000000296,0.016741000000000117,-0.000641095711393337,0.004919305170387283,-0.29265900000000045,0.0003100000000006986,ISC_BD_1.4CC_1.4CD_500ohm.csv,0,Normal,CC,1.4,1.4,500,CC_CC1.4_CD1.4_500ohm
0.014293168968840498,3.4641008720334994,-5.80357,2.33259,-5.79799,1.4780527256665597,0.8348687946031763,0.0,2.73877,2.69807,54.16024463539994,30.560247902634195,0.0,100.0,100.0,3.7873499145518794,0.32531208895195624,2.749876,4.200149,2.749876,-5.135443444730078e-05,0.0006607757141805821,-0.013021000000000171,0.0077510000000002854,-0.0002818267994858613,0.0028143347488574525,-0.027900000000000036,0.018610000000000015,ISC_BD_0.8CC_2.0CD_500ohm.csv,0,Normal,CC,0.8,2.0,500,CC_CC0.8_CD2.0_500ohm
0.04195741067285405,4.676849055124761,-5.51525,5.51339,-5.50967,1.5709564849187934,0.8275733821475237,0.0,2.63757,2.59532,59.86770078886311,31.439025026071082,0.0,100.0,100.0,3.82290932900232,0.3798879906416559,2.749876,4.200769,2.749876,-0.00010629038997214481,0.0009579724893716574,-0.010850999999999722,0.016121000000000052,-0.0011450858867223768,0.004133968087072269,-0.022320000000000118,0.01859999999999995,ISC_BD_1.9CC_1.9CD_100ohm.csv,0,Normal,CC,1.9,1.9,100,CC_CC1.9_CD1.9_100ohm
0.015724224826851773,3.7715698395875017,-5.80729,2.90551,-5.79799,1.504065894157343,0.8354725404664579,0.0,2.70261,2.67166,55.81779936068194,30.970162913044867,0.0,100.0,100.0,3.8026159342923105,0.33717868875929324,2.749876,4.201079,2.749876,-5.4799964469710444e-05,0.0006917792099068983,-0.011779999999999902,0.00837000000000021,-0.0004100923787528869,0.00623956474617761,-0.06883000000000017,0.04651000000000005,ISC_BD_1.0CC_2.0CD_10ohm.csv,0,Normal,CC,1.0,2.0,10,CC_CC1.0_CD2.0_10ohm
-0.0008575462990710517,2.0080330428470865,-2.898996,1.449591,-2.89881,1.3419459634402156,0.7701878393485211,0.0,2.604093,2.604093,51.543177274997504,29.582668387882606,0.0,100.0,100.0,3.756591539706323,0.28152716542181994,2.748946,4.200149,2.748946,-3.887241482665596e-05,0.0005865299669119371,-0.0077510000000002854,0.005271000000000026,-8.708682186032571e-05,0.0006161702352014091,-0.04222499999999996,0.0018599999999999728,ISC_BD_0.5CC_1.0CD_50ohm.csv,0,Normal,CC,0.5,1.0,50,CC_CC0.5_CD1.0_50ohm
0.010913566050649902,2.670810744689996,-2.898252,2.898624,-2.897694,1.4410862323066393,0.803791229077366,0.0,2.620284,2.596792,55.19548438056126,30.748665713679454,0.0,100.0,100.0,3.773664493223819,0.32951915356756906,2.749566,4.200149,2.749566,-6.995933178145973e-05,0.0006406104726910125,-0.005270999999999582,0.008059999999999956,-0.0003174403669724771,0.002529353353633361,-0.185454,0.003906000000000076,ISC_BD_1.0CC_1.0CD_400ohm.csv,0,Normal,CC,1.0,1.0,400,CC_CC1.0_CD1.0_400ohm
0.005186452033677368,2.8393378177736297,-5.80729,1.45647,-5.80357,1.4173472880351004,0.8144353026569309,0.0,2.74824,2.72489,51.654560085378876,29.67547738838706,0.0,100.0,100.0,3.7677318835527096,0.29159906518128526,2.749876,4.200149,2.749876,-3.132926106037247e-05,0.0005648244609128183,-0.012401000000000106,0.00527000000000033,-0.00010457715573478826,0.00263933142590097,-0.02418000000000009,0.018610000000000015,ISC_BD_0.5CC_2.0CD_600ohm.csv,0,Normal,CC,0.5,2.0,600,CC_CC0.5_CD2.0_600ohm
0.009548424907749209,3.6401270713434855,-4.05909,4.0594,-4.05909,1.482454517712177,0.8091287726349512,0.0,2.604602,2.58541,57.072801586715855,31.112901151351323,0.0,100.0,100.0,3.7902904564575643,0.347779359792768,2.749256,4.200149,2.749256,-9.13237356958287e-05,0.0011106109990647627,-0.012710999999999917,0.019220999999999933,-0.0006422984496124033,0.0051322035776979,-0.29730900000000027,0.0003100000000006986,ISC_BD_1.4CC_1.4CD_30ohm.csv,0,Normal,CC,1.4,1.4,30,CC_CC1.4_CD1.4_30ohm
-0.0007013553235907288,2.466686155025236,-3.189484,3.189484,-3.189174,1.821137392275574,0.8774072873155632,0.0,2.740411,2.731122,66.50946030271399,32.01750416519315,0.0,100.0,100.0,3.900305011795407,0.33806298259535866,2.749876,4.200149,2.749876,-5.104416370849867e-05,0.0006692892190342441,-0.008060999999999652,0.012710999999999917,-0.00032701294633535183,0.0024780374290722896,-0.17113099999999992,0.0021700000000000053,ISC_BD_1.1CC_1.1CD_20ohm.csv,0,Normal,CC,1.1,1.1,20,CC_CC1.1_CD1.1_20ohm
-0.019022307518488015,2.248970618326075,-1.450273,4.348028,-1.449653,1.440144918138866,0.8004961554228185,0.0,2.65256,2.65256,54.59839774034511,30.42507569178899,0.0,100.0,100.0,3.735154997329499,0.3263631863274011,2.749876,4.200149,2.749876,-6.564115471543045e-05,0.0007104289515043119,-0.007130000000000081,0.016741000000000117,-0.0003869992808711733,0.0027972831870042595,-0.17950100000000013,0.0012399999999999078,ISC_BD_1.5CC_0.5CD_200ohm.csv,0,Normal,CC,1.5,0.5,200,CC_CC1.5_CD0.5_200ohm
0.01502780072536759,4.069933420077158,-4.638827,4.638827,-4.638517,1.5286318436429576,0.8216934888851319,0.0,2.625381,2.601277,58.411984706830545,31.34615066058723,0.0,100.0,100.0,3.803733359661495,0.35553163635429635,2.748946,4.200149,2.748946,-0.0001001737552912719,0.0011011934363766582,-0.011160999999999976,0.016430999999999862,-0.0008179500100786134,0.004670630525266225,-0.22817500000000024,0.0009309999999999041,ISC_BD_1.6CC_1.6CD_600ohm.csv,0,Normal,CC,1.6,1.6,600,CC_CC1.6_CD1.6_600ohm
-0.01870308918053121,2.247319341823519,-1.451203,4.348338,-1.449963,1.4312632399503977,0.7952886537852771,0.0,2.632191,2.632191,54.66485319830526,30.448203574316288,0.0,100.0,100.0,3.735417686059729,0.3266073762506814,2.749876,4.200149,2.749876,-6.834852713178293e-05,0.0006220150812439634,-0.00434100000000015,0.017050999999999927,-0.00038961560723514216,0.0026896402751941714,-0.15531999999999968,0.0018599999999999728,ISC_BD_1.5CC_0.5CD_700ohm.csv,0,Normal,CC,1.5,0.5,700,CC_CC1.5_CD0.5_700ohm
0.0271541179379877,3.914238483736153,-4.639757,4.639757,-4.639137,1.567909213429713,0.8203569025359366,0.0,2.632269,2.592778,59.85245170249192,31.22537500936835,0.0,100.0,100.0,3.8185590485067524,0.3907921335811372,2.749876,4.200149,2.749876,-8.123634633682205e-05,0.0008250825076064898,-0.00868100000000016,0.017670999999999992,-0.0007723653663177926,0.0023169071793062257,-0.10540699999999958,0.0012400000000000189,ISC_BD_1.6CC_1.6CD_20ohm.csv,0,Normal,CC,1.6,1.6,20,CC_CC1.6_CD1.6_20ohm
-0.013361067750929451,1.9271664595393287,-1.450273,2.900236,-1.449343,1.4300334373605947,0.8108663040888395,0.0,2.71191,2.71191,53.04719707249071,30.128782058449733,0.0,100.0,100.0,3.7405581844795535,0.3013029319944816,2.749256,4.200149,2.749256,-4.9450920245398725e-05,0.0005850934654051732,-0.008059999999999956,0.009301000000000226,-0.00021552695668339842,0.0014621082536786457,-0.11005699999999985,0.002789999999999959,ISC_BD_1.0CC_0.5CD_50ohm.csv,0,Normal,CC,1.0,0.5,50,CC_CC1.0_CD0.5_50ohm
0.0015567065036967526,2.8812180418946203,-3.190104,3.190104,-3.189794,1.4285043739248529,0.7836746061344482,0.0,2.540853,2.53485,56.27244173834314,30.86014976555346,0.0,100.0,100.0,3.774914539308888,0.35745088330285174,2.748946,4.200149,2.748946,-6.953796226415086e-05,0.0008799112763640896,-0.008990999999999971,0.015500999999999987,-0.0003939708679245283,0.0023438067643164594,-0.1267980000000004,0.0006200000000000649,ISC_BD_1.1CC_1.1CD_10ohm.csv,0,Normal,CC,1.1,1.1,10,CC_CC1.1_CD1.1_10ohm
-0.018133543633342963,1.914846051664868,-1.449405,2.898252,-1.449219,1.3570426754617413,0.767032984380223,0.0,2.564657,2.564657,53.329877054627175,30.21137453622846,0.0,100.0,100.0,3.7414281903645064,0.305731583134139,2.749876,4.200149,2.749876,-5.984644707262243e-05,0.0005040763283921831,-0.0040300000000002,0.007441000000000031,-0.0002266469553318346,0.0015841676139878573,-0.11867599999999978,0.0018600000000000838,ISC_BD_1.0CC_0.5CD_400ohm.csv,0,Normal,CC,1.0,0.5,400,CC_CC1.0_CD0.5_400ohm
0.0015264559449058364,3.933821141356218,-4.349888,4.350198,-4.349578,1.452968601782459,0.7984249084467587,0.0,2.564924,2.557817,56.70706465464857,31.147527642789278,0.0,100.0,100.0,3.7857420356491795,0.3398116597591075,2.749256,4.200149,2.749256,-0.00011452198581560266,0.0010750626860583925,-0.011781000000000041,0.013330999999999982,-0.0007640245187436677,0.0044600833332677494,-0.21267300000000056,0.0009300000000003195,ISC_BD_1.5CC_1.5CD_200ohm.csv,0,Normal,CC,1.5,1.5,200,CC_CC1.5_CD1.5_200ohm
0.014993138907619996,3.3919900810570924,-3.770771,3.770771,-3.770461,1.5094763659811195,0.8265737179193566,0.0,2.671674,2.642303,56.73333627781524,31.01191403387028,0.0,100.0,100.0,3.7985907048213075,0.3355359921440072,2.749256,4.200149,2.749256,-8.83529510961215e-05,0.001038054483731257,-0.010540999999999912,0.018291000000000057,-0.0005382215851602023,0.0038114481182054665,-0.21081299999999992,0.0006200000000000649,ISC_BD_1.3CC_1.3CD_600ohm.csv,0,Normal,CC,1.3,1.3,600,CC_CC1.3_CD1.3_600ohm
-0.010123744807121809,1.946821483995879,-2.02939,2.02939,-2.02939,1.3691251534840887,0.7798906669729184,0.0,2.61685,2.61685,52.60746022715645,29.989193769843446,0.0,100.0,100.0,3.750698231556329,0.2946264082278952,2.749566,4.200149,2.749566,-4.933793879848531e-05,0.000549211578581271,-0.005269999999999886,0.006819999999999826,-0.00014839453484801962,0.000981157632755255,-0.06603399999999993,0.0013020000000000254,ISC_BD_0.7CC_0.7CD_700ohm.csv,0,Normal,CC,0.7,0.7,700,CC_CC0.7_CD0.7_700ohm
0.04594807641633735,4.384660075371039,-5.80729,4.35268,-5.79613,1.5551120860781729,0.8351379131640961,0.0,2.67304,2.60445,58.61512740447957,31.347462145728862,0.0,100.0,100.0,3.821398435660957,0.36758819701028184,2.749876,4.200149,2.749876,-9.160303163444643e-05,0.0008618288100046122,-0.010850999999999722,0.01581100000000024,-0.0008274912126537787,0.003523932401656591,-0.02418000000000009,0.01860000000000006,ISC_BD_1.5CC_2.0CD_400ohm.csv,0,Normal,CC,1.5,2.0,400,CC_CC1.5_CD2.0_400ohm
0.03512542888978939,4.136535093734891,-4.929006,4.929006,-4.928075,1.5665684754862235,0.8153546319701906,0.0,2.616729,2.565448,60.239513452188014,31.230771164227665,0.0,100.0,100.0,3.822234003444084,0.39561302694385014,2.749256,4.200149,2.749256,-9.883664369679782e-05,0.0010138530949711077,-0.008680000000000021,0.016121000000000052,-0.0008813007701661937,0.0036822123146876516,-0.16958099999999998,0.0009310000000004592,ISC_BD_1.7CC_1.7CD_400ohm.csv,0,Normal,CC,1.7,1.7,400,CC_CC1.7_CD1.7_400ohm
0.00949093087398753,3.4060429399530197,-3.770771,3.770461,-3.769841,1.4798323445957593,0.8120174040153838,0.0,2.62347,2.604591,56.56187722806413,31.001815863828632,0.0,100.0,100.0,3.789658395966213,0.33644198213840193,2.749256,4.200149,2.749256,-8.521658906708063e-05,0.0010583890319115156,-0.013330999999999982,0.015191000000000177,-0.0005504869805138818,0.004043321447929214,-0.2281740000000001,0.0009299999999998754,ISC_BD_1.3CC_1.3CD_200ohm.csv,0,Normal,CC,1.3,1.3,200,CC_CC1.3_CD1.3_200ohm
0.03397779631395005,3.4557548893256382,-5.80357,2.32515,-5.79985,1.489337229107086,0.8424038837016494,0.0,2.77058,2.70401,54.06368566889101,30.526755460011685,0.0,100.0,100.0,3.7857546286939945,0.3262213696760739,2.749876,4.200769,2.749876,-4.552733630006352e-05,0.000671678293159858,-0.013020000000000032,0.007750000000000146,-0.00027759853782581063,0.0031322178996005872,-0.0279100000000001,0.022319999999999895,ISC_BD_0.8CC_2.0CD_400ohm.csv,0,Normal,CC,0.8,2.0,400,CC_CC0.8_CD2.0_400ohm
0.011118543240126965,3.004621185614603,-4.349578,2.320189,-4.349268,1.4456873234361487,0.8150260824192654,0.0,2.68459,2.663848,53.97426370712021,30.41018122897992,0.0,100.0,100.0,3.7791761944364373,0.3108967761221544,2.749876,4.200149,2.749876,-5.162514417531724e-05,0.0008461029880483411,-0.00992100000000029,0.010541000000000356,-0.0002511983852364475,0.0026855087571343635,-0.200272,0.0009299999999998754,ISC_BD_0.8CC_1.5CD_300ohm.csv,0,Normal,CC,0.8,1.5,300,CC_CC0.8_CD1.5_300ohm
0.04066991914460269,4.091255842818342,-4.930866,4.930866,-4.930555,1.5385375268839105,0.7952585535651108,0.0,2.556299,2.50236,60.579349572301425,31.18091990448638,0.0,100.0,100.0,3.8263386598778006,0.4063317232143819,2.749876,4.200149,2.749876,-9.298064384678075e-05,0.0008519046677311896,-0.010850999999999722,0.014571000000000112,-0.0008865381010594947,0.0025563033267123063,-0.11780800000000013,0.0012400000000000189,ISC_BD_1.7CC_1.7CD_1000ohm.csv,0,Normal,CC,1.7,1.7,1000,CC_CC1.7_CD1.7_1000ohm
0.0737819707695824,4.472968084694487,-5.22507,5.22507,-5.21949,1.559035590317424,0.8308676075322455,0.0,2.66169,2.56881,59.24886327928751,31.359195219143658,0.0,100.0,100.0,3.8224599858415163,0.37003336852995167,2.749876,4.200149,2.749876,-0.00011198103724011889,0.0009110690479859435,-0.012090999999999852,0.015191000000000177,-0.0010586132053918209,0.0042587560002419235,-0.039060000000000095,0.01859999999999995,ISC_BD_1.8CC_1.8CD_900ohm.csv,0,Normal,CC,1.8,1.8,900,CC_CC1.8_CD1.8_900ohm
0.00895510563380276,4.255776524540054,-4.35454,5.80543,-4.34524,1.5976238483844243,0.8425514424861708,0.0,2.68993,2.67626,59.5063414043082,31.348185586564313,0.0,100.0,100.0,3.806054452361226,0.37328072907865956,2.749876,4.200459,2.749876,-9.989245752175715e-05,0.0008502697843346239,-0.009300999999999782,0.01860100000000031,-0.0010819208454206383,0.004070194309724467,-0.026040000000000063,0.020460000000000034,ISC_BD_2.0CC_1.5CD_10ohm.csv,0,Normal,CC,2.0,1.5,10,CC_CC2.0_CD1.5_10ohm
0.04759936134852783,4.655740386617219,-5.51339,5.52083,-5.50595,1.5626414767331434,0.8209831467052314,0.0,2.62112,2.56156,60.04998874643874,31.40638078396756,0.0,100.0,100.0,3.8258313535137702,0.3836741956144123,2.749876,4.200149,2.749876,-0.00011288836104513076,0.0009547968532688374,-0.011781000000000041,0.015500999999999987,-0.0011682066508313538,0.004124221978514314,-0.02232000000000056,0.02232999999999996,ISC_BD_1.9CC_1.9CD_1000ohm.csv,0,Normal,CC,1.9,1.9,1000,CC_CC1.9_CD1.9_1000ohm
-0.017684537569060785,1.7540120740641494,-1.449777,2.318825,-1.449033,1.3390158633517495,0.7633244425330591,0.0,2.580987,2.580987,52.32618340699816,29.876281561686547,0.0,100.0,100.0,3.735091476335175,0.2937979791556817,2.749876,4.200149,2.749876,-5.276450543378154e-05,0.0004882203767796201,-0.004030999999999896,0.00682000000000027,-0.00016014367286793147,0.0014330374625774259,-0.11588599999999971,0.0005580000000000584,ISC_BD_0.8CC_0.5CD_200ohm.csv,0,Normal,CC,0.8,0.5,200,CC_CC0.8_CD0.5_200ohm
-0.004273988718662807,2.6719000377689985,-2.900236,2.900236,-2.899616,1.4183782728412255,0.789407217026632,0.0,2.575156,2.575156,55.100630640668534,30.669180972869746,0.0,100.0,100.0,3.770635519637883,0.3361615257665711,2.749876,4.200149,2.749876,-6.970911117302865e-05,0.0008483897626927799,-0.009920999999999847,0.012090999999999852,-0.00032323613820005575,0.002064442524302659,-0.12121799999999983,0.0006200000000000649,ISC_BD_1.0CC_1.0CD_30ohm.csv,0,Normal,CC,1.0,1.0,30,CC_CC1.0_CD1.0_30ohm
-0.0015978134974040494,3.6810340987077423,-4.05816,4.05816,-4.05723,1.4332031690059603,0.7884457456026148,0.0,2.542632,2.535905,56.42416987117861,31.02795630101829,0.0,100.0,100.0,3.7833648054220346,0.3413401141915011,2.748016,4.200149,2.748016,-0.00010483054433544915,0.0011723098865594368,-0.016121000000000052,0.015190999999999732,-0.000669056356991729,0.004689936357583568,-0.2501859999999998,0.0009299999999994313,ISC_BD_1.4CC_1.4CD_400ohm.csv,0,Normal,CC,1.4,1.4,400,CC_CC1.4_CD1.4_400ohm
-0.0006785492398299674,2.671787189222166,-2.899926,2.900236,-2.899926,1.4431442861251884,0.8024335097125407,0.0,2.619982,2.617713,55.10150819065881,30.634732456045054,0.0,100.0,100.0,3.7703077622243524,0.33412030173923574,2.748946,4.200149,2.748946,-6.392368817646245e-05,0.0007968686223765957,-0.00868100000000016,0.011160999999999976,-0.00031796259761611174,0.0020861993448863703,-0.13299899999999987,0.0006200000000000649,ISC_BD_1.0CC_1.0CD_500ohm.csv,0,Normal,CC,1.0,1.0,500,CC_CC1.0_CD1.0_500ohm
0.011664611703284596,4.492071945648371,-5.22693,5.22135,-5.22321,1.5961741809876007,0.8478735957163271,0.0,2.70258,2.68811,59.16682730041331,31.39772076220035,0.0,100.0,100.0,3.815907569719382,0.36638633660296577,2.749876,4.200149,2.749876,-8.966615886833513e-05,0.0008700231733320799,-0.010229999999999961,0.01581100000000024,-0.0010087943416757345,0.004279965525817726,-0.02790999999999988,0.024189999999999934,ISC_BD_1.8CC_1.8CD_10ohm.csv,0,Normal,CC,1.8,1.8,10,CC_CC1.8_CD1.8_10ohm
0.007947082292187973,3.293045492130479,-4.349268,2.899926,-4.348958,1.4284293358320843,0.79534209279758,0.0,2.587598,2.570697,55.31883696485091,30.7790502345182,0.0,100.0,100.0,3.78637992053973,0.32596225667006845,2.748636,4.200149,2.748636,-7.387568738543578e-05,0.0009846322165545688,-0.010541000000000356,0.012090000000000156,-0.0003865819030161639,0.003153395632065979,-0.1943830000000002,0.0009299999999999864,ISC_BD_1.0CC_1.5CD_700ohm.csv,0,Normal,CC,1.0,1.5,700,CC_CC1.0_CD1.5_700ohm
0.006342597402597407,3.566862619632656,-2.90923,5.80915,-2.89993,1.525311258336258,0.8279456260241356,0.0,2.67025,2.66107,57.217965672165676,31.03524335500568,0.0,100.0,100.0,3.779742479115479,0.353748416798061,2.749876,4.200149,2.749876,-0.000112610779494382,0.0006922319981495778,-0.0065109999999997115,0.015500999999999987,-0.0009153634129213482,0.004069535441422622,-0.02418000000000009,0.018600000000000172,ISC_BD_2.0CC_1.0CD_600ohm.csv,0,Normal,CC,2.0,1.0,600,CC_CC2.0_CD1.0_600ohm
0.01946178539435238,3.875182295128283,-4.349888,4.349888,-4.349578,1.4995580186952289,0.8153861933993982,0.0,2.618909,2.589217,57.495489074975666,31.202438272398464,0.0,100.0,100.0,3.7977186975657253,0.34253227148382254,2.749876,4.200149,2.749876,-0.00010243405415936097,0.0009979529612197577,-0.008370999999999906,0.013641000000000236,-0.0007343719072667057,0.004471352089468806,-0.2325140000000001,0.0012400000000000189,ISC_BD_1.5CC_1.5CD_400ohm.csv,0,Normal,CC,1.5,1.5,400,CC_CC1.5_CD1.5_400ohm
0.004879785413476235,3.869335377432962,-4.348958,4.349268,-4.348649,1.5261976556278714,0.8273300092976242,0.0,2.659721,2.641816,57.52284316615621,31.146691206539504,0.0,100.0,100.0,3.8002697224349156,0.3428929725667114,2.748326,4.200149,2.748326,-9.433569513596327e-05,0.0011940232333624424,-0.013640999999999792,0.018291999999999753,-0.0007219153581003447,0.005034024145588414,-0.2604160000000002,0.0009299999999994313,ISC_BD_1.5CC_1.5CD_30ohm.csv,0,Normal,CC,1.5,1.5,30,CC_CC1.5_CD1.5_30ohm
-0.000501714116251353,2.842662370839897,-5.80729,1.45647,-5.80171,1.416242944246738,0.8141273552960842,0.0,2.74307,2.73306,51.66507776986951,29.69715842963897,0.0,100.0,100.0,3.768849484341637,0.2905939720209275,2.749876,4.200459,2.749876,-3.281181775035595e-05,0.0005652656528412594,-0.013640999999999792,0.005579999999999696,-0.00010284883720930236,0.0023973045289076736,-0.03906999999999994,0.02603999999999984,ISC_BD_0.5CC_2.0CD_200ohm.csv,0,Normal,CC,0.5,2.0,200,CC_CC0.5_CD2.0_200ohm
-0.014485310534293128,1.9191392377839993,-1.449405,2.898252,-1.449033,1.401183342553998,0.7931884644448226,0.0,2.65025,2.65025,53.18465642288746,30.15765963523511,0.0,100.0,100.0,3.7395563856574454,0.3050185313447976,2.749876,4.200149,2.749876,-4.85562819783968e-05,0.0005379087180706931,-0.0040300000000002,0.010231000000000101,-0.00021965766534015537,0.0017656338898780369,-0.14192699999999991,0.0020459999999999923,ISC_BD_1.0CC_0.5CD_800ohm.csv,0,Normal,CC,1.0,0.5,800,CC_CC1.0_CD0.5_800ohm
0.007364984368307924,4.1402177062044165,-4.638827,4.638827,-4.638207,1.4552340421841543,0.7921369290840066,0.0,2.534306,2.520119,57.5388126124197,31.290551171091316,0.0,100.0,100.0,3.791806442398288,0.3566916156746489,2.749566,4.200149,2.749566,-0.0001206075407026565,0.001033858864604244,-0.006819999999999826,0.014880999999999922,-0.000869490145672665,0.0051750484654941925,-0.2585570000000006,0.0009300000000003195,ISC_BD_1.6CC_1.6CD_700ohm.csv,0,Normal,CC,1.6,1.6,700,CC_CC1.6_CD1.6_700ohm
0.00525628643587533,2.4722807655863375,-2.610987,2.610987,-2.610987,1.4605896321300973,0.8269163498568074,0.0,2.738861,2.723153,53.46116618208698,30.249591626477407,0.0,100.0,100.0,3.758994421461131,0.3021914488212273,2.749566,4.200149,2.749566,-5.1803696857670904e-05,0.0007587757395368813,-0.0071310000000002205,0.012710000000000221,-0.00025004066543438076,0.002566659620722599,-0.19717299999999982,0.0021700000000000053,ISC_BD_0.9CC_0.9CD_500ohm.csv,0,Normal,CC,0.9,0.9,500,CC_CC0.9_CD0.9_500ohm
0.004197628164291648,3.401711847963694,-3.769221,3.769221,-3.769221,1.5188547874266556,0.8339109196444789,0.0,2.689117,2.671794,56.61950088851634,31.054785721965693,0.0,100.0,100.0,3.7888208073763625,0.33729776321798255,2.749256,4.200149,2.749256,-7.933758175415067e-05,0.0009907516016830437,-0.008059999999999956,0.017980999999999803,-0.0005348271004527923,0.004426170467439098,-0.269717,0.0009299999999999864,ISC_BD_1.3CC_1.3CD_100ohm.csv,0,Normal,CC,1.3,1.3,100,CC_CC1.3_CD1.3_100ohm
-0.005093835901473558,2.2111457664221534,-2.31901,2.318825,-2.318639,1.4219738759419638,0.807780239393125,0.0,2.689649,2.689649,52.97954059160949,30.105894396241087,0.0,100.0,100.0,3.75876159869531,0.29742012457030786,2.749876,4.200149,2.749876,-5.081550230622118e-05,0.0006631542132198504,-0.007750999999999841,0.007750000000000146,-0.00019563797952525596,0.0015659215416624348,-0.12090800000000002,0.00037200000000003897,ISC_BD_0.8CC_0.8CD_30ohm.csv,0,Normal,CC,0.8,0.8,30,CC_CC0.8_CD0.8_30ohm
0.020504074310318022,3.2278783492815117,-4.349268,2.900546,-4.348958,1.476885727635146,0.8115321317470013,0.0,2.628144,2.590044,56.44294804656355,30.957778262785897,0.0,100.0,100.0,3.812829416201563,0.33211575491910983,2.749566,4.200149,2.749566,-7.605838251714786e-05,0.0009327494852352846,-0.010540000000000216,0.013330999999999982,-0.0003700556707608869,0.003372583423088051,-0.22414500000000004,0.0009299999999998754,ISC_BD_1.0CC_1.5CD_600ohm.csv,0,Normal,CC,1.0,1.5,600,CC_CC1.0_CD1.5_600ohm
-0.02372327484865142,2.2790374073168493,-1.451203,4.348028,-1.450893,1.3509004395156852,0.7560726986085946,0.0,2.518282,2.518282,54.02307534397359,30.326590895807954,0.0,100.0,100.0,3.7199681205283435,0.3272276170558159,2.749876,4.200149,2.749876,-8.379368050203678e-05,0.000628160036121101,-0.003410000000000135,0.017981999999999942,-0.0004149753385445338,0.002977678828432879,-0.17919100000000032,0.0018599999999999728,ISC_BD_1.5CC_0.5CD_600ohm.csv,0,Normal,CC,1.5,0.5,600,CC_CC1.5_CD0.5_600ohm
-0.01157538431477049,1.6771218146783478,-1.739397,1.739397,-1.739025,1.3541364126476596,0.7724525005997694,0.0,2.612243,2.612243,52.20658879118927,29.805033660140875,0.0,100.0,100.0,3.738146413979927,0.30110859194431433,2.749566,4.200149,2.749566,-3.9272275028870927e-05,0.0005056794449074236,-0.006510000000000016,0.0071310000000002205,-0.00010301128186905927,0.0006877576198572466,-0.041852,0.00037200000000003897,ISC_BD_0.6CC_0.6CD_1000ohm.csv,0,Normal,CC,0.6,0.6,1000,CC_CC0.6_CD0.6_1000ohm
-0.0011254224190221601,3.00124530792056,-4.05971,4.0594,-4.05909,1.9011374546888269,0.8758348889690882,0.0,2.760632,2.752275,68.91086179788913,31.722620470119878,0.0,100.0,100.0,3.92034569258765,0.34309225598410936,2.749876,4.200149,2.749876,-5.951352991141854e-05,0.000883285363619916,-0.011160999999999976,0.015810999999999797,-0.0004854381749787647,0.004049504179477327,-0.28459800000000035,0.002479999999999996,ISC_BD_1.4CC_1.4CD_10ohm.csv,0,Normal,CC,1.4,1.4,10,CC_CC1.4_CD1.4_10ohm
0.032835007363770326,4.3668430779159,-5.80357,4.35454,-5.79985,1.5896158110666947,0.8497819076322327,0.0,2.71401,2.6563,58.9316505996213,31.394681864645417,0.0,100.0,100.0,3.8242544329896906,0.3658441938089493,2.749876,4.200149,2.749876,-8.861439696905903e-05,0.000851150869621832,-0.012400999999999662,0.013641000000000236,-0.0007963544516943801,0.0038711075270686374,-0.031620000000000203,0.022320000000000118,ISC_BD_1.5CC_2.0CD_100ohm.csv,0,Normal,CC,1.5,2.0,100,CC_CC1.5_CD2.0_100ohm
0.004024258951642973,3.6416918765470627,-4.05816,4.05816,-4.05723,1.4829742942045034,0.8093750467969273,0.0,2.611166,2.597786,56.902700959763756,31.030800853539134,0.0,100.0,100.0,3.7891984062384645,0.3462114840107998,2.749256,4.200149,2.749256,-8.975461595273267e-05,0.0011331497194874995,-0.013330999999999982,0.016741000000000117,-0.0006421351550960116,0.004019193037326326,-0.2083339999999998,0.0009299999999994313,ISC_BD_1.4CC_1.4CD_800ohm.csv,0,Normal,CC,1.4,1.4,800,CC_CC1.4_CD1.4_800ohm
-0.015945094187779518,1.4201395485580839,-1.449405,1.449405,-1.449405,1.3486510617734726,0.7747671324652017,0.0,2.66286,2.66286,51.22243211624441,29.44605661416538,0.0,100.0,100.0,3.7423322693740686,0.2746176172510623,2.749876,4.200149,2.749876,-3.685206439111644e-05,0.00042347398021756044,-0.004959999999999631,0.005269999999999886,-6.493367118795649e-05,0.0009254361866556299,-0.09542399999999995,0.0016739999999999533,ISC_BD_0.5CC_0.5CD_600ohm.csv,0,Normal,CC,0.5,0.5,600,CC_CC0.5_CD0.5_600ohm
-0.024630012601452325,2.2657532811482377,-1.450893,4.348649,-1.450273,1.3904502351559165,0.7755088021233674,0.0,2.578186,2.578186,54.31717959205468,30.39001628366059,0.0,100.0,100.0,3.7264672203118323,0.3242841145466461,2.749876,4.200149,2.749876,-7.467368083742797e-05,0.000612104654023625,-0.0040300000000002,0.016740999999999673,-0.0004026747489852596,0.0029077941522427076,-0.17547099999999993,0.0018599999999999728,ISC_BD_1.5CC_0.5CD_400ohm.csv,0,Normal,CC,1.5,0.5,400,CC_CC1.5_CD0.5_400ohm
0.000751028976936728,3.029790664543907,-2.90179,5.80171,-2.89435,1.9341718687167357,0.9147548941047703,0.0,2.86876,2.86365,67.45860685984624,31.885850146270197,0.0,100.0,100.0,3.8928530509757535,0.3508726952420745,2.749876,4.200149,2.749876,-6.531941322607357e-05,0.0006239144683316956,-0.006820999999999522,0.014570999999999668,-0.0006799680586773927,0.003203991223455582,-0.024179999999999424,0.020460000000000034,ISC_BD_2.0CC_1.0CD_50ohm.csv,0,Normal,CC,2.0,1.0,50,CC_CC2.0_CD1.0_50ohm
0.007313731180777276,3.6575330720477917,-4.05816,4.05816,-4.057539,1.461137220386709,0.8006994724462727,0.0,2.58206,2.566263,56.71897379388024,31.051690372721044,0.0,100.0,100.0,3.7860817257368122,0.34472838226888325,2.748636,4.200149,2.748636,-9.256920187793428e-05,0.001173232627977836,-0.01581100000000024,0.017050999999999927,-0.0006530501408450705,0.004297588787678909,-0.22445499999999985,0.0009299999999994313,ISC_BD_1.4CC_1.4CD_200ohm.csv,0,Normal,CC,1.4,1.4,200,CC_CC1.4_CD1.4_200ohm
-0.012770884041759857,1.9299515157485028,-1.450273,2.899926,-1.449963,1.4289176250932139,0.8099311545276193,0.0,2.711824,2.711824,52.95985485645041,30.059593582193294,0.0,100.0,100.0,3.7396138029455623,0.30204807039334136,2.749566,4.200149,2.749566,-4.850018646280072e-05,0.000606872837338484,-0.004961000000000215,0.012090999999999852,-0.00021622776431101993,0.0021034469621259155,-0.1729919999999998,0.0009299999999998754,ISC_BD_1.0CC_0.5CD_1000ohm.csv,0,Normal,CC,1.0,0.5,1000,CC_CC1.0_CD0.5_1000ohm
0.029189143891402702,3.7705054499406705,-5.81101,2.90551,-5.80171,1.5073049791855204,0.8382672324416363,0.0,2.71467,2.66557,55.78447777375566,30.967176675880538,0.0,100.0,100.0,3.8038085529411765,0.3364640455732291,2.749876,4.200149,2.749876,-6.612402679703062e-05,0.0007211204010075302,-0.011470000000000091,0.009300000000000086,-0.0004179630635524172,0.003026193592795502,-0.020460000000000367,0.020460000000000145,ISC_BD_1.0CC_2.0CD_300ohm.csv,0,Normal,CC,1.0,2.0,300,CC_CC1.0_CD2.0_300ohm
0.010984506600129028,3.2722308698343543,-4.347098,2.898685,-4.346788,1.4729757092723759,0.817082436399146,0.0,2.656513,2.634485,55.593413828074695,30.809238691695406,0.0,100.0,100.0,3.789762366870573,0.33190693075038163,2.749566,4.200149,2.749566,-6.375120772946858e-05,0.0009415871126163,-0.00868100000000016,0.014261000000000301,-0.00037322206119162646,0.0031069679115828547,-0.19965299999999964,0.0006209999999997606,ISC_BD_1.0CC_1.5CD_100ohm.csv,0,Normal,CC,1.0,1.5,100,CC_CC1.0_CD1.5_100ohm
0.010129456039755387,3.8650412398156857,-4.349268,4.349268,-4.348958,1.5271357612767587,0.8284027982131005,0.0,2.664905,2.638247,57.514518941131485,31.145927739838907,0.0,100.0,100.0,3.800851415711009,0.3435542582237616,2.748636,4.200149,2.748636,-9.069407265774398e-05,0.0012178150253373647,-0.014880999999999922,0.019220999999999933,-0.0007208107074569789,0.005127551967713209,-0.27467799999999976,0.0009299999999994313,ISC_BD_1.5CC_1.5CD_50ohm.csv,0,Normal,CC,1.5,1.5,50,CC_CC1.5_CD1.5_50ohm
-0.00717440057361382,2.669725791117532,-2.900236,2.900236,-2.899926,1.4467082472002184,0.8034636762693013,0.0,2.629904,2.629904,55.12692164709095,30.63006712855266,0.0,100.0,100.0,3.771971264135482,0.3333625678730021,2.749566,4.200149,2.749566,-6.437554644808751e-05,0.0008179226403748299,-0.008990999999999971,0.011780999999999597,-0.00031696571038251366,0.0021049972645088948,-0.13268900000000006,0.0006200000000000649,ISC_BD_1.0CC_1.0CD_300ohm.csv,0,Normal,CC,1.0,1.0,300,CC_CC1.0_CD1.0_300ohm
0.005684770342737261,4.676480279716624,-5.51525,5.51525,-5.50967,1.5554198717649803,0.8166589006552596,0.0,2.59723,2.58901,59.948759314525525,31.456439724021173,0.0,100.0,100.0,3.81738265702961,0.38262832595912477,2.749876,4.200149,2.749876,-9.835012829484487e-05,0.0009043970010331012,-0.009611000000000036,0.014880999999999922,-0.0011493935152787494,0.004283230172975111,-0.020469999999999988,0.020469999999999988,ISC_BD_1.9CC_1.9CD_10ohm.csv,0,Normal,CC,1.9,1.9,10,CC_CC1.9_CD1.9_10ohm
0.014244669284994897,4.066077396664136,-4.638517,4.638827,-4.637897,1.5300764884189326,0.8223381717808658,0.0,2.632378,2.601181,58.36657713997986,31.301699318212897,0.0,100.0,100.0,3.806238022356496,0.3527695061184172,2.749256,4.200149,2.749256,-9.882147894418711e-05,0.0011087187568121018,-0.011471000000000231,0.016121000000000052,-0.0008178077775538989,0.005202947189623353,-0.2836680000000005,0.0015499999999999403,ISC_BD_1.6CC_1.6CD_900ohm.csv,0,Normal,CC,1.6,1.6,900,CC_CC1.6_CD1.6_900ohm
-0.008601708952958977,1.951086576754521,-2.02939,2.02939,-2.02939,1.3859571138088012,0.7904033084962234,0.0,2.654684,2.654684,52.457124592817394,29.934685989221034,0.0,100.0,100.0,3.7490253724835605,0.29341740823360063,2.749566,4.200149,2.749566,-4.63947182029748e-05,0.0005518834833503249,-0.005891000000000091,0.005889999999999951,-0.00014695750278255587,0.001088765466600575,-0.08277500000000004,0.0014880000000000448,ISC_BD_0.7CC_0.7CD_800ohm.csv,0,Normal,CC,0.7,0.7,800,CC_CC0.7_CD0.7_800ohm
0.05470960330578522,4.192689911395633,-4.35454,5.80357,-4.3471,1.609825285123967,0.8433933698913997,0.0,2.70945,2.63199,60.03313464876033,31.246812334702344,0.0,100.0,100.0,3.8218958710743802,0.3753440443486354,2.749876,4.200149,2.749876,-0.00010272054568003315,0.000911772920311489,-0.00868100000000016,0.018291000000000057,-0.0010784683753617197,0.004454393671337852,-0.044640000000000235,0.022319999999999895,ISC_BD_2.0CC_1.5CD_200ohm.csv,0,Normal,CC,2.0,1.5,200,CC_CC2.0_CD1.5_200ohm
0.016255355210962774,3.579025431513479,-2.91295,5.80357,-2.89435,1.4879097601875224,0.811092310671926,0.0,2.62107,2.59237,57.072301009736755,31.037468516878928,0.0,100.0,100.0,3.776995480165885,0.35413620542212193,2.749876,4.200149,2.749876,-0.00011027398989898993,0.0007619265220756508,-0.006509999999999572,0.016121000000000052,-0.0009404599567099567,0.004157411435102242,-0.026040000000000063,0.016739999999999977,ISC_BD_2.0CC_1.0CD_900ohm.csv,0,Normal,CC,2.0,1.0,900,CC_CC2.0_CD1.0_900ohm
-0.004129409701928641,2.504155149556929,-4.349888,2.320189,-4.349578,1.8583541092928115,0.8982157398665227,0.0,2.80288,2.80288,66.43429024936684,32.12321418075664,0.0,100.0,100.0,3.9220282723553472,0.32028937165347177,2.749566,4.200149,2.749566,-3.866182774746681e-05,0.0007345676616470238,-0.011160999999999976,0.011160999999999976,-0.00022031215900233825,0.002281694529282223,-0.20089299999999977,0.0031000000000000055,ISC_BD_0.8CC_1.5CD_10ohm.csv,0,Normal,CC,0.8,1.5,10,CC_CC0.8_CD1.5_10ohm
-0.004033310398546121,2.464188701232905,-2.898624,2.319197,-2.898252,1.366160134363235,0.7743081050134641,0.0,2.558535,2.558535,53.48981120342724,30.324417623935357,0.0,100.0,100.0,3.7679793157211474,0.3059969290616725,2.749566,4.200149,2.749566,-6.573977405531743e-05,0.0006336476896598979,-0.007130000000000081,0.006201000000000345,-0.00022574574730554472,0.0018293354222328755,-0.13522999999999996,0.0020459999999999923,ISC_BD_0.8CC_1.0CD_400ohm.csv,0,Normal,CC,0.8,1.0,400,CC_CC0.8_CD1.0_400ohm
0.035673177466043995,4.486826994459032,-5.22507,5.22507,-5.21763,1.5963712981518592,0.8489611793541879,0.0,2.71429,2.66073,59.20073406813626,31.364585101872887,0.0,100.0,100.0,3.8188548663994655,0.36772542463706914,2.749876,4.200149,2.749876,-0.00010248808197816892,0.0009128752056985692,-0.010229999999999961,0.014881000000000366,-0.0010313722432613054,0.004357440886062853,-0.029760000000000453,0.01859999999999995,ISC_BD_1.8CC_1.8CD_800ohm.csv,0,Normal,CC,1.8,1.8,800,CC_CC1.8_CD1.8_800ohm
-0.012654236872053295,3.201334794337933,-3.479353,3.479973,-3.479043,1.4595806937083402,0.8101110400905897,0.0,2.6441,2.6441,55.444135246301414,30.803451838295842,0.0,100.0,100.0,3.7772669487888146,0.32566520397960513,2.749256,4.200149,2.749256,-8.097105220361028e-05,0.0009415732675129194,-0.008061000000000096,0.017050999999999927,-0.00047191185558627423,0.003905937032583553,-0.24367599999999978,0.0006200000000000649,ISC_BD_1.2CC_1.2CD_400ohm.csv,0,Normal,CC,1.2,1.2,400,CC_CC1.2_CD1.2_400ohm
-0.020884119490332757,1.4200873217044367,-1.449591,1.449591,-1.449405,1.3571979490332615,0.7791983721674856,0.0,2.689031,2.689031,51.23347690940069,29.43791042050145,0.0,100.0,100.0,3.7432731417882805,0.2761177930459565,2.749566,4.200149,2.749566,-3.865770171149147e-05,0.0004764763484414102,-0.006199999999999761,0.00527000000000033,-6.452604282433133e-05,0.0006179918721094386,-0.050966999999999985,0.00037200000000003897,ISC_BD_0.5CC_0.5CD_30ohm.csv,0,Normal,CC,0.5,0.5,30,CC_CC0.5_CD0.5_30ohm
0.00445161064259435,2.8377860066094884,-5.80915,1.45833,-5.80171,1.413726393871006,0.8121452360717113,0.0,2.73688,2.71584,51.728617781209174,29.710894854549185,0.0,100.0,100.0,3.7684332596507897,0.2920470558613415,2.749876,4.201079,2.749876,-3.208126410835219e-05,0.0005685498386361746,-0.014261000000000301,0.005580999999999836,-0.00010475109896637755,0.0028650460787248092,-0.04836000000000018,0.02976000000000001,ISC_BD_0.5CC_2.0CD_1000ohm.csv,0,Normal,CC,0.5,2.0,1000,CC_CC0.5_CD2.0_1000ohm
-0.011375206087340144,1.6791065637050644,-1.739211,1.739397,-1.738839,1.3631316243493603,0.778396136039874,0.0,2.633924,2.633924,52.142089104543444,29.80017709541365,0.0,100.0,100.0,3.740546871901191,0.29598319177282006,2.749876,4.200149,2.749876,-3.933715697520515e-05,0.00045586236481149164,-0.0040300000000002,0.005891000000000091,-0.00010232048001411808,0.0006053893689481707,-0.037573999999999996,0.0007440000000000779,ISC_BD_0.6CC_0.6CD_800ohm.csv,0,Normal,CC,0.6,0.6,800,CC_CC0.6_CD0.6_800ohm
0.014043944312796451,2.8314576779050866,-5.80729,1.45833,-5.80171,1.4162081789099525,0.8140440497988735,0.0,2.74682,2.71353,51.673850853080566,29.69319785034805,0.0,100.0,100.0,3.7676236593601895,0.29205225316183897,2.749876,4.200149,2.749876,-3.0237734060203876e-05,0.0005679396375668704,-0.013641000000000236,0.005580999999999836,-0.00010250651813225879,0.0026472275027139267,-0.026040000000000063,0.02418000000000009,ISC_BD_0.5CC_2.0CD_900ohm.csv,0,Normal,CC,0.5,2.0,900,CC_CC0.5_CD2.0_900ohm
0.06541661816578516,4.455458839778242,-5.22507,5.22507,-5.22135,1.6058439373897706,0.8524996463827731,0.0,2.73299,2.64377,59.38712956349207,31.324297244828024,0.0,100.0,100.0,3.8252602023809525,0.36917023812955435,2.749876,4.200149,2.749876,-0.00010147088663431865,0.0009188145956176857,-0.01085100000000061,0.016121000000000052,-0.0010289303043670049,0.004229835847593994,-0.06137999999999977,0.020459999999999923,ISC_BD_1.8CC_1.8CD_400ohm.csv,0,Normal,CC,1.8,1.8,400,CC_CC1.8_CD1.8_400ohm
0.01715396087124123,3.8637715573891436,-4.349888,4.349888,-4.349268,1.510790850616808,0.8199558536214884,0.0,2.636345,2.606099,57.545094699306084,31.1703169717324,0.0,100.0,100.0,3.8012923585196607,0.34304390812172486,2.749876,4.200459,2.749876,-0.00010019147705360577,0.0010075792417576941,-0.00837000000000021,0.012710999999999917,-0.0007268667566525261,0.0046151874351229956,-0.2557660000000004,0.0009300000000003195,ISC_BD_1.5CC_1.5CD_900ohm.csv,0,Normal,CC,1.5,1.5,900,CC_CC1.5_CD1.5_900ohm
0.009855635342340963,3.7924484546191457,-5.2288,5.22507,-5.21949,1.9526254531653255,0.8908380388686339,0.0,2.81581,2.79895,69.43076807347806,31.629127293535028,0.0,100.0,100.0,3.927596339911948,0.352768738531392,2.749876,4.200459,2.749876,-6.412255125284739e-05,0.0007495249443334783,-0.011160999999999976,0.013949999999999907,-0.0007824646924829158,0.0033677422637953766,-0.022319999999999673,0.02418000000000009,ISC_BD_1.8CC_1.8CD_50ohm.csv,0,Normal,CC,1.8,1.8,50,CC_CC1.8_CD1.8_50ohm
0.022871586073500906,3.509995819957427,-2.91109,5.80543,-2.90551,1.6116273017408125,0.8649444831547329,0.0,2.79959,2.75943,57.95424416505479,31.001627005334072,0.0,100.0,100.0,3.7909770947775625,0.35343799458864517,2.749876,4.200149,2.749876,-9.102644308287649e-05,0.0006766315366277104,-0.005270999999999582,0.013330999999999982,-0.0008418816510802968,0.0037863559051331836,-0.026040000000000063,0.02418000000000009,ISC_BD_2.0CC_1.0CD_10ohm.csv,0,Normal,CC,2.0,1.0,10,CC_CC2.0_CD1.0_10ohm
0.0006712730838863055,2.944423368173134,-3.190414,3.190414,-3.189794,1.4436393402232952,0.8042730975960393,0.0,2.621385,2.612821,55.14433714544357,30.708381837434658,0.0,100.0,100.0,3.7767032582981295,0.32134250652040086,2.749256,4.200149,2.749256,-7.392589797766367e-05,0.0008657579204649125,-0.008680999999999273,0.013641000000000236,-0.0003939581949894356,0.003658213394178811,-0.24956600000000018,0.0024810000000000665,ISC_BD_1.1CC_1.1CD_900ohm.csv,0,Normal,CC,1.1,1.1,900,CC_CC1.1_CD1.1_900ohm
-0.008079173637643147,1.9563572351660732,-2.029576,2.029576,-2.028832,1.3971644909511363,0.7970112267318814,0.0,2.682348,2.682348,52.30128959380656,29.8504198800161,0.0,100.0,100.0,3.7522076653931227,0.28837916634349525,2.749566,4.200149,2.749566,-4.6764782783588086e-05,0.0005916344248358035,-0.005271000000000026,0.0071310000000002205,-0.00014579414722445697,0.0012643180931766545,-0.09765599999999997,0.0007440000000000779,ISC_BD_0.7CC_0.7CD_30ohm.csv,0,Normal,CC,0.7,0.7,30,CC_CC0.7_CD0.7_30ohm
0.015156822567321778,3.3814589524481207,-3.769221,3.769221,-3.769221,1.537776289773666,0.8402599231753332,0.0,2.715994,2.68325,56.87461465389063,31.016052141578875,0.0,100.0,100.0,3.7950420426234923,0.3401238998023205,2.749256,4.200149,2.749256,-7.644174516608833e-05,0.0009782958473765818,-0.007130000000000081,0.01705100000000037,-0.0005270490827962319,0.0044459613558736275,-0.28087799999999996,0.0006200000000000649,ISC_BD_1.3CC_1.3CD_500ohm.csv,0,Normal,CC,1.3,1.3,500,CC_CC1.3_CD1.3_500ohm
-0.011701608214389734,3.0082728495412563,-4.349578,2.319879,-4.349268,1.4295821505971453,0.8037434974296584,0.0,2.659031,2.659031,54.10024899504807,30.436686267559136,0.0,100.0,100.0,3.7852879193125544,0.3104502130412107,2.749256,4.200149,2.749256,-6.007080419580429e-05,0.0008548911969978973,-0.009920000000000151,0.009611000000000036,-0.0002538784965034966,0.002590574850388771,-0.18725199999999997,0.0006209999999997606,ISC_BD_0.8CC_1.5CD_20ohm.csv,0,Normal,CC,0.8,1.5,20,CC_CC0.8_CD1.5_20ohm
-0.00525253002429705,2.2085840930259684,-2.319197,2.319383,-2.31901,1.381726315284045,0.7844606735589421,0.0,2.607662,2.607662,53.10595990975356,30.161168840101748,0.0,100.0,100.0,3.7522424289020018,0.2999490359310711,2.749876,4.200149,2.749876,-5.2453188288392535e-05,0.0006018286823371357,-0.006820999999999966,0.008370999999999906,-0.00020138201597037382,0.002567339110910821,-0.22209900000000005,0.0011159999999998949,ISC_BD_0.8CC_0.8CD_800ohm.csv,0,Normal,CC,0.8,0.8,800,CC_CC0.8_CD0.8_800ohm
0.06370891853263495,4.8766190462107115,-5.79799,5.80357,-5.79427,1.6322039280609812,0.854671980005829,0.0,2.72522,2.66071,60.33776936636494,31.44370395425283,0.0,100.0,100.0,3.8330826526917576,0.37939506528598427,2.749876,4.200459,2.749876,-0.0001190281220209724,0.0009521359425431991,-0.010850999999999722,0.015500999999999987,-0.0012439204003813153,0.004033744458026568,-0.022319999999999673,0.020469999999999988,ISC_BD_2.0CC_2.0CD_500ohm.csv,0,Normal,CC,2.0,2.0,500,CC_CC2.0_CD2.0_500ohm
0.04424835066864789,4.252110074463822,-4.36198,5.80543,-4.35268,1.5865541456166419,0.8383824451378977,0.0,2.68639,2.62311,59.579387900658034,31.318723063843898,0.0,100.0,100.0,3.8107721861600505,0.37570898752082965,2.749876,4.200769,2.749876,-0.00010678509237630073,0.0009192573780649936,-0.00930000000000053,0.017672000000000132,-0.0011060373752389044,0.004961993876683928,-0.046499999999999986,0.03161999999999998,ISC_BD_2.0CC_1.5CD_1000ohm.csv,0,Normal,CC,2.0,1.5,1000,CC_CC2.0_CD1.5_1000ohm
-0.017759403658411176,2.250383455448269,-1.451203,4.348028,-1.449963,1.439433789230295,0.8004700301951674,0.0,2.651553,2.651553,54.57693991367794,30.423399841508633,0.0,100.0,100.0,3.736797091254753,0.3253181142182105,2.749876,4.200149,2.749876,-6.468701819303124e-05,0.0006434406258686513,-0.00434100000000015,0.016740999999999673,-0.0003876123959296947,0.002832315844445454,-0.1801219999999999,0.0018599999999999728,ISC_BD_1.5CC_0.5CD_900ohm.csv,0,Normal,CC,1.5,0.5,900,CC_CC1.5_CD0.5_900ohm
0.00326117491403824,2.8730425508558275,-3.190414,3.190104,-3.189484,1.4355930753475854,0.7873481807965242,0.0,2.55132,2.541012,56.355237240245174,30.8891114828437,0.0,100.0,100.0,3.779237560920915,0.3554122744468322,2.749566,4.200149,2.749566,-6.833677284282941e-05,0.0007963426569129035,-0.007130000000000081,0.013641000000000236,-0.00039050351428144165,0.0022181689955327105,-0.13051800000000036,0.00279000000000007,ISC_BD_1.1CC_1.1CD_1000ohm.csv,0,Normal,CC,1.1,1.1,1000,CC_CC1.1_CD1.1_1000ohm
0.008189047240682274,3.005666749177893,-4.349578,2.319879,-4.349268,1.4429601177405373,0.8128447462091037,0.0,2.67711,2.662623,53.98610689107194,30.398405024209456,0.0,100.0,100.0,3.780063076567466,0.31057637230464685,2.749876,4.200149,2.749876,-5.3939884393063686e-05,0.0008010237898244752,-0.00837100000000035,0.011469999999999647,-0.00025151040462427753,0.0027369994294923145,-0.2039930000000001,0.0006209999999997606,ISC_BD_0.8CC_1.5CD_30ohm.csv,0,Normal,CC,0.8,1.5,30,CC_CC0.8_CD1.5_30ohm
0.0774619690576653,4.856356709317824,-5.80543,5.80357,-5.79799,1.6536201429910924,0.8636873864781222,0.0,2.75937,2.66576,60.55898277074542,31.407808361510217,0.0,100.0,100.0,3.8361706209563993,0.37868041180975237,2.749876,4.200459,2.749876,-0.00011015009380863047,0.0009818956052339406,-0.012401000000000106,0.016740999999999673,-0.0012223381801125704,0.004968960695527654,-0.05394000000000032,0.04465000000000008,ISC_BD_2.0CC_2.0CD_300ohm.csv,0,Normal,CC,2.0,2.0,300,CC_CC2.0_CD2.0_300ohm
0.01976296605991691,3.9173980861110804,-4.640687,4.640997,-4.639757,1.5735406880925293,0.8227884556174233,0.0,2.640185,2.61126,59.81016839211226,31.20869402342644,0.0,100.0,100.0,3.819555452976868,0.38899869487543776,2.749876,4.200149,2.749876,-8.385584218512898e-05,0.0007932149504306992,-0.007130999999999776,0.013330999999999982,-0.0007703452200303488,0.002258405705034796,-0.09734599999999993,0.0012400000000000189,ISC_BD_1.6CC_1.6CD_10ohm.csv,0,Normal,CC,1.6,1.6,10,CC_CC1.6_CD1.6_10ohm
-0.000740305466727437,3.059077367768163,-2.898996,4.348958,-2.898996,1.5084447240749201,0.8060608695776567,0.0,2.605688,2.595258,57.98877857469165,30.962071056014892,0.0,100.0,100.0,3.7861569188366073,0.3710256580991825,2.749256,4.200149,2.749256,-8.637105864432594e-05,0.0009134160787851263,-0.009920999999999847,0.01581100000000024,-0.0005742335110434121,0.0030468423221009025,-0.1537689999999996,0.0006209999999997606,ISC_BD_1.5CC_1.0CD_50ohm.csv,0,Normal,CC,1.5,1.0,50,CC_CC1.5_CD1.0_50ohm
-0.0012863131341603656,2.1479143792929882,-2.898066,2.318825,-2.897694,1.7328596162157086,0.8872743106135543,0.0,2.753578,2.753578,62.95414097143931,32.23745997990507,0.0,100.0,100.0,3.8788138122886133,0.3221349485328427,2.749566,4.200149,2.749566,-4.1541721480924674e-05,0.0005408565257156515,-0.0071310000000002205,0.0077510000000002854,-0.00021242275887990977,0.001485968027946065,-0.1268609999999999,0.003161999999999998,ISC_BD_0.8CC_1.0CD_20ohm.csv,0,Normal,CC,0.8,1.0,20,CC_CC0.8_CD1.0_20ohm
0.007580052213216774,3.1919031561523568,-2.898996,4.348958,-2.898685,1.509062199189526,0.8309226405202402,0.0,2.694829,2.674092,56.19777858478803,30.900766987755002,0.0,100.0,100.0,3.778335350374065,0.3296989850681202,2.749256,4.200149,2.749256,-8.308762082943567e-05,0.0008452791720171803,-0.008989999999999831,0.013950999999999603,-0.0005875101340816963,0.004567496882760029,-0.30350900000000003,0.0009299999999994313,ISC_BD_1.5CC_1.0CD_900ohm.csv,0,Normal,CC,1.5,1.0,900,CC_CC1.5_CD1.0_900ohm
0.020467633943741504,3.8497487347947925,-4.348958,4.349268,-4.348649,1.5431947394751746,0.8347584482068349,0.0,2.689553,2.650264,57.6800322635454,31.121494109359414,0.0,100.0,100.0,3.805768861619785,0.34350534568747343,2.748636,4.200149,2.748636,-8.928800755429655e-05,0.0012061301271429025,-0.013330999999999982,0.019531000000000187,-0.0007117284230406044,0.004831953660485854,-0.24770599999999998,0.0009299999999994313,ISC_BD_1.5CC_1.5CD_1000ohm.csv,0,Normal,CC,1.5,1.5,1000,CC_CC1.5_CD1.5_1000ohm
-0.01015253766539254,1.2799363085024895,-1.449591,1.449591,-1.449405,1.6358293144957365,0.8839036312905407,0.0,2.815852,2.815852,58.709927462511025,31.817347975529433,0.0,100.0,100.0,3.838105656806821,0.30728237558534727,2.749876,4.200149,2.749876,-2.9683761689113644e-05,0.0003833040667185929,-0.0037209999999996413,0.006200000000000205,-8.183079456566489e-05,0.0005935163622727064,-0.04892099999999999,0.002603999999999995,ISC_BD_0.5CC_0.5CD_10ohm.csv,0,Normal,CC,0.5,0.5,10,CC_CC0.5_CD0.5_10ohm
-0.011492339025037513,1.6774959021925655,-1.739397,1.739397,-1.738839,1.3593996520392817,0.7756829309368756,0.0,2.62265,2.62265,52.195088879058666,29.80678459477706,0.0,100.0,100.0,3.7393225677253823,0.3003854112473097,2.749566,4.200149,2.749566,-3.8515883550128284e-05,0.0005097947185677076,-0.005580999999999836,0.006819999999999826,-0.00010256083532430759,0.0006384086625979367,-0.037946000000000035,0.0005580000000000584,ISC_BD_0.6CC_0.6CD_30ohm.csv,0,Normal,CC,0.6,0.6,30,CC_CC0.6_CD0.6_30ohm
-0.017753122902124,1.419094878355666,-1.449591,1.449591,-1.449405,1.3539431037427594,0.7770656147985723,0.0,2.673329,2.673329,51.28164032377841,29.454005644459592,0.0,100.0,100.0,3.744073906876578,0.2766537038449071,2.749876,4.200149,2.749876,-3.8130793226381446e-05,0.000424134743006593,-0.00558000000000014,0.005889999999999951,-6.461512180629827e-05,0.0005821175882462158,-0.04427099999999995,0.0005580000000000584,ISC_BD_0.5CC_0.5CD_20ohm.csv,0,Normal,CC,0.5,0.5,20,CC_CC0.5_CD0.5_20ohm
0.01020961589403988,3.289151283563114,-4.349268,2.900236,-4.348958,1.4346326387417219,0.7994332688681528,0.0,2.599373,2.57917,55.32892216887417,30.804717460017425,0.0,100.0,100.0,3.787488877483444,0.3250212198738763,2.749256,4.200149,2.749256,-7.290957270619408e-05,0.001002258311586896,-0.01116000000000028,0.014260000000000161,-0.00038426449155349457,0.003200776229996368,-0.2008930000000002,0.0009299999999998754,ISC_BD_1.0CC_1.5CD_200ohm.csv,0,Normal,CC,1.0,1.5,200,CC_CC1.0_CD1.5_200ohm
0.01368055808729113,3.2712062593474243,-4.347098,2.898996,-4.347098,1.4734253300706033,0.8186305959451622,0.0,2.660462,2.634657,55.55234457637997,30.830544615813256,0.0,100.0,100.0,3.791475997913993,0.33211719805684714,2.749566,4.200149,2.749566,-6.469117174959874e-05,0.0008075535971684135,-0.006820999999999966,0.012711000000000361,-0.00037237207062600325,0.0024026881311369065,-0.15749099999999983,0.002789999999999959,ISC_BD_1.0CC_1.5CD_500ohm.csv,0,Normal,CC,1.0,1.5,500,CC_CC1.0_CD1.5_500ohm
-0.0028291621856029276,2.4691745039644726,-2.610987,2.610987,-2.610677,1.4513933232561018,0.8204621718787269,0.0,2.712108,2.712108,53.54345973237517,30.270533825512715,0.0,100.0,100.0,3.760890738941891,0.3020168808076258,2.749566,4.200149,2.749566,-5.6209939273763805e-05,0.0007591852068369548,-0.00682000000000027,0.012091000000000296,-0.00025185029123807155,0.0024780122842523586,-0.18477199999999971,0.0021700000000000053,ISC_BD_0.9CC_0.9CD_50ohm.csv,0,Normal,CC,0.9,0.9,50,CC_CC0.9_CD0.9_50ohm
-0.0005584598269469889,2.6680050038186147,-2.900236,2.900236,-2.899926,1.4379213658838073,0.7990702936878036,0.0,2.607605,2.604961,55.165909723939016,30.652303644831644,0.0,100.0,100.0,3.771460599917594,0.3358990076134391,2.749876,4.200149,2.749876,-6.554746531116921e-05,0.000837804083611364,-0.010850999999999722,0.012400999999999662,-0.0003187084764390713,0.002107205199060235,-0.13051900000000005,0.0006200000000000649,ISC_BD_1.0CC_1.0CD_50ohm.csv,0,Normal,CC,1.0,1.0,50,CC_CC1.0_CD1.0_50ohm
0.009116952595936822,3.8152987697742553,-5.51525,5.51525,-5.50967,1.962387601203913,0.8548194517794985,0.0,2.74637,2.72959,71.53422690744922,31.112642287206707,0.0,100.0,100.0,3.9465388844243785,0.3575063349190893,2.749876,4.200459,2.749876,-6.556947162426615e-05,0.000747655418568912,-0.010850999999999722,0.014570999999999668,-0.000819875056450399,0.003817861203194964,-0.03163000000000005,0.02417999999999998,ISC_BD_1.9CC_1.9CD_30ohm.csv,0,Normal,CC,1.9,1.9,30,CC_CC1.9_CD1.9_30ohm
0.007857626868929558,2.4531092405724237,-4.348958,1.449343,-4.348338,1.3845793826257777,0.792682017588454,0.0,2.680558,2.663384,51.72985119502346,29.610165160627616,0.0,100.0,100.0,3.7677347954818297,0.2838176773056619,2.749876,4.200149,2.749876,-3.516100862351271e-05,0.0006343871788911665,-0.008680999999999717,0.007441000000000031,-9.495862897063639e-05,0.0012889975173395283,-0.11129699999999998,0.0006209999999997606,ISC_BD_0.5CC_1.5CD_500ohm.csv,0,Normal,CC,0.5,1.5,500,CC_CC0.5_CD1.5_500ohm
-0.001238715612069886,2.0038294431894093,-2.898996,1.449591,-2.89881,1.3279006747401354,0.7613311858592297,0.0,2.570283,2.570283,51.691827803007364,29.637554146666158,0.0,100.0,100.0,3.762159153900494,0.28103503193235013,2.749876,4.200149,2.749876,-4.252710204905614e-05,0.0006104861397438873,-0.008061000000000096,0.005891000000000091,-8.798344604824873e-05,0.0007596629783202877,-0.05747800000000014,0.0009299999999999864,ISC_BD_0.5CC_1.0CD_20ohm.csv,0,Normal,CC,0.5,1.0,20,CC_CC0.5_CD1.0_20ohm
-0.007418160488088211,2.7224369509558226,-3.479353,3.479353,-3.479043,1.8064827865194655,0.8792642637438983,0.0,2.740731,2.740731,66.01554066240557,32.14752652874036,0.0,100.0,100.0,3.8957790374201053,0.3348932891231101,2.749256,4.200459,2.749256,-5.668499360688134e-05,0.0008138557281753796,-0.009920999999999847,0.014880999999999922,-0.0003976960362664187,0.003183045448964151,-0.23406499999999975,0.002789999999999987,ISC_BD_1.2CC_1.2CD_20ohm.csv,0,Normal,CC,1.2,1.2,20,CC_CC1.2_CD1.2_20ohm
0.03457577840416307,4.385923452173079,-5.80543,4.35268,-5.79613,1.5732409843885515,0.844155201693478,0.0,2.69915,2.64512,58.62885453165655,31.357922176876055,0.0,100.0,100.0,3.8214900208152645,0.36490030124113587,2.749876,4.200149,2.749876,-9.092125813449027e-05,0.0008549477088196387,-0.012401000000000106,0.014880999999999922,-0.0008158698481561823,0.00377655575777784,-0.02976000000000001,0.022319999999999895,ISC_BD_1.5CC_2.0CD_800ohm.csv,0,Normal,CC,1.5,2.0,800,CC_CC1.5_CD2.0_800ohm
0.03516532675303349,4.097140356038318,-4.930866,4.930866,-4.930866,1.5251731935019537,0.7891242393870961,0.0,2.535966,2.488658,60.49040678593461,31.181653505366373,0.0,100.0,100.0,3.8239551554595934,0.4089711070113783,2.749566,4.200149,2.749566,-9.509133923061096e-05,0.0008329562684519,-0.00837000000000021,0.014261999999999997,-0.0008951098539395186,0.002566303109626873,-0.122147,0.0018599999999999728,ISC_BD_1.7CC_1.7CD_500ohm.csv,0,Normal,CC,1.7,1.7,500,CC_CC1.7_CD1.7_500ohm
-0.006448970685475073,2.5560547921578074,-1.46205,5.80915,-1.44903,1.4853190379105137,0.8234872672168646,0.0,2.71631,2.71631,54.89837387039894,30.502045218018413,0.0,100.0,100.0,3.7463939800528987,0.3306484198323146,2.749876,4.200149,2.749876,-7.162709435626108e-05,0.0005334534717188266,-0.003409999999999691,0.014880999999999922,-0.0005734953703703704,0.003514349011702556,-0.039060000000000095,0.020459999999999923,ISC_BD_2.0CC_0.5CD_1000ohm.csv,0,Normal,CC,2.0,0.5,1000,CC_CC2.0_CD0.5_1000ohm
0.05325562141052146,4.844856470228396,-5.80357,5.80543,-5.79799,1.6540189547438546,0.8608914119215608,0.0,2.74678,2.67531,60.70161215253848,31.425024722059636,0.0,100.0,100.0,3.8361726255456006,0.3806624782667667,2.749876,4.200149,2.749876,-0.00011072626982302919,0.0009537378059644138,-0.012399999999999967,0.016121000000000052,-0.0011987520110319468,0.004328796825840598,-0.026040000000000063,0.016750000000000043,ISC_BD_2.0CC_2.0CD_100ohm.csv,0,Normal,CC,2.0,2.0,100,CC_CC2.0_CD2.0_100ohm
0.07422936856247196,4.44811156893538,-5.22507,5.2288,-5.21949,1.5870803627407075,0.8415682908575207,0.0,2.69982,2.6007,59.49031531571877,31.315245320159313,0.0,100.0,100.0,3.828060040752351,0.36886846970229303,2.749876,4.200149,2.749876,-0.0001095902777777779,0.0009009520064640823,-0.010850999999999722,0.014880999999999922,-0.001040064964157706,0.004867077049463317,-0.05393999999999988,0.01489000000000007,ISC_BD_1.8CC_1.8CD_200ohm.csv,0,Normal,CC,1.8,1.8,200,CC_CC1.8_CD1.8_200ohm
0.025919120553359404,3.5453910191521723,-2.90737,5.80729,-2.89621,1.594461885704875,0.8627830418664457,0.0,2.78722,2.75085,57.56323802700922,31.056952658660123,0.0,100.0,100.0,3.7872772901844534,0.35196156383580757,2.749876,4.200149,2.749876,-9.668319604612846e-05,0.0007257445823733898,-0.0062000000000006494,0.015810999999999797,-0.0008589637561779241,0.0037786112064969774,-0.027899999999999814,0.01859999999999995,ISC_BD_2.0CC_1.0CD_30ohm.csv,0,Normal,CC,2.0,1.0,30,CC_CC2.0_CD1.0_30ohm
0.02037079452054808,3.463134393218817,-5.80171,2.32701,-5.79799,1.4702078146655926,0.8315076778040551,0.0,2.72975,2.69754,54.01111073327961,30.52285059132171,0.0,100.0,100.0,3.78845429540693,0.32543824790732423,2.749876,4.200149,2.749876,-5.132855070127359e-05,0.0006629312975403833,-0.011470999999999787,0.008059999999999956,-0.0002791826535547316,0.002864548252474396,-0.026040000000000063,0.02605000000000013,ISC_BD_0.8CC_2.0CD_600ohm.csv,0,Normal,CC,0.8,2.0,600,CC_CC0.8_CD2.0_600ohm
0.0005176269498837932,2.5683751524496286,-1.45833,5.81101,-1.45647,1.4840839185750636,0.8254778584065984,0.0,2.71252,2.71252,54.753686259541986,30.46778506366477,0.0,100.0,100.0,3.7453611346387876,0.32859254849317787,2.749876,4.200149,2.749876,-6.531780458116626e-05,0.000591676320298475,-0.0037199999999995015,0.018600999999999868,-0.0005779805245103463,0.003438892771401961,-0.035339999999999705,0.016750000000000043,ISC_BD_2.0CC_0.5CD_200ohm.csv,0,Normal,CC,2.0,0.5,200,CC_CC2.0_CD0.5_200ohm
0.018493170317803013,4.028980589662246,-5.80543,5.80357,-5.79985,2.0278481240357915,0.8871826934535111,0.0,2.84545,2.81527,71.40592149028078,31.156510060141894,0.0,100.0,100.0,3.9465389205492127,0.3565685293564433,2.749876,4.200459,2.749876,-6.707515432098773e-05,0.0007727768198745273,-0.013020000000000032,0.014570999999999668,-0.0008870015432098764,0.0034837461949095883,-0.027899999999999814,0.018600000000000172,ISC_BD_2.0CC_2.0CD_30ohm.csv,0,Normal,CC,2.0,2.0,30,CC_CC2.0_CD2.0_30ohm
-0.0007178146776638492,3.3996324424290134,-3.769531,3.769841,-3.768911,1.5110055122033328,0.8289719524413047,0.0,2.669418,2.660318,56.677293889917514,31.077794157416783,0.0,100.0,100.0,3.7904429899006895,0.3376774116105098,2.749256,4.200459,2.749256,-8.310338440814946e-05,0.0010365089361696793,-0.010851000000000166,0.016741000000000117,-0.0005371449739013303,0.004855644650306167,-0.3115700000000001,0.0009299999999999864,ISC_BD_1.3CC_1.3CD_20ohm.csv,0,Normal,CC,1.3,1.3,20,CC_CC1.3_CD1.3_20ohm
-0.013456206592386357,1.9294148213766815,-1.450273,2.900236,-1.449343,1.4328784995357478,0.8126493596677674,0.0,2.721027,2.721027,52.9587599257196,30.081259763974547,0.0,100.0,100.0,3.7396912633240484,0.3019320304620784,2.749256,4.200149,2.749256,-4.738967310549779e-05,0.0005989823598897257,-0.0058909999999996465,0.010851000000000166,-0.00021541316864784544,0.0017147940652046118,-0.13454900000000025,0.0012400000000001299,ISC_BD_1.0CC_0.5CD_500ohm.csv,0,Normal,CC,1.0,0.5,500,CC_CC1.0_CD0.5_500ohm
-0.0077333117558778235,1.9590578508927712,-2.02939,2.02939,-2.02939,1.4032433699849927,0.8017072430058186,0.0,2.699142,2.699142,52.197841060530266,29.836470483722376,0.0,100.0,100.0,3.750821031115558,0.28777344730870535,2.749876,4.200149,2.749876,-4.498438907235065e-05,0.0005612771388340172,-0.00558100000000028,0.006510000000000016,-0.00014498619033323328,0.001053449121529186,-0.07905499999999988,0.0016739999999999533,ISC_BD_0.7CC_0.7CD_300ohm.csv,0,Normal,CC,0.7,0.7,300,CC_CC0.7_CD0.7_300ohm
-0.00021548860513972976,3.186674043250591,-3.479353,3.479663,-3.478733,1.4653520295781477,0.8118427888328771,0.0,2.638231,2.629456,55.61615435590755,30.798410644218606,0.0,100.0,100.0,3.7801272788104083,0.3283069682320995,2.748946,4.200149,2.748946,-7.669021827000816e-05,0.0009706293588561132,-0.00930000000000053,0.014881999999999618,-0.000468864349232013,0.004080374737637281,-0.2669269999999999,0.0006200000000000649,ISC_BD_1.2CC_1.2CD_30ohm.csv,0,Normal,CC,1.2,1.2,30,CC_CC1.2_CD1.2_30ohm
-0.026595007120816624,2.8524218533352492,-5.80357,1.45461,-5.79985,1.380408508188939,0.7918229263013286,0.0,2.70415,2.70415,51.8862794801804,29.774287598981658,0.0,100.0,100.0,3.77977550415381,0.2918030830623375,2.749876,4.200459,2.749876,-3.650747863247866e-05,0.0004892014681104119,-0.009301000000000226,0.0037199999999999456,-0.00010311847103513776,0.0025190529715378275,-0.02417999999999987,0.020459999999999923,ISC_BD_0.5CC_2.0CD_10ohm.csv,0,Normal,CC,0.5,2.0,10,CC_CC0.5_CD2.0_10ohm
0.0018118262896676693,2.880542184595603,-3.190414,3.190104,-3.189484,1.4318696989020905,0.7862693456671451,0.0,2.549441,2.537514,56.26488867498872,30.874636912171123,0.0,100.0,100.0,3.7760569284102874,0.3549531199210208,2.749876,4.200149,2.749876,-7.005415977132536e-05,0.0007855825111399697,-0.0071310000000002205,0.015191000000000177,-0.00039271355498721227,0.0023479697737558655,-0.1258680000000001,0.0009299999999998754,ISC_BD_1.1CC_1.1CD_50ohm.csv,0,Normal,CC,1.1,1.1,50,CC_CC1.1_CD1.1_50ohm
0.0057508343283582545,2.8719572924100043,-3.190104,3.189794,-3.189484,1.4372295723880597,0.7881180905510133,0.0,2.555175,2.541011,56.366483895522386,30.88317767005672,0.0,100.0,100.0,3.779625850895522,0.3555055907586176,2.749876,4.200149,2.749876,-6.785428486115259e-05,0.0007471068288236908,-0.004961000000000215,0.015500999999999987,-0.00038963078530904747,0.0017469532489917063,-0.09858600000000006,0.0009299999999999864,ISC_BD_1.1CC_1.1CD_500ohm.csv,0,Normal,CC,1.1,1.1,500,CC_CC1.1_CD1.1_500ohm
0.007457335278669588,3.0124105283913716,-4.349888,2.320189,-4.348958,1.430575212138897,0.806676957726211,0.0,2.66055,2.646944,53.851684038517654,30.35417786491423,0.0,100.0,100.0,3.7751488043478254,0.3083331008948619,2.749876,4.200149,2.749876,-5.347971395213081e-05,0.0008177985517219173,-0.011471000000000231,0.012090999999999852,-0.0002539159369527144,0.0026406036910884617,-0.1940719999999998,0.0009300000000003195,ISC_BD_0.8CC_1.5CD_900ohm.csv,0,Normal,CC,0.8,1.5,900,CC_CC0.8_CD1.5_900ohm
-0.016209675906587992,1.9249976437486516,-1.449033,2.898252,-1.448661,1.399969181697361,0.7931174057938027,0.0,2.655729,2.655729,53.07636382191001,30.125677649181934,0.0,100.0,100.0,3.7387131032846024,0.30259183981941606,2.749566,4.200149,2.749566,-4.921695784276489e-05,0.0005577565086802707,-0.0049600000000000755,0.010850000000000026,-0.00022011650208887202,0.001962650522193932,-0.16034300000000012,0.0022320000000000118,ISC_BD_1.0CC_0.5CD_900ohm.csv,0,Normal,CC,1.0,0.5,900,CC_CC1.0_CD0.5_900ohm
-0.01545367211948782,1.9531923175634172,-2.02939,2.02939,-2.02939,1.3802116249745986,0.7870941395089743,0.0,2.656367,2.656367,52.375662345051815,29.89781382741331,0.0,100.0,100.0,3.7549431821784185,0.28801281198722134,2.749566,4.200149,2.749566,-5.1606910569105685e-05,0.0005962285461710453,-0.006200999999999901,0.008989999999999831,-0.0001473917682926829,0.0011126253929514014,-0.07459100000000007,0.0005579999999998364,ISC_BD_0.7CC_0.7CD_500ohm.csv,0,Normal,CC,0.7,0.7,500,CC_CC0.7_CD0.7_500ohm
-0.004366593094405599,2.5598813963034615,-1.45647,5.80729,-1.45275,1.5007144864510487,0.831754315775078,0.0,2.73876,2.73876,54.95108055069932,30.50328609358675,0.0,100.0,100.0,3.7464115354020975,0.3300015251714314,2.749876,4.200459,2.749876,-6.867868852459018e-05,0.0005573301681342529,-0.003409999999999691,0.017360999999999738,-0.0005690131147540984,0.0032810606799529548,-0.040919999999999845,0.01859999999999995,ISC_BD_2.0CC_0.5CD_300ohm.csv,0,Normal,CC,2.0,0.5,300,CC_CC2.0_CD0.5_300ohm
-0.009300536734071876,1.949284164867163,-2.02939,2.02939,-2.029204,1.3794193255766691,0.7863285044469934,0.0,2.639451,2.639451,52.51603052535311,29.955925924218036,0.0,100.0,100.0,3.74959194837923,0.29371717961148774,2.749566,4.200149,2.749566,-4.776796422400646e-05,0.0005524347444777068,-0.005269999999999886,0.006199999999999761,-0.00014736893993292003,0.000975250933912326,-0.06566200000000011,0.0022320000000000118,ISC_BD_0.7CC_0.7CD_600ohm.csv,0,Normal,CC,0.7,0.7,600,CC_CC0.7_CD0.7_600ohm
-0.01345765747080141,1.956461750109294,-2.02939,2.02939,-2.028832,1.3931433408175595,0.7951811583584696,0.0,2.683988,2.683988,52.281689458316556,29.86731196369785,0.0,100.0,100.0,3.7533820626258563,0.28836294329159073,2.749566,4.200149,2.749566,-4.910986908358502e-05,0.0005441228882408541,-0.005889999999999951,0.0065110000000001556,-0.0001460558912386707,0.0010581944272504515,-0.07998499999999997,0.0007439999999996338,ISC_BD_0.7CC_0.7CD_50ohm.csv,0,Normal,CC,0.7,0.7,50,CC_CC0.7_CD0.7_50ohm
-0.009045905460288887,2.209908413120173,-2.31901,2.31901,-2.318825,1.4156426968637186,0.8040400224488643,0.0,2.681387,2.681387,53.02089098601083,30.133987302624035,0.0,100.0,100.0,3.759414554941336,0.29803224687929986,2.749876,4.200149,2.749876,-5.2929248476641905e-05,0.000591909893136935,-0.005889999999999951,0.007441000000000031,-0.00019625502143985553,0.0011811036362368741,-0.08556600000000003,0.0022320000000000118,ISC_BD_0.8CC_0.8CD_50ohm.csv,0,Normal,CC,0.8,0.8,50,CC_CC0.8_CD0.8_50ohm
-0.007169960861968368,2.211471197696795,-2.319383,2.319383,-2.31901,1.372301849155504,0.7798064688219442,0.0,2.595771,2.595771,53.043986802562614,30.157930158189902,0.0,100.0,100.0,3.7513090370413513,0.29960283854625286,2.749566,4.200149,2.749566,-5.5300128160316814e-05,0.0006086464303241646,-0.006819999999999826,0.008059999999999956,-0.0002026561808225562,0.00245270888711255,-0.2085189999999999,0.0024180000000000312,ISC_BD_0.8CC_0.8CD_200ohm.csv,0,Normal,CC,0.8,0.8,200,CC_CC0.8_CD0.8_200ohm
-0.003228994139480502,3.6963875352773847,-4.05816,4.05816,-4.05692,1.4137113022074623,0.7789653487924361,0.0,2.515878,2.513311,56.21379826137918,30.969467604402137,0.0,100.0,100.0,3.7849913910920097,0.3416610807405592,2.749566,4.200149,2.749566,-0.00011899140121164735,0.0011619976303285683,-0.014260999999999857,0.014881000000000366,-0.0006798991596638653,0.004837629687294839,-0.25700699999999976,0.0009300000000003195,ISC_BD_1.4CC_1.4CD_600ohm.csv,0,Normal,CC,1.4,1.4,600,CC_CC1.4_CD1.4_600ohm
-0.014082732902373002,1.4216030874564924,-1.449591,1.449591,-1.449405,1.368992981120987,0.7867636077123797,0.0,2.701132,2.701132,51.17397930654521,29.426747721958478,0.0,100.0,100.0,3.7403285956071404,0.2760644908053343,2.749566,4.200149,2.749566,-3.5236279479832465e-05,0.00042541293507465856,-0.0043400000000000105,0.004650999999999961,-6.391727279406363e-05,0.0005864376882064306,-0.04743300000000006,0.0005580000000000584,ISC_BD_0.5CC_0.5CD_100ohm.csv,0,Normal,CC,0.5,0.5,100,CC_CC0.5_CD0.5_100ohm
0.018710166853302967,3.267193464366197,-4.347098,2.898685,-4.346788,1.4798357883538635,0.8212161517469337,0.0,2.670301,2.638202,55.628546808510634,30.82733241575374,0.0,100.0,100.0,3.791350016317389,0.33248461204342633,2.749256,4.200149,2.749256,-6.126980316850693e-05,0.0009077745392631663,-0.009611000000000036,0.013330999999999982,-0.00037104160665706515,0.0026083215677823583,-0.16431099999999965,0.0006209999999999827,ISC_BD_1.0CC_1.5CD_1000ohm.csv,0,Normal,CC,1.0,1.5,1000,CC_CC1.0_CD1.5_1000ohm
-0.0011342445576194387,2.0078713395715426,-2.898996,1.449591,-2.89881,1.343216042440583,0.770528385988329,0.0,2.608119,2.608119,51.54288794687438,29.568447350849784,0.0,100.0,100.0,3.7570063883563005,0.28114184818620697,2.749256,4.200149,2.749256,-3.8644127047542955e-05,0.0006369538934756732,-0.008990999999999971,0.005889999999999951,-8.68749500599281e-05,0.0007700356970112465,-0.058221999999999996,0.00037200000000003897,ISC_BD_0.5CC_1.0CD_30ohm.csv,0,Normal,CC,0.5,1.0,30,CC_CC0.5_CD1.0_30ohm
-0.012220180658873323,2.8454927760329554,-5.80729,1.45461,-5.79985,1.3890899350572679,0.7972255553882533,0.0,2.70338,2.70338,51.836260892667376,29.75668346671529,0.0,100.0,100.0,3.775272186916991,0.2910080814005196,2.749876,4.200459,2.749876,-3.914149049250031e-05,0.0005447389679213448,-0.012710999999999917,0.004650999999999961,-0.00010215542695169485,0.0021708455266167483,-0.020469999999999988,0.022319999999999895,ISC_BD_0.5CC_2.0CD_30ohm.csv,0,Normal,CC,0.5,2.0,30,CC_CC0.5_CD2.0_30ohm
0.013507491108070762,3.887315835255532,-4.349888,4.349888,-4.349578,1.494969,0.8151362344379453,0.0,2.618828,2.596467,57.2647976157905,31.179109540882113,0.0,100.0,100.0,3.794829793824506,0.3415367986704668,2.749876,4.200149,2.749876,-0.00010061251221896373,0.0009987443309279513,-0.008680000000000021,0.013330999999999982,-0.0007368956011730207,0.004309808133534468,-0.21670300000000076,0.0015500000000000513,ISC_BD_1.5CC_1.5CD_800ohm.csv,0,Normal,CC,1.5,1.5,800,CC_CC1.5_CD1.5_800ohm
0.008306355888281098,3.0067066530292963,-4.349578,2.319879,-4.349268,1.4476050709761015,0.8157692266739706,0.0,2.687218,2.673522,53.951248992225736,30.391092026961356,0.0,100.0,100.0,3.7797779477397064,0.31039531945565085,2.749876,4.200149,2.749876,-5.1744383640553026e-05,0.00084135038737207,-0.008059999999999956,0.010231000000000101,-0.00025068577188940087,0.0027250495648655833,-0.2043029999999999,0.0006209999999997606,ISC_BD_0.8CC_1.5CD_500ohm.csv,0,Normal,CC,0.8,1.5,500,CC_CC0.8_CD1.5_500ohm
0.0031367146982824797,3.0584388481242017,-2.898996,4.348958,-2.898685,1.5101400945432437,0.806720088012354,0.0,2.609672,2.596791,57.98813730050159,30.94639785833149,0.0,100.0,100.0,3.7875964455084357,0.3686207062555211,2.749876,4.200459,2.749876,-7.975566367644824e-05,0.0009360429727473422,-0.00868100000000016,0.017360999999999738,-0.0005729971111448988,0.003165560533175417,-0.1748510000000003,0.0006209999999997606,ISC_BD_1.5CC_1.0CD_300ohm.csv,0,Normal,CC,1.5,1.0,300,CC_CC1.5_CD1.0_300ohm
0.005099356679245006,2.9369201886029987,-3.190414,3.190104,-3.190104,1.440848276528302,0.8021812192516452,0.0,2.61007,2.595159,55.32978229433962,30.780256124897093,0.0,100.0,100.0,3.7782273849056605,0.3227138244793544,2.749566,4.200149,2.749566,-7.405269515325377e-05,0.0008764406770775993,-0.0080600000000004,0.015191000000000177,-0.00039427706477427146,0.003506665686198393,-0.2309650000000003,0.0018599999999999728,ISC_BD_1.1CC_1.1CD_200ohm.csv,0,Normal,CC,1.1,1.1,200,CC_CC1.1_CD1.1_200ohm
-0.0176360160375688,1.7526525770016759,-1.449777,2.319383,-1.449591,1.39071669900762,0.792851348055859,0.0,2.679724,2.679724,52.33597572213361,29.88332028482605,0.0,100.0,100.0,3.7388745192273616,0.29164714640750833,2.749876,4.201079,2.749876,-4.901409074796173e-05,0.0004976918585825697,-0.0043400000000000105,0.007750999999999841,-0.00015416377171215882,0.001057364000420311,-0.04464200000000007,0.0005580000000002805,ISC_BD_0.8CC_0.5CD_20ohm.csv,0,Normal,CC,0.8,0.5,20,CC_CC0.8_CD0.5_20ohm
0.030088397936475938,4.134684849613437,-4.929006,4.929006,-4.928385,1.5672260499696542,0.8145804326488514,0.0,2.615995,2.570914,60.2369085980174,31.2019127252667,0.0,100.0,100.0,3.8220758903499896,0.3957602557278522,2.748946,4.200149,2.748946,-9.650070835863194e-05,0.0010127470242219212,-0.008059999999999956,0.016430999999999862,-0.0008799894758146123,0.0035723693919811356,-0.15872999999999937,0.0009310000000004592,ISC_BD_1.7CC_1.7CD_800ohm.csv,0,Normal,CC,1.7,1.7,800,CC_CC1.7_CD1.7_800ohm
-0.0006695233554230627,3.1901644340687185,-3.479663,3.479353,-3.478733,1.4654697386455469,0.8126364591201948,0.0,2.641075,2.633352,55.55209443995475,30.79238110492031,0.0,100.0,100.0,3.7780600554388237,0.32903569203561633,2.748946,4.200149,2.748946,-7.403379143088106e-05,0.0010034834563701035,-0.009301000000000226,0.016121000000000052,-0.0004689144704931285,0.004240558595793623,-0.2833579999999998,0.0006200000000000649,ISC_BD_1.2CC_1.2CD_1000ohm.csv,0,Normal,CC,1.2,1.2,1000,CC_CC1.2_CD1.2_1000ohm
-0.0026657391942216052,2.8263977859179774,-3.770771,3.770461,-3.769221,1.9257151438889517,0.89883612531462,0.0,2.824182,2.819813,68.21017482225483,31.825268743217755,0.0,100.0,100.0,3.917122938945943,0.33754719576834075,2.749566,4.200459,2.749566,-5.29121797042556e-05,0.0007728153385453933,-0.0077510000000002854,0.017361000000000182,-0.0004189239191782368,0.003852757444249702,-0.2935889999999999,0.002479999999999996,ISC_BD_1.3CC_1.3CD_10ohm.csv,0,Normal,CC,1.3,1.3,10,CC_CC1.3_CD1.3_10ohm
0.0065769147157191616,2.446550502927374,-4.348649,1.449343,-4.348338,1.353543921850613,0.7743982776510889,0.0,2.609462,2.5979,51.923750858416945,29.702752142477323,0.0,100.0,100.0,3.7714019125975473,0.2855580581210805,2.749566,4.200149,2.749566,-3.7819134701159676e-05,0.0006367421735584329,-0.009920999999999847,0.008061000000000096,-9.707136485281003e-05,0.0012595170913815232,-0.1060270000000001,0.000620000000000509,ISC_BD_0.5CC_1.5CD_700ohm.csv,0,Normal,CC,0.5,1.5,700,CC_CC0.5_CD1.5_700ohm
0.00783950431778954,3.006173342779281,-4.349578,2.319879,-4.348958,1.4466657583477258,0.8162087550337408,0.0,2.686083,2.669875,53.95388452792171,30.426441305362037,0.0,100.0,100.0,3.7796855759930907,0.3104826693118945,2.749876,4.200149,2.749876,-5.378246472790094e-05,0.0008261416697535308,-0.00992100000000029,0.011781000000000041,-0.0002504795565793262,0.002723837346030671,-0.20368299999999984,0.0009299999999998754,ISC_BD_0.8CC_1.5CD_50ohm.csv,0,Normal,CC,0.8,1.5,50,CC_CC0.8_CD1.5_50ohm
-0.012592735285085331,2.280425411769124,-1.449033,4.351129,-1.448413,1.4513942237690656,0.8121564841633481,0.0,2.684341,2.684341,54.242733104719015,30.396300185590032,0.0,100.0,100.0,3.7398978050977583,0.31914771072489595,2.749566,4.200149,2.749566,-6.0626292617999356e-05,0.0006636640659395008,-0.004649999999999821,0.017670999999999992,-0.000386136172826866,0.00357626561193364,-0.2628959999999996,0.0009310000000004592,ISC_BD_1.5CC_0.5CD_50ohm.csv,0,Normal,CC,1.5,0.5,50,CC_CC1.5_CD0.5_50ohm
0.00016522502826991033,2.462575958780123,-2.898996,2.319568,-2.898685,1.411018867948235,0.7994060957173075,0.0,2.642265,2.64187,53.40494413871089,30.25592560295143,0.0,100.0,100.0,3.76221727817565,0.30873917008123913,2.749256,4.200149,2.749256,-5.0806208369988704e-05,0.0006601820603721772,-0.00558100000000028,0.00682000000000027,-0.00021861505592560014,0.0019523721340882101,-0.15687000000000006,0.0018599999999999728,ISC_BD_0.8CC_1.0CD_300ohm.csv,0,Normal,CC,0.8,1.0,300,CC_CC0.8_CD1.0_300ohm
-0.003011532449647049,2.0460024786480475,-2.608445,2.608445,-2.608073,1.8239072808572905,0.890204755779625,0.0,2.786316,2.786316,65.60348404200379,32.04150987560664,0.0,100.0,100.0,3.904579127560682,0.3248753596007936,2.749876,4.200149,2.749876,-4.633221418732778e-05,0.0005227129564756338,-0.006199999999999761,0.007440000000000335,-0.0002195920282369146,0.0013242944896991356,-0.10472500000000018,0.0026049999999999685,ISC_BD_0.9CC_0.9CD_20ohm.csv,0,Normal,CC,0.9,0.9,20,CC_CC0.9_CD0.9_20ohm
0.013766156269691833,3.461938034156157,-5.80915,2.32329,-5.79613,1.473386899810964,0.8324601256911716,0.0,2.72976,2.70905,54.0729824984247,30.535657539611353,0.0,100.0,100.0,3.7888667975740393,0.3223942966698325,2.749876,4.200459,2.749876,-5.158840214308229e-05,0.0006529310607103973,-0.012709999999999777,0.006819999999999826,-0.00027142609517806493,0.0028229402595586605,-0.020460000000000145,0.016740000000000088,ISC_BD_0.8CC_2.0CD_100ohm.csv,0,Normal,CC,0.8,2.0,100,CC_CC0.8_CD2.0_100ohm
-0.008375290273090046,3.0643196573066236,-2.898996,4.348958,-2.898996,1.495519017183185,0.8000444733406153,0.0,2.588801,2.588801,57.865688048481125,30.973811332392117,0.0,100.0,100.0,3.785508123350721,0.3691957753708526,2.749256,4.200149,2.749256,-8.354726826273796e-05,0.0009042311478573051,-0.007441000000000031,0.017670999999999992,-0.00057864671577655,0.003181342699556929,-0.17361200000000032,0.0009299999999999864,ISC_BD_1.5CC_1.0CD_1000ohm.csv,0,Normal,CC,1.5,1.0,1000,CC_CC1.5_CD1.0_1000ohm
-0.014179742241830618,1.4186943062066897,-1.449591,1.449591,-1.449219,1.344094656920661,0.7718221817696489,0.0,2.646732,2.646732,51.28449174455993,29.468320292992516,0.0,100.0,100.0,3.7418728668212067,0.2755918592721655,2.749876,4.200149,2.749876,-3.626288235734055e-05,0.00046295861984897057,-0.004650999999999961,0.005891000000000091,-6.506454266696582e-05,0.0009635685730716548,-0.10100500000000001,0.0013020000000000254,ISC_BD_0.5CC_0.5CD_400ohm.csv,0,Normal,CC,0.5,0.5,400,CC_CC0.5_CD0.5_400ohm
0.031137518570851563,4.126512520766091,-4.929006,4.929006,-4.928075,1.5672913140896245,0.8149655007419971,0.0,2.616894,2.565409,60.26359953572871,31.213560858297186,0.0,100.0,100.0,3.8245622200242226,0.395385369136793,2.749566,4.200149,2.749566,-9.659935379644594e-05,0.001030041237006107,-0.00837000000000021,0.018291000000000057,-0.0008782225363489499,0.0036440215623668925,-0.16803100000000004,0.0009310000000004592,ISC_BD_1.7CC_1.7CD_900ohm.csv,0,Normal,CC,1.7,1.7,900,CC_CC1.7_CD1.7_900ohm
0.005786976380952789,3.8602583190152258,-4.349268,4.349268,-4.348338,1.528096373904762,0.8282877254051498,0.0,2.657713,2.639407,57.640056838095234,31.20628721861383,0.0,100.0,100.0,3.803293466095238,0.3426746275140126,2.748326,4.200149,2.748326,-9.723551829268297e-05,0.001199562760608209,-0.014570999999999668,0.018910999999999678,-0.0007182202743902439,0.00499704184056376,-0.2542169999999997,0.0009299999999994313,ISC_BD_1.5CC_1.5CD_100ohm.csv,0,Normal,CC,1.5,1.5,100,CC_CC1.5_CD1.5_100ohm
0.04120271625475253,4.648930204201537,-5.52269,5.53013,-5.50967,1.5577635693916352,0.8173407732459655,0.0,2.6101,2.55266,60.10062017585552,31.395564219365927,0.0,100.0,100.0,3.82758526568441,0.38347068831541314,2.749876,4.200459,2.749876,-0.00011336447931526393,0.000959434825490816,-0.011471000000000231,0.015500999999999987,-0.0011697598668568713,0.004595193659673965,-0.026040000000000063,0.020459999999999923,ISC_BD_1.9CC_1.9CD_800ohm.csv,0,Normal,CC,1.9,1.9,800,CC_CC1.9_CD1.9_800ohm
0.0042617800507450294,3.2070466882477597,-2.898996,4.348958,-2.898685,1.4866083198541071,0.8209864925347556,0.0,2.658461,2.646708,56.0351380114177,30.921445848951688,0.0,100.0,100.0,3.77229530653346,0.3285794213905357,2.749876,4.200149,2.749876,-8.650460025380712e-05,0.0008497613152264169,-0.008990999999999971,0.014571000000000112,-0.0005978112309644669,0.004368161380635305,-0.27560699999999994,0.0012410000000000476,ISC_BD_1.5CC_1.0CD_600ohm.csv,0,Normal,CC,1.5,1.0,600,CC_CC1.5_CD1.0_600ohm
-0.015499178840194836,2.548472316531494,-1.46391,5.80543,-1.45275,1.4766699424524128,0.8177414844946177,0.0,2.70338,2.70338,54.90770605356352,30.49194264767682,0.0,100.0,100.0,3.7448738336653387,0.33120424944710125,2.749876,4.200459,2.749876,-7.371286251937123e-05,0.0005192851952873794,-0.0037199999999995015,0.013641000000000236,-0.000577760681868497,0.0035240225052285664,-0.022319999999999895,0.020459999999999923,ISC_BD_2.0CC_0.5CD_600ohm.csv,0,Normal,CC,2.0,0.5,600,CC_CC2.0_CD0.5_600ohm
0.02697383448873451,4.492216206458494,-5.22507,5.22135,-5.22135,1.6088874176776429,0.8557153525728683,0.0,2.73419,2.6925,59.14351590121317,31.366009257789482,0.0,100.0,100.0,3.8197469371750428,0.3651285151776557,2.749876,4.200149,2.749876,-0.0001010554833116602,0.000911512166463579,-0.011781000000000041,0.016741000000000117,-0.0010046402254009538,0.0038848941879079594,-0.026040000000000063,0.016739999999999977,ISC_BD_1.8CC_1.8CD_30ohm.csv,0,Normal,CC,1.8,1.8,30,CC_CC1.8_CD1.8_30ohm
0.011717989224886812,3.5742107494028947,-2.91109,5.80543,-2.89993,1.5429259871393812,0.838607434040936,0.0,2.70452,2.69377,57.160476016684036,31.041440171085814,0.0,100.0,100.0,3.779614433437608,0.35197481691765514,2.749876,4.200149,2.749876,-0.00010898122392211416,0.0007026862121217567,-0.00682100000000041,0.015190999999999732,-0.0009035413769123785,0.004170924800974355,-0.022330000000000183,0.026040000000000063,ISC_BD_2.0CC_1.0CD_500ohm.csv,0,Normal,CC,2.0,1.0,500,CC_CC2.0_CD1.0_500ohm
0.00975974672569631,3.6352233113671892,-4.0594,4.05909,-4.05909,1.4813316532005165,0.8082109263348523,0.0,2.599119,2.578645,57.159841449916996,31.145486618401073,0.0,100.0,100.0,3.7909432165652097,0.3485923855038796,2.749566,4.200149,2.749566,-9.302325152242113e-05,0.0010852774572876445,-0.00992100000000029,0.019530999999999743,-0.0006420083041151505,0.0053725924256546095,-0.3193210000000004,0.0003100000000006986,ISC_BD_1.4CC_1.4CD_100ohm.csv,0,Normal,CC,1.4,1.4,100,CC_CC1.4_CD1.4_100ohm
-0.004025865080951445,2.0067568114487404,-2.898996,1.449405,-2.89881,1.3406668976614031,0.7692447468592948,0.0,2.604092,2.604092,51.63048534879072,29.628602049701243,0.0,100.0,100.0,3.757667015790526,0.27870959467793655,2.749256,4.200149,2.749256,-4.276549380247901e-05,0.0005492912474475613,-0.008061000000000096,0.004650999999999961,-8.707457017193123e-05,0.0006485896943828048,-0.045945000000000125,0.0009299999999999864,ISC_BD_0.5CC_1.0CD_700ohm.csv,0,Normal,CC,0.5,1.0,700,CC_CC0.5_CD1.0_700ohm
-0.010815791143760972,1.9474616549568986,-2.02939,2.02939,-2.02939,1.3730782429343944,0.782164334373124,0.0,2.62761,2.62761,52.580661146821754,29.97726955613824,0.0,100.0,100.0,3.7514809197020713,0.29423005083993137,2.749566,4.200149,2.749566,-4.9260230635779124e-05,0.0005542954796055486,-0.005580999999999836,0.006199999999999761,-0.00014800847025206652,0.0010464437234997065,-0.07589299999999977,0.0014880000000000448,ISC_BD_0.7CC_0.7CD_400ohm.csv,0,Normal,CC,0.7,0.7,400,CC_CC0.7_CD0.7_400ohm
0.0068909308196722285,2.452776964897146,-4.348958,1.449343,-4.348649,1.3798116967213117,0.7913911706985248,0.0,2.673142,2.653758,51.70469950819672,29.64873376912255,0.0,100.0,100.0,3.768340870601093,0.28415337688688197,2.749876,4.200149,2.749876,-3.798994315697427e-05,0.0006046440897304595,-0.006201000000000789,0.00837100000000035,-9.49919108001749e-05,0.0011625136511034984,-0.10168700000000008,0.0024799999999999267,ISC_BD_0.5CC_1.5CD_50ohm.csv,0,Normal,CC,0.5,1.5,50,CC_CC0.5_CD1.5_50ohm
-0.009098303358046287,1.6892888566407849,-1.739583,1.739583,-1.739211,1.3793985751417357,0.7906425116873472,0.0,2.679556,2.679556,51.778923898822505,29.69586904055195,0.0,100.0,100.0,3.746403588486699,0.2874169879888094,2.749876,4.200149,2.749876,-3.629477449184335e-05,0.00048571208053234524,-0.004649999999999821,0.005891000000000091,-0.00010114385413940506,0.0011422003198811737,-0.1103050000000001,0.003161999999999998,ISC_BD_0.6CC_0.6CD_100ohm.csv,0,Normal,CC,0.6,0.6,100,CC_CC0.6_CD0.6_100ohm
0.0024819629686072234,2.9439615809887427,-3.190104,3.190414,-3.189794,1.4308028227674492,0.7963331539138483,0.0,2.592791,2.582753,55.26996309052119,30.7451447702115,0.0,100.0,100.0,3.7765966866808895,0.32282353658515184,2.749256,4.200149,2.749256,-7.693780487804885e-05,0.0008622945292972585,-0.00868100000000016,0.013330999999999982,-0.0003979217987804878,0.0036051975040598855,-0.23716500000000007,0.0009299999999998754,ISC_BD_1.1CC_1.1CD_700ohm.csv,0,Normal,CC,1.1,1.1,700,CC_CC1.1_CD1.1_700ohm
-0.0010394655361595146,2.0085068617497948,-2.898996,1.449591,-2.89881,1.3445660770074812,0.7716076431023827,0.0,2.609736,2.609736,51.53381028428928,29.574117615745962,0.0,100.0,100.0,3.7561514265336657,0.2815371054703887,2.749256,4.200149,2.749256,-3.7921181283048995e-05,0.0006278940384663223,-0.00837100000000035,0.00558000000000014,-8.677960690412052e-05,0.0006749207261927852,-0.0478050000000001,0.00018600000000024153,ISC_BD_0.5CC_1.0CD_100ohm.csv,0,Normal,CC,0.5,1.0,100,CC_CC0.5_CD1.0_100ohm
0.006798914227016228,3.4128758078131978,-3.770771,3.770461,-3.770461,1.4910197029618215,0.8196211629403672,0.0,2.650481,2.634912,56.3812406779661,30.965074389854607,0.0,100.0,100.0,3.7885197014209897,0.3339435070958214,2.749256,4.200149,2.749256,-8.288063024490503e-05,0.0010592900897832633,-0.012709999999999777,0.016741000000000117,-0.0005466627847234115,0.004123057759056602,-0.24150500000000008,0.0006200000000000649,ISC_BD_1.3CC_1.3CD_800ohm.csv,0,Normal,CC,1.3,1.3,800,CC_CC1.3_CD1.3_800ohm
-0.020304977262514637,1.6765674627330354,-1.739397,1.739397,-1.739025,1.3379861080255233,0.7625404265824174,0.0,2.594423,2.594423,52.23260628201672,29.809344248662622,0.0,100.0,100.0,3.7400555647524043,0.29974154958030796,2.749876,4.200149,2.749876,-4.533950561797755e-05,0.0004711773879866724,-0.006199999999999761,0.005271000000000026,-0.00010425024719101123,0.0006921015001096098,-0.03943399999999997,0.0005580000000000584,ISC_BD_0.6CC_0.6CD_500ohm.csv,0,Normal,CC,0.6,0.6,500,CC_CC0.6_CD0.6_500ohm
-0.013419048534868054,1.416559334213867,-1.449591,1.449591,-1.449405,1.3269065459226166,0.761445981034918,0.0,2.607721,2.607721,51.378598614371164,29.503855520599416,0.0,100.0,100.0,3.742535716892557,0.28075715267451834,2.749876,4.200149,2.749876,-3.718826202196143e-05,0.00043047700271000894,-0.0040300000000002,0.0049600000000000755,-6.58683831881863e-05,0.0005359496320761097,-0.040551000000000004,0.0007439999999999669,ISC_BD_0.5CC_0.5CD_200ohm.csv,0,Normal,CC,0.5,0.5,200,CC_CC0.5_CD0.5_200ohm
-0.011902641882041026,1.5341977811649259,-1.449963,2.319569,-1.449405,1.7301576528164346,0.901086970853862,0.0,2.847644,2.847644,61.32989482438702,32.06499118250248,0.0,100.0,100.0,3.8499976380384364,0.3212796071381767,2.749566,4.201079,2.749566,-3.743743372216327e-05,0.00042800788077132924,-0.004649999999999821,0.008990999999999971,-0.00014990184252386003,0.0009748755169023849,-0.03701700000000008,0.0024179999999999896,ISC_BD_0.8CC_0.5CD_10ohm.csv,0,Normal,CC,0.8,0.5,10,CC_CC0.8_CD0.5_10ohm
0.03646809455292939,4.087797487224541,-4.930866,4.930866,-4.930555,1.5217700672147996,0.7869180625872715,0.0,2.529686,2.480436,60.51904378211716,31.17369687001842,0.0,100.0,100.0,3.823442417677287,0.4127526981062396,2.749876,4.200149,2.749876,-9.498848447460416e-05,0.0008503051054703462,-0.006819999999999826,0.018911000000000122,-0.0008946140242648572,0.0024762822127095897,-0.11470800000000025,0.0018600000000000838,ISC_BD_1.7CC_1.7CD_100ohm.csv,0,Normal,CC,1.7,1.7,100,CC_CC1.7_CD1.7_100ohm
-0.016012092709271102,2.551838091255265,-1.46019,5.81101,-1.44903,1.45153225810081,0.8043569873095031,0.0,2.66187,2.66187,54.85560118136814,30.495308757671264,0.0,100.0,100.0,3.7443595858460847,0.3303936572560077,2.749876,4.200149,2.749876,-7.508012604096334e-05,0.0005269436360797701,-0.0037199999999995015,0.015810999999999797,-0.0005871742066171507,0.0035852334358385833,-0.037200000000000344,0.022319999999999895,ISC_BD_2.0CC_0.5CD_800ohm.csv,0,Normal,CC,2.0,0.5,800,CC_CC2.0_CD0.5_800ohm
0.018751759066943745,3.4664900056613375,-5.80171,2.32701,-5.79799,1.4870138616392394,0.8413783112159606,0.0,2.76121,2.72787,54.009888193002084,30.53461836496249,0.0,100.0,100.0,3.78877788384726,0.3213405874725416,2.749876,4.200149,2.749876,-4.8507112034521344e-05,0.0006627914397730401,-0.011470000000000091,0.008061000000000096,-0.0002788540834265623,0.002294457909352609,-0.02603999999999984,0.014880000000000004,ISC_BD_0.8CC_2.0CD_1000ohm.csv,0,Normal,CC,0.8,2.0,1000,CC_CC0.8_CD2.0_1000ohm
-0.003967796772737655,2.2085175081713957,-2.318825,2.318825,-2.318639,1.4184328144888287,0.8043761736740361,0.0,2.676219,2.676219,53.09905760550665,30.120635951883955,0.0,100.0,100.0,3.759238618709095,0.2977311112314936,2.749876,4.200149,2.749876,-5.1576636568848756e-05,0.0007027667698050555,-0.00868100000000016,0.008370999999999906,-0.0001964252821670429,0.0016826781354033265,-0.12909300000000012,0.00037200000000003897,ISC_BD_0.8CC_0.8CD_500ohm.csv,0,Normal,CC,0.8,0.8,500,CC_CC0.8_CD0.8_500ohm
-0.000210844812742153,2.898680273880148,-5.81101,2.32515,-5.79799,1.8687238861386137,0.9054459797377444,0.0,2.80924,2.80924,66.5229929724494,32.23232309691608,0.0,100.0,100.0,3.9307199377959536,0.3200447393201981,2.749876,4.200149,2.749876,-3.8677395048439154e-05,0.0005162564112082123,-0.010540999999999912,0.007441000000000031,-0.0002436781485468245,0.0028810343342158245,-0.020460000000000034,0.020459999999999923,ISC_BD_0.8CC_2.0CD_30ohm.csv,0,Normal,CC,0.8,2.0,30,CC_CC0.8_CD2.0_30ohm
0.0023364601207502144,3.4794626978474863,-5.80915,2.33073,-5.79799,1.466276789005402,0.828892157684198,0.0,2.71662,2.71662,53.99302154432793,30.523355299416934,0.0,100.0,100.0,3.7893289221480777,0.31441250345155647,2.749876,4.200149,2.749876,-5.764828353464708e-05,0.0006695402715852277,-0.012400999999999662,0.00682000000000027,-0.000274642403051494,0.0032806452083236786,-0.02976000000000001,0.02790999999999988,ISC_BD_0.8CC_2.0CD_20ohm.csv,0,Normal,CC,0.8,2.0,20,CC_CC0.8_CD2.0_20ohm
-0.009417057624521065,3.05263402731452,-2.898996,4.348958,-2.898996,1.4956733175478927,0.7971390501402764,0.0,2.582428,2.582428,58.02443975478927,30.9447389493267,0.0,100.0,100.0,3.7869837190804603,0.37316964931133473,2.749566,4.200149,2.749566,-9.115698298328989e-05,0.0008839728786429825,-0.00837000000000021,0.015500999999999987,-0.0005778830292810055,0.003033611661524062,-0.15563099999999963,0.0006209999999997606,ISC_BD_1.5CC_1.0CD_10ohm.csv,0,Normal,CC,1.5,1.0,10,CC_CC1.5_CD1.0_10ohm
-0.0009518667002643159,2.462458366850937,-2.898996,2.319258,-2.898685,1.4105031314098526,0.7974068962057645,0.0,2.638649,2.638649,53.46187166435681,30.224381972349452,0.0,100.0,100.0,3.7625187744739828,0.30779430250996515,2.749256,4.200149,2.749256,-5.125960932577194e-05,0.0007799226334983659,-0.006819999999999826,0.011471000000000231,-0.00021914303717706366,0.0022684001182833547,-0.17702099999999987,0.0006200000000000649,ISC_BD_0.8CC_1.0CD_50ohm.csv,0,Normal,CC,0.8,1.0,50,CC_CC0.8_CD1.0_50ohm
0.030057735140771428,4.374534856317723,-5.81287,4.3657,-5.80357,1.5960500604796664,0.8534621103825242,0.0,2.72405,2.68336,58.84520544316996,31.39129181236465,0.0,100.0,100.0,3.8235456271115744,0.3639936614768918,2.749876,4.200459,2.749876,-8.415084498226585e-05,0.0007838246341917959,-0.011160999999999976,0.013641000000000236,-0.0007878239098685583,0.0043710129889939315,-0.02232000000000056,0.022319999999999895,ISC_BD_1.5CC_2.0CD_10ohm.csv,0,Normal,CC,1.5,2.0,10,CC_CC1.5_CD2.0_10ohm
-0.0015922517978326281,2.0057119105049432,-2.898996,1.449591,-2.89881,1.3237062623316114,0.7591048249814586,0.0,2.565429,2.565429,51.64785268915223,29.619917354385596,0.0,100.0,100.0,3.7649844727033326,0.28215000137212437,2.748946,4.200149,2.748946,-4.619987843176984e-05,0.0005949042258695451,-0.007750999999999841,0.00527000000000033,-8.807820889474218e-05,0.0006234317225057445,-0.03794699999999995,0.00037200000000003897,ISC_BD_0.5CC_1.0CD_200ohm.csv,0,Normal,CC,0.5,1.0,200,CC_CC0.5_CD1.0_200ohm
-0.000987647110663361,2.463197340948138,-2.898996,2.319258,-2.898685,1.411052032733224,0.7983006463709986,0.0,2.641285,2.640287,53.430743837341055,30.227375009003985,0.0,100.0,100.0,3.7621319725544504,0.30830587577823926,2.749256,4.200149,2.749256,-5.059627250975951e-05,0.0007628808099451168,-0.0065109999999997115,0.011471000000000231,-0.00021897771061579144,0.0023526627381708735,-0.188183,0.0012400000000000189,ISC_BD_0.8CC_1.0CD_500ohm.csv,0,Normal,CC,0.8,1.0,500,CC_CC0.8_CD1.0_500ohm
0.03279308304686104,3.7712462649492267,-5.80915,2.90365,-5.79799,1.508741470960738,0.8401926378666968,0.0,2.72507,2.66218,55.697194952053565,30.943905744396712,0.0,100.0,100.0,3.8039849525963456,0.3356635302872976,2.749876,4.200459,2.749876,-6.570733031674203e-05,0.000727691287331656,-0.013330999999999538,0.009611000000000036,-0.0004205049773755656,0.002993646503265716,-0.02417999999999987,0.02417999999999987,ISC_BD_1.0CC_2.0CD_200ohm.csv,0,Normal,CC,1.0,2.0,200,CC_CC1.0_CD2.0_200ohm
0.026681729494222605,3.901252748422619,-4.640997,4.640997,-4.640067,1.5711336158363327,0.8197422743805408,0.0,2.63357,2.590738,59.96802623602955,31.189969817975918,0.0,100.0,100.0,3.8213518029929916,0.39230728176116575,2.749876,4.200149,2.749876,-8.242505211294292e-05,0.0008062144324375341,-0.009300999999999782,0.013330999999999982,-0.000769556566230813,0.002072326001971512,-0.07657500000000006,0.0015500000000000513,ISC_BD_1.6CC_1.6CD_500ohm.csv,0,Normal,CC,1.6,1.6,500,CC_CC1.6_CD1.6_500ohm
0.038022445859872814,4.271966660044264,-4.3564,5.81287,-4.34896,1.590321585987261,0.8430476225511326,0.0,2.69538,2.65602,59.32695297239916,31.350587117966555,0.0,100.0,100.0,3.8081636169851385,0.3726383265312428,2.749876,4.200149,2.749876,-0.00011010025488530155,0.0008971069312620503,-0.008989999999999831,0.017981999999999942,-0.001108642735768904,0.0043255068123369015,-0.033479999999999954,0.02417999999999987,ISC_BD_2.0CC_1.5CD_300ohm.csv,0,Normal,CC,2.0,1.5,300,CC_CC2.0_CD1.5_300ohm
-0.011134631456423837,1.4229552576638012,-1.449591,1.449591,-1.449405,1.3821283744361996,0.7945758281406984,0.0,2.725256,2.725256,51.11892610213881,29.401765102992275,0.0,100.0,100.0,3.7391844348901495,0.276817990320714,2.749876,4.200149,2.749876,-3.166967403958086e-05,0.0004267003254569518,-0.0037200000000003897,0.004650000000000265,-6.329874854481956e-05,0.0005419842424929255,-0.042969000000000035,0.0014880000000000448,ISC_BD_0.5CC_0.5CD_500ohm.csv,0,Normal,CC,0.5,0.5,500,CC_CC0.5_CD0.5_500ohm
0.012130787789628871,3.6318640908354496,-4.05909,4.0594,-4.05909,1.4876528659433614,0.810152033997997,0.0,2.6113,2.586534,57.16994437293122,31.084775481414457,0.0,100.0,100.0,3.7926298002942254,0.3473024297908051,2.749566,4.200149,2.749566,-9.335963944076515e-05,0.0010951485874917712,-0.010541000000000356,0.01581100000000024,-0.0006406848785871965,0.005497266712270535,-0.33544200000000046,0.0003100000000006986,ISC_BD_1.4CC_1.4CD_1000ohm.csv,0,Normal,CC,1.4,1.4,1000,CC_CC1.4_CD1.4_1000ohm
0.06917495215311022,4.376523615614486,-5.80357,4.35268,-5.79613,1.5734181361461506,0.8457480193208543,0.0,2.70861,2.61582,58.66885,31.358018809556537,0.0,100.0,100.0,3.821066415180514,0.36795540965289164,2.749876,4.200149,2.749876,-8.769038294168851e-05,0.0008699991978302531,-0.01116000000000028,0.016740999999999673,-0.0008199738903394257,0.003629499208460381,-0.020469999999999988,0.01860000000000006,ISC_BD_1.5CC_2.0CD_600ohm.csv,0,Normal,CC,1.5,2.0,600,CC_CC1.5_CD2.0_600ohm
-0.002338034304874999,2.460858772253126,-2.608445,2.608445,-2.607701,1.390328356074284,0.785611820566607,0.0,2.588859,2.588859,53.733183028114524,30.365188267872867,0.0,100.0,100.0,3.7581023867681194,0.30697345530108594,2.749876,4.200149,2.749876,-6.0508384932920585e-05,0.0006841969375048849,-0.007130999999999776,0.008990999999999971,-0.0002620291537667699,0.0019412653032504596,-0.12630199999999991,0.0044640000000000235,ISC_BD_0.9CC_0.9CD_900ohm.csv,0,Normal,CC,0.9,0.9,900,CC_CC0.9_CD0.9_900ohm
-0.01690057088559499,2.463416525134689,-2.610987,2.610987,-2.609127,1.4172885523881917,0.7991771279058338,0.0,2.655016,2.655016,53.736408209806164,30.336013455443116,0.0,100.0,100.0,3.7656581976434818,0.30199654576280643,2.749566,4.200149,2.749566,-6.851780509441131e-05,0.0007533548500338125,-0.008061000000000096,0.00961000000000034,-0.00025753136484602717,0.0024686191069982024,-0.17733100000000013,0.0021700000000000053,ISC_BD_0.9CC_0.9CD_10ohm.csv,0,Normal,CC,0.9,0.9,10,CC_CC0.9_CD0.9_10ohm
0.005097726724007782,2.923131978361406,-3.190414,3.190414,-3.190104,1.4399876982043156,0.7978277856970625,0.0,2.592525,2.577443,55.671640123736225,30.81939976541187,0.0,100.0,100.0,3.7865385774860427,0.3278278266056452,2.749566,4.200149,2.749566,-8.221947169811325e-05,0.0008395664757979202,-0.0080600000000004,0.014260999999999857,-0.0003942516226415094,0.003468547218461016,-0.2269340000000004,0.0009299999999998754,ISC_BD_1.1CC_1.1CD_600ohm.csv,0,Normal,CC,1.1,1.1,600,CC_CC1.1_CD1.1_600ohm
-0.0012148047384322907,3.212139413654316,-2.898996,4.348958,-2.898685,1.4827041863571315,0.819941672398396,0.0,2.655902,2.649137,55.89344768643663,30.895655646705283,0.0,100.0,100.0,3.7713695698839245,0.3279575875609674,2.749876,4.200149,2.749876,-8.69357404167329e-05,0.0008459706724380633,-0.0065109999999997115,0.015191000000000177,-0.0005995260060442182,0.004298221646030513,-0.2694070000000002,0.0009299999999994313,ISC_BD_1.5CC_1.0CD_800ohm.csv,0,Normal,CC,1.5,1.0,800,CC_CC1.5_CD1.0_800ohm
-0.013314367734647793,2.284483158116806,-1.449033,4.351129,-1.448723,1.4476564835695214,0.8103830207737148,0.0,2.679381,2.679381,54.209640306017654,30.3912079817277,0.0,100.0,100.0,3.7379313501745743,0.31837828678544283,2.749876,4.200149,2.749876,-6.107405505341002e-05,0.0006894056435113376,-0.004650000000000265,0.017672000000000132,-0.0003876840591618735,0.0037243463406806013,-0.2749869999999994,0.0009310000000004592,ISC_BD_1.5CC_0.5CD_30ohm.csv,0,Normal,CC,1.5,0.5,30,CC_CC1.5_CD0.5_30ohm
0.0055536109143594975,3.268331806682883,-4.347098,2.898996,-4.346478,1.472152367675467,0.8151967718489699,0.0,2.645522,2.632066,55.73632186091436,30.845674672643543,0.0,100.0,100.0,3.793162786381198,0.33039441327837793,2.749566,4.200149,2.749566,-6.654685990338165e-05,0.0008841749763302046,-0.009611000000000036,0.013330999999999982,-0.00037322206119162646,0.0029049781011021717,-0.177022,0.0006209999999997606,ISC_BD_1.0CC_1.5CD_30ohm.csv,0,Normal,CC,1.0,1.5,30,CC_CC1.0_CD1.5_30ohm
-0.0010710283812632555,2.471378708299986,-2.898438,2.319197,-2.898252,1.4149712831847292,0.8028432217136133,0.0,2.658238,2.658238,53.237285231696596,30.206997192055837,0.0,100.0,100.0,3.760867907572523,0.29923608569717164,2.749256,4.200149,2.749256,-5.346765481723402e-05,0.0006560921193594795,-0.005891000000000091,0.007439999999999891,-0.00021879361889209898,0.0021294551010473083,-0.16815399999999991,0.0013019999999999143,ISC_BD_0.8CC_1.0CD_800ohm.csv,0,Normal,CC,0.8,1.0,800,CC_CC0.8_CD1.0_800ohm
0.020130382178973585,3.855985008269998,-4.349578,4.349268,-4.348958,1.5236732427017745,0.8262690464888082,0.0,2.657754,2.623877,57.59383608090059,31.164008618258997,0.0,100.0,100.0,3.8039117605418813,0.344559196547049,2.749256,4.200149,2.749256,-9.03607558694407e-05,0.0010770938160699559,-0.011160999999999976,0.015191000000000177,-0.0007195134567665585,0.003999254328138972,-0.18818299999999955,0.0009300000000003195,ISC_BD_1.5CC_1.5CD_500ohm.csv,0,Normal,CC,1.5,1.5,500,CC_CC1.5_CD1.5_500ohm
-0.016011404104007775,1.42092094860828,-1.449033,1.449033,-1.448847,1.3565885642640194,0.7793878539155598,0.0,2.681146,2.681146,51.18188847322024,29.424364724706447,0.0,100.0,100.0,3.7407828429513295,0.2745022784641113,2.749876,4.200149,2.749876,-3.5418981995999116e-05,0.0004557904960218387,-0.005889999999999951,0.004650000000000265,-6.444335778321109e-05,0.0011895234010629162,-0.13002200000000008,0.0022320000000000118,ISC_BD_0.5CC_0.5CD_700ohm.csv,0,Normal,CC,0.5,0.5,700,CC_CC0.5_CD0.5_700ohm
-0.005583980470551847,3.0746275527291878,-2.898996,4.348958,-2.898996,1.498281517453483,0.8029511878039831,0.0,2.593654,2.593654,57.77088871290174,30.96095702419768,0.0,100.0,100.0,3.7831399329540214,0.36815378538914806,2.748946,4.200149,2.748946,-8.593370250730655e-05,0.0009261329021113144,-0.009611000000000036,0.017980999999999803,-0.0005797912628826335,0.003136244805489179,-0.1599700000000004,0.0006209999999997606,ISC_BD_1.5CC_1.0CD_30ohm.csv,0,Normal,CC,1.5,1.0,30,CC_CC1.5_CD1.0_30ohm
0.027889257904761985,3.9174917046343505,-4.639757,4.639447,-4.639137,1.5664852870476191,0.8200528246646444,0.0,2.632007,2.594074,59.79319986666667,31.214990033196017,0.0,100.0,100.0,3.8183388405714282,0.39071566491793414,2.749876,4.200149,2.749876,-8.140377286585368e-05,0.0008157639882850355,-0.009609999999999896,0.014880999999999922,-0.0007733955792682928,0.0023357620424192824,-0.10943699999999978,0.0012400000000000189,ISC_BD_1.6CC_1.6CD_50ohm.csv,0,Normal,CC,1.6,1.6,50,CC_CC1.6_CD1.6_50ohm
-0.004926415573204388,1.7560065567700622,-1.449405,2.319197,-1.448847,1.4262839331837018,0.8148792332573114,0.0,2.735191,2.735191,52.281998679212705,29.885450272895643,0.0,100.0,100.0,3.7370502899689226,0.2916215573340248,2.749876,4.200149,2.749876,-3.977637713693667e-05,0.0005203128825968184,-0.0049600000000000755,0.007750000000000146,-0.00015021326195821102,0.0014477337673605795,-0.13281300000000007,0.0040919999999999845,ISC_BD_0.8CC_0.5CD_300ohm.csv,0,Normal,CC,0.8,0.5,300,CC_CC0.8_CD0.5_300ohm
0.08779737383401104,4.596313451117592,-5.51339,5.51711,-5.50967,1.5440042788806503,0.806074165432315,0.0,2.58718,2.47875,60.45656347763693,31.288421297407744,0.0,100.0,100.0,3.8376601353743123,0.38621783115176983,2.749876,4.200459,2.749876,-0.00011439363484087108,0.0009684341743211045,-0.011781000000000041,0.015810999999999797,-0.00117820770519263,0.003891032942106769,-0.027900000000000036,0.022319999999999895,ISC_BD_1.9CC_1.9CD_900ohm.csv,0,Normal,CC,1.9,1.9,900,CC_CC1.9_CD1.9_900ohm
0.024981581766381888,3.9028155790134194,-4.639757,4.639447,-4.639137,1.5669068431149098,0.8174439435347549,0.0,2.625264,2.588918,59.949959487179484,31.191904969311235,0.0,100.0,100.0,3.820413501804368,0.39270971842110086,2.749876,4.200149,2.749876,-8.276211286338596e-05,0.0008120443375288953,-0.008061000000000096,0.017050999999999927,-0.0007713091392741781,0.0022734498115453447,-0.10261699999999951,0.001550999999999969,ISC_BD_1.6CC_1.6CD_100ohm.csv,0,Normal,CC,1.6,1.6,100,CC_CC1.6_CD1.6_100ohm
-0.008268224094943561,1.9597119934648162,-2.029576,2.029576,-2.029204,1.4065633684053054,0.8042017449087961,0.0,2.707697,2.707697,52.16386783684053,29.83956845709702,0.0,100.0,100.0,3.7507552785479206,0.28840135128411604,2.749566,4.200149,2.749566,-4.465516209476302e-05,0.0005454892048018516,-0.0043400000000000105,0.005580999999999836,-0.000144708927680798,0.0010569791764809282,-0.07998499999999997,0.0007440000000000779,ISC_BD_0.7CC_0.7CD_1000ohm.csv,0,Normal,CC,0.7,0.7,1000,CC_CC0.7_CD0.7_1000ohm
0.004275516689847004,3.4134322833984347,-3.770771,3.770771,-3.770151,1.4686300173852576,0.807276912503916,0.0,2.606192,2.594091,56.45158913421419,31.00802864852404,0.0,100.0,100.0,3.7880103758692627,0.33689013935861967,2.748326,4.200149,2.748326,-8.788382608695662e-05,0.0010664387154922543,-0.012711000000000361,0.017360999999999738,-0.0005547467826086956,0.003769964368570235,-0.1922119999999996,0.0009309999999999041,ISC_BD_1.3CC_1.3CD_700ohm.csv,0,Normal,CC,1.3,1.3,700,CC_CC1.3_CD1.3_700ohm
-0.01877881335830222,1.6765007183299825,-1.739397,1.739397,-1.738839,1.3471417965935437,0.7684272252190684,0.0,2.60992,2.60992,52.23121297485287,29.832245827292116,0.0,100.0,100.0,3.743029388621366,0.297621467651582,2.749876,4.200149,2.749876,-4.451765965037459e-05,0.00044573464403496255,-0.0043400000000000105,0.005269999999999886,-0.00010339154477345702,0.0005828382780838047,-0.03310999999999997,0.0007439999999999669,ISC_BD_0.6CC_0.6CD_400ohm.csv,0,Normal,CC,0.6,0.6,400,CC_CC0.6_CD0.6_400ohm
0.0349324684460994,4.268071742994235,-4.35082,5.80357,-4.3471,1.6005397061866335,0.8483451368773728,0.0,2.71123,2.67174,59.35830575212083,31.36288254081326,0.0,100.0,100.0,3.8090325073453344,0.37134536591879663,2.749876,4.200459,2.749876,-0.00010511550403643149,0.0008875661082949782,-0.008990999999999971,0.016741000000000117,-0.0010796460360173875,0.004058378509610951,-0.024190000000000156,0.02976000000000001,ISC_BD_2.0CC_1.5CD_20ohm.csv,0,Normal,CC,2.0,1.5,20,CC_CC2.0_CD1.5_20ohm
-0.00025043470926762896,2.0082638608659757,-2.898996,1.449405,-2.89881,1.3510184474102005,0.7757047518793768,0.0,2.621855,2.621797,51.52945974399683,29.58628456951825,0.0,100.0,100.0,3.7550602212740625,0.2773058634743807,2.749876,4.200149,2.749876,-4.064470027788802e-05,0.0005512129342288965,-0.008680000000000021,0.004649999999999821,-8.634160381103613e-05,0.0007032468439272514,-0.05450200000000005,0.0016740000000000643,ISC_BD_0.5CC_1.0CD_600ohm.csv,0,Normal,CC,0.5,1.0,600,CC_CC0.5_CD1.0_600ohm
-0.004204682289844993,2.840197430795282,-5.81287,1.45833,-5.79799,1.4115320240177216,0.8102525882924502,0.0,2.73009,2.73009,51.76218407368544,29.713646408896988,0.0,100.0,100.0,3.771283751428238,0.2914200296300208,2.749876,4.200459,2.749876,-3.214087463556852e-05,0.0005459651281321938,-0.011781000000000041,0.004650000000000265,-9.869970845481052e-05,0.0025793395858360576,-0.02976000000000001,0.020469999999999988,ISC_BD_0.5CC_2.0CD_20ohm.csv,0,Normal,CC,0.5,2.0,20,CC_CC0.5_CD2.0_20ohm
-0.0060212434636178905,2.5220443613959675,-5.80357,1.46019,-5.79799,1.7388379260834885,0.9170553318225676,0.0,2.85006,2.85006,61.213885580076216,32.29431546414185,0.0,100.0,100.0,3.8819718715767086,0.3117820687701244,2.749876,4.200149,2.749876,-2.333188547114617e-05,0.00044856908485182674,-0.00992100000000029,0.004650000000000265,-0.00012416186508288276,0.002347203940583253,-0.020469999999999988,0.018600000000000172,ISC_BD_0.5CC_2.0CD_50ohm.csv,0,Normal,CC,0.5,2.0,50,CC_CC0.5_CD2.0_50ohm
0.06804215608465589,4.356862916904264,-5.80171,4.35268,-5.79799,1.5438555511463845,0.826315702571861,0.0,2.64764,2.56105,58.85988148148148,31.33326362524214,0.0,100.0,100.0,3.8270498384038802,0.3699641972781915,2.749876,4.200459,2.749876,-9.545368328187037e-05,0.0008592332759990549,-0.013949999999999907,0.013330999999999982,-0.0008315968239964711,0.0035677564873721123,-0.024179999999999424,0.01860000000000006,ISC_BD_1.5CC_2.0CD_900ohm.csv,0,Normal,CC,1.5,2.0,900,CC_CC1.5_CD2.0_900ohm
0.011717249037226955,3.273512858398642,-4.347098,2.898685,-4.346478,1.4792325186136073,0.8204975311625559,0.0,2.668307,2.646613,55.580104204107826,30.800450433091527,0.0,100.0,100.0,3.790120231867779,0.3302260118964397,2.749566,4.200149,2.749566,-6.339727126805778e-05,0.0008827620953357156,-0.009300999999999782,0.013330999999999982,-0.00037212327447833066,0.00309159365633666,-0.19934299999999983,0.000620000000000509,ISC_BD_1.0CC_1.5CD_50ohm.csv,0,Normal,CC,1.0,1.5,50,CC_CC1.0_CD1.5_50ohm
0.0035827701554737744,3.168302629679018,-3.479353,3.479973,-3.479043,1.4718889608911683,0.8131127932366283,0.0,2.634232,2.620909,55.98549281936207,30.904955400180608,0.0,100.0,100.0,3.790020307741625,0.33002189328324727,2.749876,4.200149,2.749876,-8.614141414141428e-05,0.0009521633217175063,-0.00961100000000048,0.016430999999999862,-0.000464955266955267,0.003759044528456451,-0.23468500000000025,0.0006200000000000649,ISC_BD_1.2CC_1.2CD_600ohm.csv,0,Normal,CC,1.2,1.2,600,CC_CC1.2_CD1.2_600ohm
-0.011542209360042525,1.6778485682008801,-1.739397,1.739397,-1.739025,1.3564362614784613,0.7742392770305395,0.0,2.618151,2.618151,52.19304954795249,29.816545508459345,0.0,100.0,100.0,3.7407523039354724,0.2970795971098869,2.749876,4.200149,2.749876,-3.9686968085106334e-05,0.00046073524772644254,-0.004651000000000405,0.005579999999999696,-0.00010276826241134752,0.0005686880134013403,-0.02976100000000015,0.0013020000000000254,ISC_BD_0.6CC_0.6CD_600ohm.csv,0,Normal,CC,0.6,0.6,600,CC_CC0.6_CD0.6_600ohm
-0.009344223655668556,2.2061918795927102,-2.318825,2.318825,-2.318639,1.4000436818129922,0.7938476123417397,0.0,2.645228,2.645228,53.15584001598356,30.16093084833771,0.0,100.0,100.0,3.760492510560567,0.29835331142104343,2.748946,4.200149,2.748946,-5.551113394998289e-05,0.0007080083353300502,-0.008990999999999971,0.008990999999999971,-0.00019856571885348866,0.0016632836458904455,-0.12369800000000009,0.0011160000000000059,ISC_BD_0.8CC_0.8CD_1000ohm.csv,0,Normal,CC,0.8,0.8,1000,CC_CC0.8_CD0.8_1000ohm
-0.0037488511404559113,3.0121337191873665,-4.349578,2.320189,-4.349578,1.3885501161464584,0.7829905199878008,0.0,2.574459,2.574459,53.98427977190877,30.44420650686536,0.0,100.0,100.0,3.785971573829531,0.31181492032699215,2.749256,4.200149,2.749256,-6.747658360852598e-05,0.0008549940262038062,-0.012710999999999917,0.009920999999999847,-0.000261250675472831,0.0027695252633911,-0.19903199999999988,0.0006209999999997606,ISC_BD_0.8CC_1.5CD_400ohm.csv,0,Normal,CC,0.8,1.5,400,CC_CC0.8_CD1.5_400ohm
-0.0026171635910224697,2.009192321214949,-2.89881,1.449405,-2.89881,1.3442548504738154,0.7714098089949218,0.0,2.613706,2.613706,51.530057566084785,29.573540292162644,0.0,100.0,100.0,3.756694806284289,0.2811381267272907,2.749566,4.200149,2.749566,-3.8013967873890094e-05,0.0005593341424426395,-0.009610999999999592,0.004649999999999821,-8.692806544946623e-05,0.0006601839306620343,-0.04910700000000001,0.0005580000000000584,ISC_BD_0.5CC_1.0CD_500ohm.csv,0,Normal,CC,0.5,1.0,500,CC_CC0.5_CD1.0_500ohm
0.007423025678435955,3.010882594861065,-4.349578,2.319879,-4.349578,1.4298797897578057,0.8062748502946259,0.0,2.657475,2.644528,53.8837826378757,30.37238673939179,0.0,100.0,100.0,3.775258944995623,0.30840357739756874,2.749876,4.200149,2.749876,-5.3932282545242314e-05,0.000919162645322491,-0.011470000000000091,0.011779999999999902,-0.0002541873905429071,0.0026613093343581446,-0.19562199999999974,0.0009299999999998754,ISC_BD_0.8CC_1.5CD_800ohm.csv,0,Normal,CC,0.8,1.5,800,CC_CC0.8_CD1.5_800ohm
0.0289946452026271,3.4558015320384703,-5.81659,2.33631,-5.80357,1.47824622457152,0.8350793844770015,0.0,2.74292,2.6878,54.151180297933685,30.54669330841514,0.0,100.0,100.0,3.7891685619093383,0.32727754718179386,2.749876,4.200149,2.749876,-4.927719916680023e-05,0.000657677645939734,-0.011469999999999647,0.007441000000000031,-0.0002822512417881749,0.0030982732078047768,-0.020460000000000145,0.024180000000000312,ISC_BD_0.8CC_2.0CD_700ohm.csv,0,Normal,CC,0.8,2.0,700,CC_CC0.8_CD2.0_700ohm
0.08017070911722154,4.639378583705313,-5.51525,5.51525,-5.50595,1.5401518644476604,0.8098869704021271,0.0,2.5911,2.49441,60.14141999517607,31.382913442307366,0.0,100.0,100.0,3.829195411963338,0.3858202645090839,2.749876,4.200149,2.749876,-0.00011767881274131277,0.0009502338459220212,-0.013330999999999982,0.016121000000000052,-0.0011877099420849423,0.004065603245910834,-0.02417999999999987,0.027900000000000036,ISC_BD_1.9CC_1.9CD_400ohm.csv,0,Normal,CC,1.9,1.9,400,CC_CC1.9_CD1.9_400ohm
0.006672626790831035,3.0317551877511257,-4.348338,4.348028,-4.347408,1.9402871639207258,0.8501201890111318,0.0,2.744132,2.72084,70.82097281518624,30.963469506250973,0.0,100.0,100.0,3.945084627507163,0.3549912824543645,2.749566,4.200149,2.749566,-6.056747074277524e-05,0.000793999188901627,-0.008059999999999956,0.01860100000000031,-0.0005121953666109387,0.0029722378245121044,-0.17113099999999992,0.0018600000000000005,ISC_BD_1.5CC_1.5CD_20ohm.csv,0,Normal,CC,1.5,1.5,20,CC_CC1.5_CD1.5_20ohm
0.025601385606874586,3.7697823109966464,-5.80729,2.90365,-5.80171,1.501176872538489,0.8346519223732999,0.0,2.69977,2.66614,55.783070927318285,30.977011929741103,0.0,100.0,100.0,3.8042084532760474,0.3364669881802394,2.749876,4.200149,2.749876,-6.790007163323786e-05,0.0007132037927913291,-0.011471000000000231,0.008369999999999767,-0.0004163950573065902,0.00303468838726946,-0.02976000000000001,0.026040000000000063,ISC_BD_1.0CC_2.0CD_30ohm.csv,0,Normal,CC,1.0,2.0,30,CC_CC1.0_CD2.0_30ohm
0.05506143811987914,4.37183286180401,-5.80357,4.3564,-5.79985,1.5826337106511428,0.8482685846427369,0.0,2.71359,2.64187,58.769519879258304,31.363817046366165,0.0,100.0,100.0,3.823092486847779,0.3660096039436509,2.749876,4.200149,2.749876,-9.168183779119934e-05,0.0008455855883400143,-0.012401000000000106,0.012401000000000106,-0.0008153062985332183,0.0035840125243298713,-0.02232999999999974,0.01859999999999995,ISC_BD_1.5CC_2.0CD_500ohm.csv,0,Normal,CC,1.5,2.0,500,CC_CC1.5_CD2.0_500ohm
-0.013917035349800275,1.4219416691383397,-1.449033,1.449219,-1.448847,1.3586345349800326,0.7811073851015817,0.0,2.682659,2.682659,51.137527111374055,29.416504066540817,0.0,100.0,100.0,3.7402802844253804,0.27395641045070235,2.749876,4.200149,2.749876,-3.496900887573964e-05,0.0004359461937086163,-0.0040300000000002,0.005580999999999836,-6.429245562130178e-05,0.0011240386614641167,-0.12239599999999995,0.00279000000000007,ISC_BD_0.5CC_0.5CD_900ohm.csv,0,Normal,CC,0.5,0.5,900,CC_CC0.5_CD0.5_900ohm
0.006465896278317119,3.182542688163546,-3.479353,3.479353,-3.479043,1.4628224085760515,0.8103126272839726,0.0,2.628556,2.614163,55.77097936893203,30.869124898608163,0.0,100.0,100.0,3.7814536466019417,0.3281954338435515,2.749256,4.200459,2.749256,-7.908562641631611e-05,0.0009541822248720743,-0.010540999999999912,0.015191000000000177,-0.00046949595338297186,0.004038859191422867,-0.2582469999999999,0.0006200000000000649,ISC_BD_1.2CC_1.2CD_200ohm.csv,0,Normal,CC,1.2,1.2,200,CC_CC1.2_CD1.2_200ohm
0.01057947543276802,3.569926992832214,-2.91667,5.81101,-2.89993,1.531463567057178,0.8315244655690618,0.0,2.68309,2.67364,57.17620620737891,31.021079789503016,0.0,100.0,100.0,3.7797695441510757,0.35340169758674167,2.749876,4.200459,2.749876,-0.00011198023438866541,0.0007039002244823637,-0.00682100000000041,0.017670999999999992,-0.0009097236312751442,0.005885958106182879,-0.05580000000000007,0.05580000000000007,ISC_BD_2.0CC_1.0CD_1000ohm.csv,0,Normal,CC,2.0,1.0,1000,CC_CC2.0_CD1.0_1000ohm
-0.009853107498204759,2.281781556002816,-1.449343,4.351129,-1.448723,1.4481103404451738,0.8103361635536461,0.0,2.671517,2.671517,54.337390470817525,30.439923936887862,0.0,100.0,100.0,3.7384403846548366,0.3188175520459505,2.749566,4.200149,2.749566,-6.154591156253201e-05,0.000690918877407031,-0.0037210000000000854,0.018600999999999868,-0.00038699210013337437,0.0036967874494453464,-0.2694069999999993,0.0009310000000004592,ISC_BD_1.5CC_0.5CD_10ohm.csv,0,Normal,CC,1.5,0.5,10,CC_CC1.5_CD0.5_10ohm
0.0012187059569074823,2.7095677925738846,-2.898252,2.898252,-2.897694,1.4102712282777075,0.7928699447431141,0.0,2.596287,2.592664,54.35042957329954,30.551355725806392,0.0,100.0,100.0,3.7545632561611035,0.3215289273826095,2.749566,4.200149,2.749566,-6.493858289899995e-05,0.0007234238534508283,-0.006200999999999901,0.009300000000000086,-0.0003266410762079167,0.002812875817374703,-0.20740399999999992,0.0007440000000000779,ISC_BD_1.0CC_1.0CD_200ohm.csv,0,Normal,CC,1.0,1.0,200,CC_CC1.0_CD1.0_200ohm
-0.01681726832700178,2.6742060029578187,-2.900236,2.900236,-2.899926,1.4039807600956804,0.7802856904352199,0.0,2.566278,2.566278,55.08348856057408,30.657739947843233,0.0,100.0,100.0,3.770935072182355,0.33753762688883393,2.748946,4.200149,2.748946,-7.797396199859249e-05,0.0008005301792405356,-0.010231000000000101,0.011159999999999837,-0.00032660084447572136,0.002203104770305249,-0.13516899999999987,0.0006200000000000649,ISC_BD_1.0CC_1.0CD_10ohm.csv,0,Normal,CC,1.0,1.0,10,CC_CC1.0_CD1.0_10ohm
-0.016053053929954077,1.751133738644612,-1.449591,2.31901,-1.449219,1.3679431418024668,0.7796410757202209,0.0,2.631308,2.631308,52.397251075898076,29.907582639671876,0.0,100.0,100.0,3.7363876847033404,0.29307233110519954,2.749876,4.200149,2.749876,-4.7375416479063496e-05,0.0004740968411954687,-0.00434100000000015,0.007130000000000081,-0.00015664871679423682,0.001332085843142693,-0.11309600000000009,0.0009299999999999864,ISC_BD_0.8CC_0.5CD_700ohm.csv,0,Normal,CC,0.8,0.5,700,CC_CC0.8_CD0.5_700ohm
0.04073011145623988,3.774306505896635,-5.80729,2.90551,-5.79799,1.5010478567513248,0.8366810900311913,0.0,2.71923,2.64125,55.614110908094275,30.90822004470678,0.0,100.0,100.0,3.801656897131372,0.3360467256704228,2.749876,4.200149,2.749876,-7.190915737525133e-05,0.0007100364346615299,-0.013020999999999727,0.008990999999999971,-0.00042193566075671726,0.0032966049734921036,-0.029770000000000074,0.020460000000000145,ISC_BD_1.0CC_2.0CD_700ohm.csv,0,Normal,CC,1.0,2.0,700,CC_CC1.0_CD2.0_700ohm
0.00023006497686583902,2.2667734331350324,-1.449033,4.351129,-1.448723,1.4713727374773689,0.8220923963089684,0.0,2.703456,2.694937,54.53177431100382,30.451109803615896,0.0,100.0,100.0,3.7470455871052106,0.3225778797189418,2.749566,4.200459,2.749566,-5.5859657947686136e-05,0.0006811897249037289,-0.0049600000000000755,0.016121999999999748,-0.0003794780684104628,0.0033228246265735607,-0.2504970000000002,0.0009300000000000974,ISC_BD_1.5CC_0.5CD_500ohm.csv,0,Normal,CC,1.5,0.5,500,CC_CC1.5_CD0.5_500ohm
0.06959771511910567,4.889500269072664,-5.80543,5.80357,-5.79799,1.6066357924161399,0.8439448731690214,0.0,2.69565,2.6093,60.205369761789015,31.418177164169368,0.0,100.0,100.0,3.833091495867768,0.37889246907152113,2.749876,4.200459,2.749876,-0.00011897154669260702,0.0010020734278834607,-0.013021000000000171,0.016741000000000117,-0.0012684265564202337,0.004473531295026704,-0.02417999999999987,0.02417999999999987,ISC_BD_2.0CC_2.0CD_400ohm.csv,0,Normal,CC,2.0,2.0,400,CC_CC2.0_CD2.0_400ohm
0.005345248344371174,2.838914553494646,-5.80915,1.45833,-5.80171,1.4188198852885523,0.8151867747657711,0.0,2.75177,2.72333,51.65956885052034,29.673458278983063,0.0,100.0,100.0,3.7673580540444656,0.2912854462214902,2.749876,4.200769,2.749876,-3.0180506269221707e-05,0.0005737204981952082,-0.014881000000000366,0.005580999999999836,-0.00010297255736929268,0.002706889895110311,-0.027900000000000036,0.029770000000000074,ISC_BD_0.5CC_2.0CD_800ohm.csv,0,Normal,CC,0.5,2.0,800,CC_CC0.5_CD2.0_800ohm
-0.015770136528546665,1.9252483380184395,-1.449405,2.898252,-1.449219,1.3919765626312772,0.78885375105616,0.0,2.639469,2.639469,53.08316409203743,30.137622859532218,0.0,100.0,100.0,3.738644269906435,0.30197251267218533,2.749876,4.200149,2.749876,-5.047584033613443e-05,0.0005297979051060815,-0.00434100000000015,0.009611000000000036,-0.00022155529029793737,0.0019754775658602326,-0.16164500000000004,0.003161999999999998,ISC_BD_1.0CC_0.5CD_700ohm.csv,0,Normal,CC,1.0,0.5,700,CC_CC1.0_CD0.5_700ohm
0.007302318691070482,2.4484706965319556,-4.348958,1.449343,-4.348028,1.3592082474764282,0.7788667648493056,0.0,2.627124,2.605291,51.837058768718805,29.696283258504725,0.0,100.0,100.0,3.7681331871325567,0.2857924807315116,2.749566,4.200149,2.749566,-3.9006102296682564e-05,0.0006244714287459722,-0.00837000000000021,0.007130000000000081,-9.638033950959727e-05,0.0010506039274230164,-0.08463599999999993,0.0031000000000001027,ISC_BD_0.5CC_1.5CD_400ohm.csv,0,Normal,CC,0.5,1.5,400,CC_CC0.5_CD1.5_400ohm
-0.01588873551078359,1.7508888755664986,-1.449777,2.31901,-1.449219,1.3879368399751486,0.7909113544058893,0.0,2.671515,2.671515,52.37170215674092,29.88854455977189,0.0,100.0,100.0,3.7390711099671603,0.29366059476473183,2.749876,4.200149,2.749876,-4.439076786506886e-05,0.00047918315819532327,-0.004959999999999631,0.006819999999999826,-0.00015434123391034178,0.0013680963264487902,-0.12090800000000002,0.0020459999999999923,ISC_BD_0.8CC_0.5CD_800ohm.csv,0,Normal,CC,0.8,0.5,800,CC_CC0.8_CD0.5_800ohm
0.0068496493975904625,3.4109633537286985,-3.770461,3.770771,-3.769841,1.48315986919105,0.8146987887814267,0.0,2.635844,2.616944,56.42326070567987,30.95898403873552,0.0,100.0,100.0,3.7892726934595524,0.33486199678163847,2.749876,4.200149,2.749876,-8.391012396694218e-05,0.0010562603274279346,-0.012399999999999967,0.01581100000000024,-0.0005492603305785124,0.004115695803718589,-0.23964499999999989,0.0006199999999996209,ISC_BD_1.3CC_1.3CD_900ohm.csv,0,Normal,CC,1.3,1.3,900,CC_CC1.3_CD1.3_900ohm
-0.01855662574626875,1.9232075527196324,-1.450273,2.899926,-1.449033,1.4268532100746267,0.806895958065954,0.0,2.704831,2.704831,53.14629747201493,30.116518191986234,0.0,100.0,100.0,3.741512668190299,0.30125509534079775,2.749876,4.200149,2.749876,-5.310654972942716e-05,0.0006488973262920799,-0.006820999999999966,0.012089999999999712,-0.00021630238850531814,0.002225054448622279,-0.17919200000000002,0.0009299999999998754,ISC_BD_1.0CC_0.5CD_30ohm.csv,0,Normal,CC,1.0,0.5,30,CC_CC1.0_CD0.5_30ohm
-0.005598464910314196,2.213293355229249,-2.318825,2.318825,-2.318825,1.425925472869955,0.8106228151368392,0.0,2.702516,2.702516,52.90783124439462,30.090083969113778,0.0,100.0,100.0,3.7577421228699555,0.2978170334901627,2.749876,4.200149,2.749876,-4.828627494954023e-05,0.0006134915036648655,-0.005890000000000395,0.007750000000000146,-0.0001950017941242431,0.001549840097456866,-0.12462799999999996,0.0009299999999999864,ISC_BD_0.8CC_0.8CD_300ohm.csv,0,Normal,CC,0.8,0.8,300,CC_CC0.8_CD0.8_300ohm
0.025090527398655228,4.121667837146384,-4.929006,4.929006,-4.929006,1.5523020588714607,0.8044700943687199,0.0,2.581605,2.539553,60.43759934813609,31.219889049747373,0.0,100.0,100.0,3.82511075942147,0.4000622958316319,2.749566,4.200149,2.749566,-0.00010626716934990842,0.0008855577593799112,-0.00682100000000041,0.015500999999999987,-0.0008861499898104748,0.003536588812223555,-0.15407999999999955,0.0009310000000004592,ISC_BD_1.7CC_1.7CD_700ohm.csv,0,Normal,CC,1.7,1.7,700,CC_CC1.7_CD1.7_700ohm
-0.010852135099454352,1.678869061178072,-1.739397,1.739397,-1.739025,1.3656629321422284,0.7800399991877128,0.0,2.636976,2.636976,52.14581013906002,29.807992550815868,0.0,100.0,100.0,3.740589006688963,0.29672024934854085,2.749876,4.200149,2.749876,-3.856144366197186e-05,0.0004622138891195775,-0.0049600000000005195,0.005889999999999951,-0.00010204454225352114,0.0005823044270538006,-0.03329599999999999,0.00037200000000003897,ISC_BD_0.6CC_0.6CD_900ohm.csv,0,Normal,CC,0.6,0.6,900,CC_CC0.6_CD0.6_900ohm
0.009350561492930209,3.29420023952828,-4.349268,2.900236,-4.348958,1.4471754588951002,0.8059253366341234,0.0,2.625324,2.608167,55.2398411871095,30.740914755125814,0.0,100.0,100.0,3.7862710256494574,0.3228230782637478,2.748946,4.200149,2.748946,-6.832664473684218e-05,0.0009896685372725788,-0.010850999999999722,0.013021000000000171,-0.0003815080592105263,0.0036995312887985864,-0.252977,0.0012400000000000189,ISC_BD_1.0CC_1.5CD_900ohm.csv,0,Normal,CC,1.0,1.5,900,CC_CC1.0_CD1.5_900ohm
-0.014684289280601413,1.6720944775460849,-1.739397,1.739397,-1.739211,1.3417615874194704,0.7645903102161384,0.0,2.585934,2.585934,52.37459023801002,29.878817872389938,0.0,100.0,100.0,3.7420964102541165,0.3036071510755439,2.749566,4.200149,2.749566,-4.225514587435109e-05,0.0004449752034357565,-0.0043400000000000105,0.005580999999999836,-0.00010384302845892252,0.0005424717906631566,-0.027714999999999934,0.0005580000000000584,ISC_BD_0.6CC_0.6CD_700ohm.csv,0,Normal,CC,0.6,0.6,700,CC_CC0.6_CD0.6_700ohm
0.0017369400514902454,3.6286589313581596,-4.057539,4.05816,-4.05692,1.4841034450165504,0.8085275316410243,0.0,2.606549,2.592108,57.05480213313718,31.0551114512741,0.0,100.0,100.0,3.7932199586244946,0.3480472455082012,2.749566,4.200149,2.749566,-9.227593818984543e-05,0.0011347011468070907,-0.013641000000000236,0.01581100000000024,-0.0006400573951434879,0.004055508338329777,-0.21639399999999975,0.0006209999999997606,ISC_BD_1.4CC_1.4CD_900ohm.csv,0,Normal,CC,1.4,1.4,900,CC_CC1.4_CD1.4_900ohm
-0.0048108036257604805,2.467621368111405,-2.898624,2.319197,-2.898252,1.4004488824797163,0.7935992424014366,0.0,2.629346,2.629346,53.368807023326575,30.251160263226808,0.0,100.0,100.0,3.7637058085699797,0.3001270236417982,2.749566,4.200149,2.749566,-5.818272888663451e-05,0.0006632950345162523,-0.00992100000000029,0.007130000000000081,-0.00022047349733705297,0.002084913280738755,-0.16071499999999972,0.0037209999999999743,ISC_BD_0.8CC_1.0CD_200ohm.csv,0,Normal,CC,0.8,1.0,200,CC_CC0.8_CD1.0_200ohm
0.027189969437652825,4.2281743591461245,-4.36198,5.80357,-4.35454,1.6137190403422983,0.8485623901719782,0.0,2.71213,2.66669,59.86763991442543,31.363272215794872,0.0,100.0,100.0,3.8147944692339033,0.3744719536917156,2.749876,4.200459,2.749876,-0.00010395087647778241,0.000889642340160911,-0.0105410000000008,0.018911000000000122,-0.0010635201793721975,0.003920423464886956,-0.022319999999999673,0.018600000000000172,ISC_BD_2.0CC_1.5CD_100ohm.csv,0,Normal,CC,2.0,1.5,100,CC_CC2.0_CD1.5_100ohm
-0.002737114886731492,3.477523357768454,-5.81101,2.32701,-5.80171,1.4413402330097087,0.8145765428406041,0.0,2.67599,2.67599,54.052198398058245,30.55666873438671,0.0,100.0,100.0,3.7921075535598705,0.3167774410900531,2.749876,4.200459,2.749876,-6.674101651019751e-05,0.0006599098448570242,-0.012090999999999852,0.006510000000000016,-0.0002818177403690515,0.003365993061548907,-0.027899999999999814,0.022320000000000118,ISC_BD_0.8CC_2.0CD_50ohm.csv,0,Normal,CC,0.8,2.0,50,CC_CC0.8_CD2.0_50ohm
-0.0004498288288290885,2.670150606613806,-2.900236,2.900236,-2.899926,1.4483721407316408,0.8048272895832328,0.0,2.627775,2.626691,55.12699587769588,30.63117257961804,0.0,100.0,100.0,3.771747847802348,0.33336535529172967,2.749566,4.200149,2.749566,-6.408656471873294e-05,0.0008318347304969336,-0.00992100000000029,0.012400999999999662,-0.0003167502730748225,0.0020991606990281506,-0.132069,0.0006200000000000649,ISC_BD_1.0CC_1.0CD_100ohm.csv,0,Normal,CC,1.0,1.0,100,CC_CC1.0_CD1.0_100ohm
0.05439665066469734,3.776144092852013,-5.80357,2.90365,-5.80171,1.4868537463072378,0.8306814922846445,0.0,2.70145,2.61838,55.47997287666174,30.898181976044587,0.0,100.0,100.0,3.7998523945716394,0.3360423110465729,2.749876,4.200149,2.749876,-6.802789065386046e-05,0.0007306383762656037,-0.013020000000000032,0.009300000000000086,-0.00042946989287033613,0.0029131945570093263,-0.02418000000000009,0.014889999999999848,ISC_BD_1.0CC_2.0CD_900ohm.csv,0,Normal,CC,1.0,2.0,900,CC_CC1.0_CD2.0_900ohm
0.0639428271028038,4.1947297223793765,-4.35268,5.80171,-4.34896,1.5685415526762956,0.8228199408569267,0.0,2.6451,2.55859,60.0063880628717,31.24231433985188,0.0,100.0,100.0,3.8203154609175867,0.3784972078041684,2.749876,4.200149,2.749876,-0.00011185996600085013,0.0008901335095167494,-0.008990999999999971,0.018600999999999868,-0.0011095091372715683,0.004292877623748238,-0.03534000000000059,0.0167400000000002,ISC_BD_2.0CC_1.5CD_900ohm.csv,0,Normal,CC,2.0,1.5,900,CC_CC2.0_CD1.5_900ohm
-0.0009213283469515865,2.4632601994360726,-2.898996,2.319568,-2.898685,1.4134236962916404,0.7995378255461049,0.0,2.645957,2.645957,53.427741609050905,30.223471031703262,0.0,100.0,100.0,3.762224663230672,0.30808566511339625,2.748946,4.200149,2.748946,-5.032503457814665e-05,0.0007998522589611717,-0.008061000000000096,0.010850999999999722,-0.00021880309317238777,0.002385457369167552,-0.190353,0.0006200000000000649,ISC_BD_0.8CC_1.0CD_100ohm.csv,0,Normal,CC,0.8,1.0,100,CC_CC0.8_CD1.0_100ohm
0.03359459112149533,4.682749243378001,-5.51339,5.51525,-5.50967,1.5618568808411215,0.8233215445707951,0.0,2.62046,2.58793,59.84113168224299,31.468870198607416,0.0,100.0,100.0,3.821188813317757,0.38034487591189764,2.749876,4.200149,2.749876,-0.00010826764843384752,0.0009544006148774093,-0.010540000000000216,0.014571000000000112,-0.0011505072463768114,0.004173689532208151,-0.022320000000000007,0.02418000000000009,ISC_BD_1.9CC_1.9CD_20ohm.csv,0,Normal,CC,1.9,1.9,20,CC_CC1.9_CD1.9_20ohm
0.004523601159291177,2.4455411682013484,-4.348958,1.449343,-4.348028,1.3519477627912162,0.7742003078984914,0.0,2.604928,2.588324,51.97585518894215,29.757937778226967,0.0,100.0,100.0,3.772859395831011,0.2868623260872143,2.749876,4.200149,2.749876,-4.0856617237150215e-05,0.0006183264512483079,-0.008061000000000096,0.00837000000000021,-9.699141487345301e-05,0.0010385670563766265,-0.085256,0.0024799999999999267,ISC_BD_0.5CC_1.5CD_600ohm.csv,0,Normal,CC,0.5,1.5,600,CC_CC0.5_CD1.5_600ohm
-0.01256000558407643,1.6712522501158815,-1.739397,1.739397,-1.739025,1.3334480157615058,0.7595528707401963,0.0,2.564,2.564,52.41239197514185,29.883600685370144,0.0,100.0,100.0,3.7457954242096734,0.3055304235294243,2.749566,4.200149,2.749566,-4.4124943698765806e-05,0.0004581087385868717,-0.0043400000000000105,0.006200999999999901,-0.00010445887757859654,0.0005898801136768387,-0.03162200000000004,0.00037200000000003897,ISC_BD_0.6CC_0.6CD_200ohm.csv,0,Normal,CC,0.6,0.6,200,CC_CC0.6_CD0.6_200ohm
0.05852564539347376,4.87959432124163,-5.81287,5.81473,-5.79985,1.61677613243762,0.8465476156679854,0.0,2.70074,2.6313,60.34847480806142,31.433516841898697,0.0,100.0,100.0,3.8324002636756234,0.38025600903456896,2.749876,4.200769,2.749876,-0.0001186946711473836,0.0009775440109307428,-0.011471000000000231,0.015500999999999987,-0.0012519851176188191,0.006975230284581835,-0.06696999999999997,0.037209999999999965,ISC_BD_2.0CC_2.0CD_900ohm.csv,0,Normal,CC,2.0,2.0,900,CC_CC2.0_CD2.0_900ohm
-0.008522489833831989,1.9455569636978511,-2.02939,2.02939,-2.028832,1.3575764864279078,0.7730693487503562,0.0,2.589276,2.589276,52.66464333780576,30.008600515215356,0.0,100.0,100.0,3.75410989926721,0.29790878939283494,2.749566,4.200149,2.749566,-5.2870032001651695e-05,0.0005858261015739816,-0.006200000000000205,0.005891000000000091,-0.00014956611954165377,0.001033878230088998,-0.0669639999999998,0.0007439999999999669,ISC_BD_0.7CC_0.7CD_200ohm.csv,0,Normal,CC,0.7,0.7,200,CC_CC0.7_CD0.7_200ohm
-0.010668918922259202,2.473076812611485,-2.610987,2.610987,-2.610367,1.455186672104808,0.8227766508684681,0.0,2.734539,2.734539,53.43721069089111,30.235098380465637,0.0,100.0,100.0,3.7601985268817204,0.30167565756606934,2.749566,4.200149,2.749566,-5.6262702435406077e-05,0.0007905451315012045,-0.008370999999999906,0.010851000000000166,-0.00025107429842996667,0.0025810314415882665,-0.19779299999999989,0.0021700000000000053,ISC_BD_0.9CC_0.9CD_300ohm.csv,0,Normal,CC,0.9,0.9,300,CC_CC0.9_CD0.9_300ohm
-0.006814802489626417,2.494789641072083,-2.608445,2.608445,-2.607701,1.3011276201936377,0.7410030142388877,0.0,2.463733,2.463733,52.940835421853386,30.161770718116614,0.0,100.0,100.0,3.7494299224066383,0.3075503976653787,2.749256,4.200149,2.749256,-8.368151632540126e-05,0.0006596106932261816,-0.0065110000000001556,0.006819999999999826,-0.0002806906474820144,0.0020429216811216067,-0.13058000000000014,0.002790999999999988,ISC_BD_0.9CC_0.9CD_400ohm.csv,0,Normal,CC,0.9,0.9,400,CC_CC0.9_CD0.9_400ohm
0.016095716504854668,2.4497215301262507,-4.348649,1.449343,-4.348028,1.3993473422869471,0.8026805746347805,0.0,2.719236,2.676542,51.64896725997843,29.611627149611344,0.0,100.0,100.0,3.763937036461704,0.28424407694548093,2.749876,4.200149,2.749876,-3.124277082434182e-05,0.0007796617113424906,-0.013641000000000236,0.008370999999999906,-9.376197669400086e-05,0.001202847836137561,-0.10261699999999996,0.0006209999999997606,ISC_BD_0.5CC_1.5CD_1000ohm.csv,0,Normal,CC,0.5,1.5,1000,CC_CC0.5_CD1.5_1000ohm
-0.013520592166099691,1.7533578718338019,-1.449405,2.319197,-1.449033,1.4106757270348076,0.8052832894644709,0.0,2.716781,2.716781,52.29553837564337,29.892376913203464,0.0,100.0,100.0,3.738206983861118,0.2916232348183368,2.749876,4.200149,2.749876,-3.792409039350843e-05,0.0007697367374775095,-0.0043400000000000105,0.06107400000000007,-0.00015170177122415148,0.0014200810106016308,-0.12853400000000015,0.003905999999999965,ISC_BD_0.8CC_0.5CD_50ohm.csv,0,Normal,CC,0.8,0.5,50,CC_CC0.8_CD0.5_50ohm
0.0001696155922036814,2.9356684759741576,-3.190104,3.190414,-3.189484,1.4505382055472265,0.8064436701515695,0.0,2.625062,2.617268,55.32306089955023,30.745099034617454,0.0,100.0,100.0,3.7790770125937034,0.32273154097825474,2.749256,4.200149,2.749256,-7.527324535092981e-05,0.0009393685813648353,-0.011160999999999976,0.013641000000000236,-0.0003914302639472106,0.0037008931535754052,-0.254216,0.0009299999999999864,ISC_BD_1.1CC_1.1CD_800ohm.csv,0,Normal,CC,1.1,1.1,800,CC_CC1.1_CD1.1_800ohm
0.016255355210962774,3.579025431513479,-2.91295,5.80357,-2.89435,1.4879097601875224,0.811092310671926,0.0,2.62107,2.59237,57.072301009736755,31.037468516878928,0.0,100.0,100.0,3.776995480165885,0.35413620542212193,2.749876,4.200149,2.749876,-0.00011027398989898993,0.0007619265220756508,-0.006509999999999572,0.016121000000000052,-0.0009404599567099567,0.004157411435102242,-0.026040000000000063,0.016739999999999977,ISC_BD_2.0CC_1.0CD_200ohm.csv,0,Normal,CC,2.0,1.0,200,CC_CC2.0_CD1.0_200ohm
0.00015706479460210335,2.0091187594168516,-2.898996,1.449591,-2.89881,1.3511393340940663,0.7756950394725806,0.0,2.624232,2.624232,51.49449907719785,29.563422129101564,0.0,100.0,100.0,3.7552204305417742,0.28190870895967274,2.749256,4.200149,2.749256,-3.636790393013095e-05,0.0005806902460042364,-0.00682100000000041,0.004649999999999821,-8.641544263596666e-05,0.0006622666759473127,-0.04947900000000005,0.0005580000000000584,ISC_BD_0.5CC_1.0CD_1000ohm.csv,0,Normal,CC,0.5,1.0,1000,CC_CC0.5_CD1.0_1000ohm
0.06833566913248183,4.466886778668452,-5.22507,5.22507,-5.21391,1.5868093028468953,0.8437740713939692,0.0,2.70353,2.61279,59.3443987222596,31.34814651533093,0.0,100.0,100.0,3.8213015897780767,0.3702377446118704,2.749876,4.200149,2.749876,-0.00010220430589818361,0.000927658003853012,-0.010231000000000101,0.017980999999999803,-0.0010391455483292219,0.0042565779839929116,-0.06510000000000016,0.020459999999999923,ISC_BD_1.8CC_1.8CD_1000ohm.csv,0,Normal,CC,1.8,1.8,1000,CC_CC1.8_CD1.8_1000ohm
0.0077939353227917075,2.8345895137403097,-5.80543,1.45647,-5.80357,1.4097137843300438,0.8097835809719495,0.0,2.72802,2.71984,51.704075971941506,29.698377622471607,0.0,100.0,100.0,3.7700735402449177,0.2911208782369818,2.749876,4.200149,2.749876,-3.366012605541681e-05,0.0005655650949468953,-0.013640999999999792,0.005269999999999886,-0.00010330241408015215,0.0024514828128944528,-0.02603999999999984,0.022320000000000118,ISC_BD_0.5CC_2.0CD_500ohm.csv,0,Normal,CC,0.5,2.0,500,CC_CC0.5_CD2.0_500ohm
-0.0009220060346994452,2.4700034226087952,-2.898624,2.319197,-2.898252,1.4125502706814181,0.8013553431241786,0.0,2.652629,2.652629,53.270331481015845,30.222366930403666,0.0,100.0,100.0,3.7605887826250943,0.29964512700116647,2.749256,4.200149,2.749256,-5.341121730382296e-05,0.0006870493018824278,-0.006820999999999966,0.009610999999999592,-0.00021871378269617704,0.002129617706236488,-0.16778300000000002,0.0024180000000000312,ISC_BD_0.8CC_1.0CD_900ohm.csv,0,Normal,CC,0.8,1.0,900,CC_CC0.8_CD1.0_900ohm
0.4230231579063848,1.7656266276005295,-1.449777,2.319383,-0.005022,1.1971219191103242,0.7640686466445042,0.0,2.702735,1.636481,54.189701327874296,30.63713798780552,0.0,100.0,100.0,3.850985601859023,0.2101829016249744,3.328373,4.201079,3.625992,4.196502490315447e-05,0.0006121305555343739,-0.00434100000000015,0.036893000000000065,-3.2858328721638075e-05,0.015242831883001373,-0.057849999999999735,1.444197,ISC_BD_0.8CC_0.5CD_30ohm.csv,0,Normal,CC,0.8,0.5,30,CC_CC0.8_CD0.5_30ohm
-0.001420915520628924,2.8870520543920506,-3.190414,3.190104,-3.189484,1.4272970595435999,0.7839936226094669,0.0,2.542446,2.538415,56.17308884690947,30.847884214523514,0.0,100.0,100.0,3.773776577149766,0.35574907215414026,2.749876,4.200149,2.749876,-7.109614512471656e-05,0.0007855633258144793,-0.007750999999999841,0.013951000000000047,-0.0003945664399092971,0.0023624235013860323,-0.12772800000000029,0.0009299999999998754,ISC_BD_1.1CC_1.1CD_30ohm.csv,0,Normal,CC,1.1,1.1,30,CC_CC1.1_CD1.1_30ohm
0.03656082057823114,4.390479990399079,-5.81659,4.35268,-5.79985,1.5783700127551021,0.8477409661044417,0.0,2.704,2.66151,58.64028958333333,31.41719859306384,0.0,100.0,100.0,3.8202447336309526,0.3645041919444848,2.749876,4.200459,2.749876,-9.019715014887287e-05,0.0008553381027371373,-0.013640999999999792,0.015190999999999732,-0.0008018843045512548,0.0041140430999932875,-0.029759999999999565,0.03161999999999998,ISC_BD_1.5CC_2.0CD_30ohm.csv,0,Normal,CC,1.5,2.0,30,CC_CC1.5_CD2.0_30ohm
0.014580643326039219,3.902300592371695,-4.349888,4.349888,-4.349578,1.4725760427690473,0.8053460239753197,0.0,2.585127,2.561432,57.156756514819975,31.210844733219822,0.0,100.0,100.0,3.7922182862542275,0.34175812070156186,2.749876,4.200149,2.749876,-0.00010728835820895526,0.0010518711782110692,-0.009609999999999896,0.012400999999999662,-0.0007502171144278608,0.004358576203569082,-0.20864300000000036,0.0012400000000000189,ISC_BD_1.5CC_1.5CD_600ohm.csv,0,Normal,CC,1.5,1.5,600,CC_CC1.5_CD1.5_600ohm
0.01969622739577706,3.608504848565643,-4.05909,4.0594,-4.05909,1.5098922849666125,0.8192563264555005,0.0,2.641815,2.601192,57.474114185165135,31.10281890452498,0.0,100.0,100.0,3.7992250144378272,0.34749524808578575,2.749566,4.200149,2.749566,-8.888084491785519e-05,0.0010801132348512402,-0.009920999999999847,0.017670999999999992,-0.0006280994764397906,0.005288323117196653,-0.3218010000000002,0.0003100000000006986,ISC_BD_1.4CC_1.4CD_300ohm.csv,0,Normal,CC,1.4,1.4,300,CC_CC1.4_CD1.4_300ohm
0.04975690636200686,4.481576810556212,-5.22507,5.22507,-5.22135,1.586677694892473,0.8443864008217506,0.0,2.70078,2.63922,59.193819287634405,31.36355074207352,0.0,100.0,100.0,3.8185685730286743,0.3692053673819997,2.749876,4.200149,2.749876,-0.00010192716270730633,0.000931696293948732,-0.011780000000000346,0.017050999999999927,-0.0010401142985208428,0.004058761361397287,-0.052080000000000126,0.016739999999999977,ISC_BD_1.8CC_1.8CD_500ohm.csv,0,Normal,CC,1.8,1.8,500,CC_CC1.8_CD1.8_500ohm
0.0351396660439046,4.674662909689304,-5.51525,5.51525,-5.50967,1.5654369523587108,0.8240053571670919,0.0,2.62882,2.57815,59.91927902849136,31.419744032510565,0.0,100.0,100.0,3.822672211583372,0.3819863807246269,2.749876,4.200459,2.749876,-0.00010785490654205613,0.0009571246916506302,-0.010540999999999912,0.016120999999999608,-0.0011504042056074766,0.004233722479050194,-0.026040000000000063,0.01859999999999995,ISC_BD_1.9CC_1.9CD_300ohm.csv,0,Normal,CC,1.9,1.9,300,CC_CC1.9_CD1.9_300ohm
-0.02378194211093174,1.7481658773640805,-1.449777,2.31901,-1.449405,1.3713883636690003,0.7808830745223406,0.0,2.647813,2.647813,52.410700251301385,29.90729207042006,0.0,100.0,100.0,3.738834842667385,0.29348959271657976,2.749876,4.200149,2.749876,-5.042692998204671e-05,0.0004598143521990803,-0.004961000000000215,0.00527000000000033,-0.00015617324955116696,0.0013383520911643225,-0.11495600000000028,0.0022320000000000118,ISC_BD_0.8CC_0.5CD_400ohm.csv,0,Normal,CC,0.8,0.5,400,CC_CC0.8_CD0.5_400ohm
0.04822041596497096,3.5150337546105437,-2.90551,5.80729,-2.89435,1.5814909936005392,0.8530879409752837,0.0,2.77152,2.69329,57.82278346244527,30.984596566919418,0.0,100.0,100.0,3.797744366621758,0.35349439125714743,2.749876,4.200769,2.749876,-9.395636792452831e-05,0.0007759677109311236,-0.00558000000000014,0.016741000000000117,-0.0008777274258760108,0.004171018333876328,-0.039060000000000095,0.022320000000000118,ISC_BD_2.0CC_1.0CD_700ohm.csv,0,Normal,CC,2.0,1.0,700,CC_CC2.0_CD1.0_700ohm
0.05973610392720294,4.647844055165468,-5.51339,5.51339,-5.50781,1.5475631872605364,0.8127161967289686,0.0,2.59679,2.52625,60.109353759578546,31.39425937504359,0.0,100.0,100.0,3.8272864710249044,0.38503749021002487,2.749876,4.200459,2.749876,-0.00011289650215620514,0.000978775096486048,-0.011471000000000231,0.017361000000000182,-0.0011791734547196933,0.0040020051842130765,-0.02605000000000013,0.02605000000000013,ISC_BD_1.9CC_1.9CD_200ohm.csv,0,Normal,CC,1.9,1.9,200,CC_CC1.9_CD1.9_200ohm
-0.005551425683583412,2.5552297418143457,-1.45647,5.80357,-1.44903,1.5101253899350993,0.8373232302516265,0.0,2.76106,2.76106,54.91316331524631,30.5145117529423,0.0,100.0,100.0,3.7476333785509097,0.327807208939805,2.749876,4.200149,2.749876,-6.1066936256252e-05,0.0005624110211916442,-0.0024800000000002598,0.018291000000000057,-0.000555046291369586,0.0037284741386244546,-0.02976000000000001,0.022320000000000007,ISC_BD_2.0CC_0.5CD_10ohm.csv,0,Normal,CC,2.0,0.5,10,CC_CC2.0_CD0.5_10ohm
-0.01828371608856102,1.4209468280854842,-1.449591,1.449591,-1.449405,1.3612767189667898,0.7823803931240294,0.0,2.695078,2.695078,51.18791179335793,29.44144719975041,0.0,100.0,100.0,3.742036440885609,0.27588825503587094,2.749256,4.200149,2.749256,-3.794013876586949e-05,0.0004489789791859581,-0.006509999999999572,0.004029999999999756,-6.425568349571893e-05,0.00047565381314594276,-0.035528000000000004,0.0022320000000000118,ISC_BD_0.5CC_0.5CD_50ohm.csv,0,Normal,CC,0.5,0.5,50,CC_CC0.5_CD0.5_50ohm
-0.006482296530707899,2.2084279333036885,-2.319383,2.319383,-2.319197,1.3638158565400844,0.7744850313326946,0.0,2.573265,2.573265,53.1494547116737,30.196407175284474,0.0,100.0,100.0,3.7516097487107363,0.30076101716220854,2.749876,4.200149,2.749876,-5.749730363423216e-05,0.0006084895428796603,-0.006819999999999826,0.008370999999999906,-0.00020398077373974207,0.002495604518756657,-0.2118669999999998,0.0020459999999999923,ISC_BD_0.8CC_0.8CD_600ohm.csv,0,Normal,CC,0.8,0.8,600,CC_CC0.8_CD0.8_600ohm
0.048823599601989794,3.96806353093604,-4.930866,4.930866,-4.930866,1.5324217470646766,0.7758704181923606,0.0,2.515733,2.448953,61.38624051741294,30.912503370364476,0.0,100.0,100.0,3.8349354869651737,0.4398797885924423,2.749876,4.200149,2.749876,-9.239478399362932e-05,0.0009479640013934331,-0.012710999999999917,0.027592000000000283,-0.0008663645231933107,0.0020847140657352216,-0.09207699999999974,0.0012400000000000189,ISC_BD_1.7CC_1.7CD_50ohm.csv,0,Normal,CC,1.7,1.7,50,CC_CC1.7_CD1.7_50ohm
-0.0013780660237390427,2.473322247668756,-2.610987,2.610987,-2.610987,1.45460921909001,0.8233550969491851,0.0,2.722468,2.722468,53.436274814540056,30.247266526823168,0.0,100.0,100.0,3.759301309347181,0.3017865225535549,2.749256,4.200149,2.749256,-5.44815730892902e-05,0.0007971288998417031,-0.009920999999999847,0.011160999999999976,-0.0002513208013851101,0.002247167965058179,-0.16276000000000002,0.0021700000000000053,ISC_BD_0.9CC_0.9CD_1000ohm.csv,0,Normal,CC,0.9,0.9,1000,CC_CC0.9_CD0.9_1000ohm
0.008070663072776419,3.4041652332842025,-3.769221,3.769221,-3.768911,1.5106764494609164,0.8296515589616204,0.0,2.679421,2.663372,56.50910072439354,31.005430377733486,0.0,100.0,100.0,3.787892029312669,0.33916604769862313,2.749566,4.200149,2.749566,-7.46575665655545e-05,0.0010403270112183268,-0.010539999999999772,0.018600999999999868,-0.0005378065385911695,0.003989822798095731,-0.23964499999999989,0.0009299999999998754,ISC_BD_1.3CC_1.3CD_1000ohm.csv,0,Normal,CC,1.3,1.3,1000,CC_CC1.3_CD1.3_1000ohm
0.021984908019364292,4.2441133387421255,-4.930866,4.930866,-4.929626,1.5297195925068408,0.8119812570347981,0.0,2.584128,2.556687,59.40571953272996,31.468827451769002,0.0,100.0,100.0,3.8178045546200803,0.36667402053369835,2.749876,4.200149,2.749876,-0.00010601663508106961,0.0009037895936957095,-0.00682000000000027,0.013951000000000047,-0.0009157628974520953,0.0033905964811060904,-0.15283900000000017,0.0024800000000000377,ISC_BD_1.7CC_1.7CD_20ohm.csv,0,Normal,CC,1.7,1.7,20,CC_CC1.7_CD1.7_20ohm
-0.026791354838709813,2.243547665030175,-1.450893,4.348028,-1.449343,1.4158959510387306,0.7854762324068242,0.0,2.613908,2.613908,54.65995576782545,30.445429701992534,0.0,100.0,100.0,3.734289054807391,0.3267414038183278,2.749876,4.200149,2.749876,-7.290017750861438e-05,0.0006034259502718056,-0.00434100000000015,0.017050999999999927,-0.00039337590059517586,0.0026499429076919877,-0.14539900000000028,0.0018599999999999728,ISC_BD_1.5CC_0.5CD_800ohm.csv,0,Normal,CC,1.5,0.5,800,CC_CC1.5_CD0.5_800ohm
0.0007246246604286888,2.8815331688909636,-3.190414,3.190104,-3.189174,1.4276696248113494,0.7842058827369714,0.0,2.543708,2.530442,56.238047826743134,30.866986930197218,0.0,100.0,100.0,3.774813114850588,0.35580591215682406,2.749566,4.200149,2.749566,-7.053140096618359e-05,0.0007893392378136761,-0.007750999999999841,0.013951000000000047,-0.000394357940821256,0.0024500641743536917,-0.13981900000000014,0.0012400000000001299,ISC_BD_1.1CC_1.1CD_300ohm.csv,0,Normal,CC,1.1,1.1,300,CC_CC1.1_CD1.1_300ohm
-0.00533928305249487,3.177781014538677,-3.479663,3.479663,-3.479043,1.45851318470512,0.8062466487263507,0.0,2.614027,2.614027,55.79907723590408,30.845429152623815,0.0,100.0,100.0,3.782454168178872,0.32929763609049983,2.749256,4.200459,2.749256,-8.029367909238249e-05,0.0009254652782101114,-0.010231000000000101,0.014260000000000161,-0.00046980324149108584,0.004174071891430676,-0.2759179999999999,0.0006200000000000649,ISC_BD_1.2CC_1.2CD_10ohm.csv,0,Normal,CC,1.2,1.2,10,CC_CC1.2_CD1.2_10ohm
-0.01322736040570441,1.969232081311374,-1.450893,4.349888,-1.450273,1.7672452746892398,0.8877277495876819,0.0,2.813254,2.813254,63.358793281476395,31.981325154238792,0.0,100.0,100.0,3.8535401306337227,0.3374859595410562,2.749876,4.200149,2.749876,-4.7693539775760796e-05,0.0004819628784666266,-0.004029999999999756,0.010229999999999961,-0.0003272812142475784,0.0022848220803792143,-0.18353100000000033,0.002790000000000001,ISC_BD_1.5CC_0.5CD_20ohm.csv,0,Normal,CC,1.5,0.5,20,CC_CC1.5_CD0.5_20ohm
0.0003230516455694646,1.9503383587358583,-2.029576,2.029576,-2.028832,1.385813757164557,0.7903174866884782,0.0,2.641914,2.638319,52.48718576202531,29.929865269104297,0.0,100.0,100.0,3.7561269662784813,0.28813418959247517,2.749876,4.200149,2.749876,-4.782335662919069e-05,0.0006376418188405924,-0.007130999999999776,0.008370999999999906,-0.00014676724399878457,0.001124280249010553,-0.07738099999999992,0.0007440000000000779,ISC_BD_0.7CC_0.7CD_20ohm.csv,0,Normal,CC,0.7,0.7,20,CC_CC0.7_CD0.7_20ohm
-0.00459244103665065,3.0738706681893726,-2.898996,4.348958,-2.898996,1.5002203320042935,0.8050371035556365,0.0,2.598411,2.597704,57.74280240760619,30.98384588017068,0.0,100.0,100.0,3.78360247308695,0.3674972904230483,2.749566,4.200149,2.749566,-8.484046632919155e-05,0.0009251648390717783,-0.009301000000000226,0.016121000000000052,-0.0005781425065194048,0.0031199922283313103,-0.16400099999999984,0.0006209999999997606,ISC_BD_1.5CC_1.0CD_100ohm.csv,0,Normal,CC,1.5,1.0,100,CC_CC1.5_CD1.0_100ohm
-0.004175797977144268,2.4636665771517032,-2.608259,2.608445,-2.607701,1.3655654751083675,0.7719254983940738,0.0,2.545608,2.545608,53.72621414685407,30.378793730744086,0.0,100.0,100.0,3.757494870353343,0.3072065983974452,2.749876,4.200149,2.749876,-6.688372093023256e-05,0.0007092702677813212,-0.007441000000000031,0.008370999999999906,-0.0002664435685192485,0.002271118271170674,-0.15996999999999995,0.00539400000000001,ISC_BD_0.9CC_0.9CD_200ohm.csv,0,Normal,CC,0.9,0.9,200,CC_CC0.9_CD0.9_200ohm
-0.006333103104726725,2.2078517209215907,-2.319197,2.319383,-2.318825,1.3790154849397591,0.7829963040486273,0.0,2.603995,2.603995,53.1201108549583,30.176086123377544,0.0,100.0,100.0,3.752218890176089,0.2999574724768014,2.749566,4.200149,2.749566,-5.406500579374272e-05,0.000608203454018559,-0.005579999999999696,0.00868100000000016,-0.0002015092699884125,0.002561045344312062,-0.22116899999999973,0.0018599999999999728,ISC_BD_0.8CC_0.8CD_900ohm.csv,0,Normal,CC,0.8,0.8,900,CC_CC0.8_CD0.8_900ohm
-0.009291303691487734,2.458243259365648,-2.898996,2.319568,-2.898996,1.3992632934162124,0.7895881992952629,0.0,2.621909,2.621909,53.603788189775464,30.26686430535836,0.0,100.0,100.0,3.7666406484840795,0.30842005482634754,2.749256,4.200149,2.749256,-5.538726049993664e-05,0.0007879902861882821,-0.007749999999999702,0.011471000000000231,-0.00022107740134500698,0.0023126887940711463,-0.180431,0.0009299999999998754,ISC_BD_0.8CC_1.0CD_10ohm.csv,0,Normal,CC,0.8,1.0,10,CC_CC0.8_CD1.0_10ohm
-0.007636031003837817,1.9513695379082159,-2.02939,2.02939,-2.029018,1.388012781256312,0.7918192460121994,0.0,2.657493,2.657493,52.440501726923856,29.931558628236015,0.0,100.0,100.0,3.7490338086245205,0.29348782892526043,2.749566,4.200149,2.749566,-4.550080808080802e-05,0.0005342017445578625,-0.005580999999999836,0.00682100000000041,-0.0001465360606060606,0.0010001071571096884,-0.0716150000000002,0.0013019999999999143,ISC_BD_0.7CC_0.7CD_900ohm.csv,0,Normal,CC,0.7,0.7,900,CC_CC0.7_CD0.7_900ohm
0.03160582272622039,4.856648211197033,-5.80729,5.80729,-5.79799,1.6420133672760935,0.8534180622931375,0.0,2.72185,2.67728,60.63525202499421,31.410312558889938,0.0,100.0,100.0,3.8343952767877805,0.38098392359686734,2.749876,4.200149,2.749876,-0.00011757629080805751,0.0009286788098028557,-0.011471000000000231,0.015191000000000177,-0.0012089256772401021,0.004581045185536492,-0.024189999999999934,0.01860000000000006,ISC_BD_2.0CC_2.0CD_50ohm.csv,0,Normal,CC,2.0,2.0,50,CC_CC2.0_CD2.0_50ohm
0.000673880758426748,2.7055721198732994,-2.898438,2.898624,-2.897694,1.4133523573033706,0.7938926787305464,0.0,2.597791,2.59357,54.44273764044943,30.57501575536088,0.0,100.0,100.0,3.7568426174157303,0.32195689178862325,2.749566,4.200149,2.749566,-6.567996628266371e-05,0.0007278508933814081,-0.0077510000000002854,0.008990999999999971,-0.0003256385220567575,0.002783803991542882,-0.20424100000000012,0.0026040000000000507,ISC_BD_1.0CC_1.0CD_700ohm.csv,0,Normal,CC,1.0,1.0,700,CC_CC1.0_CD1.0_700ohm
0.0012500221004910998,3.6582307287493117,-4.05816,4.05816,-4.05723,1.452740665659237,0.7963997975043465,0.0,2.566091,2.552767,56.72420496788818,31.07088297557936,0.0,100.0,100.0,3.7875925821684926,0.3425631094075123,2.749256,4.200149,2.749256,-9.795030234315946e-05,0.0011650030550607432,-0.01581100000000024,0.015500999999999987,-0.0006571226379440664,0.004573734990492751,-0.2480150000000001,0.0009300000000003195,ISC_BD_1.4CC_1.4CD_700ohm.csv,0,Normal,CC,1.4,1.4,700,CC_CC1.4_CD1.4_700ohm
0.025337758497316957,3.7798352213247823,-5.80543,2.90737,-5.79799,1.4987051305903398,0.8352085262041209,0.0,2.70596,2.6574,55.644865116279064,30.954323459333274,0.0,100.0,100.0,3.8000231091234347,0.33622993709921173,2.749876,4.200149,2.749876,-6.446725125268426e-05,0.000725163016798275,-0.011780999999999597,0.009301000000000226,-0.00041409985683607737,0.003415978760961913,-0.024190000000000156,0.024189999999999934,ISC_BD_1.0CC_2.0CD_100ohm.csv,0,Normal,CC,1.0,2.0,100,CC_CC1.0_CD2.0_100ohm
0.012080891910985481,3.553560905483137,-2.91667,5.81473,-2.89621,1.514826167432003,0.8213736471829574,0.0,2.65106,2.62993,57.36066760861886,31.048082436754957,0.0,100.0,100.0,3.783234542917697,0.3536828248683024,2.749876,4.201079,2.749876,-0.00010894505300353366,0.0007486926533311531,-0.0065109999999997115,0.016121000000000052,-0.0009251289752650176,0.006922633211093657,-0.07440999999999987,0.06510000000000016,ISC_BD_2.0CC_1.0CD_800ohm.csv,0,Normal,CC,2.0,1.0,800,CC_CC2.0_CD1.0_800ohm
-0.009474818651036594,1.6893821702576355,-1.739583,1.739583,-1.739397,1.375622281690141,0.7884718371908771,0.0,2.672872,2.672872,51.781461018283615,29.69773481878494,0.0,100.0,100.0,3.745843533724084,0.2872752060445112,2.749876,4.200149,2.749876,-3.7107970951089355e-05,0.00047826402597388017,-0.0043400000000000105,0.005579999999999696,-0.00010147729460145246,0.0011505852551702653,-0.11104900000000018,0.0024180000000000312,ISC_BD_0.6CC_0.6CD_50ohm.csv,0,Normal,CC,0.6,0.6,50,CC_CC0.6_CD0.6_50ohm
0.025112206028486038,3.5432397667139948,-2.90179,5.80171,-2.89249,1.5795307817158,0.855574232361818,0.0,2.76904,2.7223,57.50500798277576,31.029453273015697,0.0,100.0,100.0,3.787020979463398,0.3527132127259731,2.749876,4.200459,2.749876,-9.67142147117296e-05,0.0007420751465441765,-0.005891000000000091,0.017981000000000247,-0.0008625695825049701,0.00378549131965683,-0.02605000000000013,0.02417999999999987,ISC_BD_2.0CC_1.0CD_100ohm.csv,0,Normal,CC,2.0,1.0,100,CC_CC2.0_CD1.0_100ohm
-0.00329839378717745,2.467358290568029,-2.608259,2.608445,-2.608073,1.3589979495042963,0.7685417656041307,0.0,2.535502,2.535502,53.67706087243885,30.363522696855792,0.0,100.0,100.0,3.755153910905486,0.30707124684764975,2.748946,4.200149,2.748946,-6.874295914319712e-05,0.0006783333235947203,-0.006819999999999826,0.00837100000000035,-0.0002685526907311913,0.0023205512671029003,-0.1616439999999999,0.0029759999999999787,ISC_BD_0.9CC_0.9CD_600ohm.csv,0,Normal,CC,0.9,0.9,600,CC_CC0.9_CD0.9_600ohm
0.07880908684396327,4.611930451450842,-5.51711,5.51525,-5.50781,1.563732897152271,0.8180419518625365,0.0,2.6204,2.52411,60.36037309955283,31.33775771376574,0.0,100.0,100.0,3.8339642294657565,0.38480066225703036,2.749876,4.200149,2.749876,-0.00010701412761949615,0.0009758332440997422,-0.011160999999999976,0.017050999999999927,-0.0011606569343065693,0.004234609663048803,-0.026040000000000063,0.014880000000000004,ISC_BD_1.9CC_1.9CD_600ohm.csv,0,Normal,CC,1.9,1.9,600,CC_CC1.9_CD1.9_600ohm
0.023754628702465225,3.916333600188844,-4.639757,4.639757,-4.639447,1.5616528824765907,0.8168431011375236,0.0,2.620718,2.585061,59.84991096885152,31.22346445693139,0.0,100.0,100.0,3.8182610233135867,0.3912685667835576,2.749566,4.200149,2.749566,-8.480940546740585e-05,0.000797559683025679,-0.008370999999999906,0.011781000000000041,-0.0007760867902886638,0.0022649955912567863,-0.09703600000000012,0.0012409999999999366,ISC_BD_1.6CC_1.6CD_300ohm.csv,0,Normal,CC,1.6,1.6,300,CC_CC1.6_CD1.6_300ohm
-0.019861346985210734,2.5472364584884186,-1.46019,5.80729,-1.45275,1.435909399317406,0.7953896305936278,0.0,2.63666,2.63666,54.827844732650725,30.48026388188171,0.0,100.0,100.0,3.7434605986348126,0.33159984766137335,2.749876,4.200149,2.749876,-7.926877560309506e-05,0.0005207069982098835,-0.0037200000000003897,0.016430999999999862,-0.0005947803823395538,0.003469501634647958,-0.033479999999999954,0.016750000000000043,ISC_BD_2.0CC_0.5CD_900ohm.csv,0,Normal,CC,2.0,0.5,900,CC_CC2.0_CD0.5_900ohm
0.03183236184952437,3.4560415760544703,-5.80729,2.32515,-5.79799,1.4711524730143386,0.8320494979859298,0.0,2.7334,2.67918,54.075795795070086,30.540894935142205,0.0,100.0,100.0,3.7900268121475755,0.32777242825735464,2.749876,4.200459,2.749876,-5.006269137792105e-05,0.0006589468392167598,-0.011160999999999976,0.008369999999999767,-0.0002799919419822725,0.0029853907041265887,-0.027900000000000036,0.018610000000000015,ISC_BD_0.8CC_2.0CD_900ohm.csv,0,Normal,CC,0.8,2.0,900,CC_CC0.8_CD2.0_900ohm
-0.00358361427336694,2.4715721068276992,-2.610987,2.610987,-2.609127,1.457544852327448,0.8240143061312286,0.0,2.727476,2.727476,53.48382275589579,30.241122076068297,0.0,100.0,100.0,3.760253683788122,0.3019248866856903,2.749876,4.200149,2.749876,-5.505841669754235e-05,0.0007739672431054627,-0.007441000000000031,0.010851000000000166,-0.00025082623193775476,0.0024014752129540733,-0.17764099999999994,0.0021700000000000053,ISC_BD_0.9CC_0.9CD_100ohm.csv,0,Normal,CC,0.9,0.9,100,CC_CC0.9_CD0.9_100ohm
0.042516375946752526,4.880983456744517,-5.79985,5.80729,-5.79799,1.6549217649759007,0.8651335050155483,0.0,2.75881,2.7057,60.350890635758546,31.427179194674935,0.0,100.0,100.0,3.833066257057608,0.3745572114171479,2.749876,4.200149,2.749876,-0.00010613983926521247,0.0009682297277292223,-0.013021000000000171,0.015810999999999797,-0.0012019219288174512,0.0036678801993758024,-0.024179999999999424,0.014880000000000004,ISC_BD_2.0CC_2.0CD_20ohm.csv,0,Normal,CC,2.0,2.0,20,CC_CC2.0_CD2.0_20ohm
-0.016022667303351473,1.7523639498438053,-1.449405,2.319383,-1.449405,1.417077333564855,0.8086508853928687,0.0,2.732479,2.732479,52.2902298055218,29.88434633197426,0.0,100.0,100.0,3.7386774544191703,0.29201342120317536,2.749876,4.200149,2.749876,-4.269633553317127e-05,0.00047790487256781946,-0.0037199999999999456,0.008680000000000021,-0.00015105800625217088,0.0013457395445215755,-0.12053499999999984,0.003161999999999998,ISC_BD_0.8CC_0.5CD_500ohm.csv,0,Normal,CC,0.8,0.5,500,CC_CC0.8_CD0.5_500ohm
0.011991208670988596,4.070108678538065,-4.638827,4.638827,-4.638207,1.5201201395867099,0.8175834079182754,0.0,2.607122,2.585842,58.472469205834685,31.402069221533885,0.0,100.0,100.0,3.80302568658833,0.3564985699240523,2.749256,4.200149,2.749256,-0.00010486886907174714,0.0010493515542479655,-0.008680000000000021,0.014571000000000112,-0.000822363194162951,0.0050350934490613385,-0.2622770000000001,0.00155100000000008,ISC_BD_1.6CC_1.6CD_200ohm.csv,0,Normal,CC,1.6,1.6,200,CC_CC1.6_CD1.6_200ohm
0.047130273294204085,3.7794462922180334,-5.80543,2.90365,-5.79985,1.4959515223771094,0.8359851443667754,0.0,2.71725,2.63539,55.4875128760088,30.91261925936422,0.0,100.0,100.0,3.798530491929567,0.33576626956186545,2.749876,4.200459,2.749876,-6.791981651376159e-05,0.0007298550765272185,-0.013021000000000615,0.009609999999999896,-0.00042526788990825685,0.003165879017573759,-0.02418000000000009,0.022320000000000118,ISC_BD_1.0CC_2.0CD_400ohm.csv,0,Normal,CC,1.0,2.0,400,CC_CC1.0_CD2.0_400ohm
0.03401609522052064,3.7834519183231565,-5.80915,2.90365,-5.79985,1.487287220889463,0.8298841706826784,0.0,2.69489,2.63394,55.516276988374244,30.90724501365588,0.0,100.0,100.0,3.800631340468721,0.3356143959104186,2.749876,4.200459,2.749876,-6.69028982831826e-05,0.0007348625858700471,-0.011780999999999597,0.010231000000000101,-0.0004271718663466865,0.002842759722898345,-0.022320000000000118,0.01859999999999995,ISC_BD_1.0CC_2.0CD_600ohm.csv,0,Normal,CC,1.0,2.0,600,CC_CC1.0_CD2.0_600ohm
0.05692449462837144,4.360508563967464,-5.80357,4.35454,-5.79613,1.5550157092742818,0.8324110488318044,0.0,2.667,2.59053,58.789442841482135,31.322937981705923,0.0,100.0,100.0,3.8278774433238323,0.367578034175482,2.749876,4.200149,2.749876,-9.513445931125243e-05,0.0008462214311430367,-0.013330999999999982,0.012090000000000156,-0.000824588725597719,0.0034353241154136053,-0.020459999999999923,0.01859999999999995,ISC_BD_1.5CC_2.0CD_700ohm.csv,0,Normal,CC,1.5,2.0,700,CC_CC1.5_CD2.0_700ohm
0.01663650593990209,4.677734124039823,-5.51339,5.51339,-5.50781,1.564208183088749,0.8213961994455334,0.0,2.6179,2.59085,59.95004973212206,31.417667160404534,0.0,100.0,100.0,3.8220227428371767,0.38147669926222855,2.749876,4.200459,2.749876,-0.00011198555115357733,0.00094350231649763,-0.011471000000000231,0.016430999999999862,-0.001150489396411093,0.0040335122840418226,-0.02603999999999984,0.027900000000000036,ISC_BD_1.9CC_1.9CD_50ohm.csv,0,Normal,CC,1.9,1.9,50,CC_CC1.9_CD1.9_50ohm
-0.009655643247733214,1.6579494443070952,-1.449591,2.898624,-1.449219,1.752215558385824,0.8913512029177353,0.0,2.808594,2.808594,62.87739352806811,32.10374993594731,0.0,100.0,100.0,3.8486949251055584,0.3328884252543876,2.749876,4.200149,2.749876,-4.043454482519904e-05,0.00041688141751236075,-0.0043400000000000105,0.006819999999999826,-0.00019660989961924538,0.0017679588622722074,-0.17224700000000004,0.004278000000000004,ISC_BD_1.0CC_0.5CD_20ohm.csv,0,Normal,CC,1.0,0.5,20,CC_CC1.0_CD0.5_20ohm
0.006729487328178669,4.274844831901768,-4.930245,4.930866,-4.929935,1.5060512665378007,0.803464300438777,0.0,2.554395,2.542997,59.04834868986254,31.475636784753,0.0,100.0,100.0,3.811955052835051,0.367743980993125,2.749876,4.200149,2.749876,-0.00011803932101418122,0.0009071035946351594,-0.010230999999999657,0.015500999999999987,-0.000934722604211431,0.0034617038967339115,-0.15934900000000063,0.0018600000000000838,ISC_BD_1.7CC_1.7CD_10ohm.csv,0,Normal,CC,1.7,1.7,10,CC_CC1.7_CD1.7_10ohm
0.03775320963541636,4.38795696627932,-5.80543,4.35454,-5.79799,1.5741444856770834,0.8450503522848831,0.0,2.70159,2.6457,58.620734613715285,31.36501885465115,0.0,100.0,100.0,3.8207770277777775,0.3650994581059524,2.749876,4.200149,2.749876,-9.187516283108986e-05,0.0008606578514657203,-0.012090999999999852,0.015191000000000177,-0.0008198089448545378,0.0037352252970805754,-0.022320000000000007,0.016750000000000043,ISC_BD_1.5CC_2.0CD_300ohm.csv,0,Normal,CC,1.5,2.0,300,CC_CC1.5_CD2.0_300ohm
-0.008494256945140794,1.9578098191037778,-2.02939,2.02939,-2.028832,1.400948641259653,0.7996965756428,0.0,2.692439,2.692439,52.2531831511383,29.842932602660206,0.0,100.0,100.0,3.751694213118043,0.2882090036773844,2.749566,4.200149,2.749566,-4.5465844116761874e-05,0.0005895033706254318,-0.00558000000000014,0.006200000000000205,-0.0001454285284381583,0.0012092653894142397,-0.09635400000000005,0.0007439999999996338,ISC_BD_0.7CC_0.7CD_100ohm.csv,0,Normal,CC,0.7,0.7,100,CC_CC0.7_CD0.7_100ohm
0.0001713476137314196,2.703552944867328,-2.898252,2.898624,-2.897508,1.4211935586101032,0.797982658497033,0.0,2.610533,2.608801,54.45576490371197,30.57381670504552,0.0,100.0,100.0,3.7583416536421996,0.3214966832919395,2.749256,4.200149,2.749256,-6.447934115019545e-05,0.0007294534998751281,-0.007130000000000081,0.00992100000000029,-0.0003235995254048018,0.002706260862609168,-0.1977310000000001,0.00279000000000007,ISC_BD_1.0CC_1.0CD_900ohm.csv,0,Normal,CC,1.0,1.0,900,CC_CC1.0_CD1.0_900ohm
0.05164094188376729,4.500730007210846,-5.22693,5.22507,-5.22135,1.6005619438877756,0.8539905959788417,0.0,2.73029,2.67941,58.98862124248497,31.36343358613499,0.0,100.0,100.0,3.8182118826541975,0.36533954811127145,2.749876,4.200459,2.749876,-0.0001039385163733571,0.0009092937621866318,-0.011470999999999343,0.014880999999999922,-0.001031786589440855,0.004292894329840219,-0.027900000000000036,0.020460000000000145,ISC_BD_1.8CC_1.8CD_700ohm.csv,0,Normal,CC,1.8,1.8,700,CC_CC1.8_CD1.8_700ohm
0.0026542946875506962,3.19120844615422,-3.479353,3.479353,-3.478733,1.4663269221701924,0.8133730771569738,0.0,2.644125,2.637234,55.51352082996932,30.782320983994605,0.0,100.0,100.0,3.7784987345389958,0.3278864953026546,2.748946,4.200149,2.748946,-6.965562913907285e-05,0.0010076468798839015,-0.009611000000000036,0.015191000000000177,-0.0004683598772411565,0.003791696740968935,-0.24801600000000024,0.0006200000000000649,ISC_BD_1.2CC_1.2CD_500ohm.csv,0,Normal,CC,1.2,1.2,500,CC_CC1.2_CD1.2_500ohm
0.0011586444116562903,3.6289894541209136,-4.0594,4.0594,-4.05909,1.4806950202877167,0.805180440573125,0.0,2.587559,2.578636,57.29644898561417,31.13922472218942,0.0,100.0,100.0,3.7921863675765404,0.3515026912497447,2.748326,4.200149,2.748326,-9.655221402214012e-05,0.0011042967787563884,-0.013020999999999727,0.016431000000000306,-0.0006420042435424354,0.004997445205928595,-0.28552900000000037,0.0003100000000006986,ISC_BD_1.4CC_1.4CD_20ohm.csv,0,Normal,CC,1.4,1.4,20,CC_CC1.4_CD1.4_20ohm
0.0009512600596726587,2.1405232446201445,-4.348958,1.449653,-4.348649,1.73305080646722,0.9002062726944066,0.0,2.790986,2.789001,62.101203644867354,32.255004241052816,0.0,100.0,100.0,3.892940794532699,0.3066473293535693,2.749876,4.200149,2.749876,-2.700387127994199e-05,0.0005155630369067377,-0.007441000000000031,0.007439999999999891,-0.00011221630776675537,0.0008315588305783798,-0.06789500000000004,0.0021700000000000053,ISC_BD_0.5CC_1.5CD_10ohm.csv,0,Normal,CC,0.5,1.5,10,CC_CC0.5_CD1.5_10ohm
-0.006194807618129181,2.2151455947767107,-2.319383,2.319383,-2.31901,1.3270176777965283,0.7547601194458664,0.0,2.51198,2.51198,52.98113305207329,30.147407481960652,0.0,100.0,100.0,3.7509846493490833,0.3043649918995357,2.749566,4.200149,2.749566,-6.436640945261624e-05,0.0005775643033258228,-0.0049600000000000755,0.006510000000000016,-0.00020985206173137209,0.002350191474107838,-0.19642899999999974,0.0022320000000000118,ISC_BD_0.8CC_0.8CD_400ohm.csv,0,Normal,CC,0.8,0.8,400,CC_CC0.8_CD0.8_400ohm
0.057951483753692454,4.475428461085002,-5.22507,5.22507,-5.21763,1.5650930220404453,0.8326072907500226,0.0,2.66689,2.58778,59.26355457850489,31.344927540865797,0.0,100.0,100.0,3.820728848670756,0.37074779448442013,2.749876,4.200149,2.749876,-0.00010979995453512176,0.0009116694414770122,-0.012090000000000156,0.014880999999999922,-0.001055010229597636,0.004290721362167698,-0.05952000000000002,0.020459999999999923,ISC_BD_1.8CC_1.8CD_600ohm.csv,0,Normal,CC,1.8,1.8,600,CC_CC1.8_CD1.8_600ohm
0.004172295370681552,3.2943529666673474,-4.349268,2.900856,-4.348958,1.4185316251257967,0.790203729698381,0.0,2.567435,2.554993,55.33699166387119,30.809430203339836,0.0,100.0,100.0,3.7870910298557527,0.32687965584253087,2.748636,4.200149,2.748636,-7.906543624161078e-05,0.000992926210190061,-0.011160999999999976,0.011781000000000041,-0.00038950151006711414,0.0035880120534986103,-0.23375500000000038,0.0012400000000001299,ISC_BD_1.0CC_1.5CD_400ohm.csv,0,Normal,CC,1.0,1.5,400,CC_CC1.0_CD1.5_400ohm
0.0005456171924623239,2.5606673944894816,-1.46205,5.81101,-1.45089,1.51395353165361,0.8406019365776793,0.0,2.75767,2.75767,54.91699886724539,30.49725980073445,0.0,100.0,100.0,3.7484571304255767,0.3296185750110476,2.749876,4.200149,2.749876,-6.332359169843285e-05,0.0005733964878311777,-0.0037200000000003897,0.016430999999999862,-0.0005528748411689962,0.0037760655056500625,-0.035339999999999705,0.020460000000000145,ISC_BD_2.0CC_0.5CD_30ohm.csv,0,Normal,CC,2.0,0.5,30,CC_CC2.0_CD0.5_30ohm
-0.0026929165762134217,2.955558369244293,-3.190414,3.190724,-3.189484,1.4089617441463793,0.7862723916988137,0.0,2.560394,2.556198,55.06578799813924,30.722906000605615,0.0,100.0,100.0,3.7728032580244997,0.32195537832955123,2.749876,4.200149,2.749876,-8.246998604001865e-05,0.0008672824612003211,-0.007750999999999841,0.013020999999999727,-0.00040494447029626186,0.0038373911131247365,-0.2554560000000001,0.0009299999999998754,ISC_BD_1.1CC_1.1CD_400ohm.csv,0,Normal,CC,1.1,1.1,400,CC_CC1.1_CD1.1_400ohm
0.008282696041055781,3.0089445617761665,-4.349578,2.319879,-4.348958,1.422041837829912,0.8022542471795061,0.0,2.642851,2.623993,53.92082901759531,30.402861900035465,0.0,100.0,100.0,3.776639448240469,0.3089834402327346,2.749566,4.200459,2.749566,-5.765679084775596e-05,0.0008211563077811965,-0.010849999999999582,0.010850999999999722,-0.0002551821648577295,0.002779100014356984,-0.20585299999999984,0.0006209999999997606,ISC_BD_0.8CC_1.5CD_700ohm.csv,0,Normal,CC,0.8,1.5,700,CC_CC0.8_CD1.5_700ohm
0.05309919521729149,4.851883064889737,-5.80171,5.80357,-5.79613,1.6508610324212463,0.8592042683002027,0.0,2.7399,2.68821,60.6054002529317,31.422543585428322,0.0,100.0,100.0,3.8317106521039315,0.3802341427414886,2.749876,4.200149,2.749876,-9.485300207039343e-05,0.0009155467071156642,-0.008989999999999831,0.015191000000000177,-0.0012011387163561077,0.003922747654797575,-0.02232000000000056,0.014880000000000004,ISC_BD_2.0CC_2.0CD_10ohm.csv,0,Normal,CC,2.0,2.0,10,CC_CC2.0_CD2.0_10ohm
0.0017356455387617328,3.187698247827302,-3.479353,3.479353,-3.479043,1.4582828183000163,0.8078691750502596,0.0,2.621433,2.611243,55.71465928815212,30.848059428232744,0.0,100.0,100.0,3.7803587931090528,0.3281895145072167,2.749256,4.200459,2.749256,-8.19528531946025e-05,0.0009579081104264508,-0.009300999999999782,0.014880999999999922,-0.0004715568200292635,0.004068682227047744,-0.26103699999999996,0.0003100000000002545,ISC_BD_1.2CC_1.2CD_700ohm.csv,0,Normal,CC,1.2,1.2,700,CC_CC1.2_CD1.2_700ohm
-0.022629365032146527,1.9216199436776626,-1.449405,2.898252,-1.449219,1.384332689185299,0.7833309104154161,0.0,2.630926,2.630926,53.12357815948565,30.13849795543097,0.0,100.0,100.0,3.7398217553977546,0.30189135971462405,2.749876,4.200149,2.749876,-5.549352145119495e-05,0.000508092829995208,-0.0043400000000000105,0.008059999999999956,-0.00022259305115654093,0.0020313408116894712,-0.17001500000000025,0.0026039999999999397,ISC_BD_1.0CC_0.5CD_200ohm.csv,0,Normal,CC,1.0,0.5,200,CC_CC1.0_CD0.5_200ohm
-0.0007852319756043483,2.5547833457880436,-1.46019,5.80357,-1.45461,1.5044989457634506,0.8337134054517233,0.0,2.73849,2.73849,55.00373831409279,30.49994572381331,0.0,100.0,100.0,3.7482432670442174,0.33077501142217813,2.749876,4.200459,2.749876,-6.696830065359477e-05,0.0005601199445666886,-0.003409999999999691,0.015810999999999797,-0.0005685718954248365,0.0032540626375909595,-0.027900000000000702,0.02418000000000009,ISC_BD_2.0CC_0.5CD_500ohm.csv,0,Normal,CC,2.0,0.5,500,CC_CC2.0_CD0.5_500ohm
0.006857544206607738,2.8331534522850377,-5.80915,1.45647,-5.80171,1.4159218101442532,0.8138691665439486,0.0,2.74169,2.73166,51.67914416007445,29.702531951248346,0.0,100.0,100.0,3.769152980572359,0.29134751201715886,2.749876,4.200459,2.749876,-3.2358273213870165e-05,0.0005484730326148444,-0.012090999999999852,0.004650000000000265,-0.00010107865952990454,0.0025808867580112186,-0.02417999999999987,0.01859999999999995,ISC_BD_0.5CC_2.0CD_100ohm.csv,0,Normal,CC,0.5,2.0,100,CC_CC0.5_CD2.0_100ohm
0.005220972901325603,3.0080376391515453,-4.349578,2.319879,-4.348958,1.4159039066273933,0.7977271897725844,0.0,2.625381,2.615519,53.99134379970545,30.4101154320372,0.0,100.0,100.0,3.778729909572901,0.30977698928784236,2.749876,4.200149,2.749876,-5.782027106658817e-05,0.0008216938115948929,-0.008990999999999971,0.010231000000000101,-0.0002562641426045963,0.0027224600041776555,-0.19934199999999969,0.0009299999999998754,ISC_BD_0.8CC_1.5CD_600ohm.csv,0,Normal,CC,0.8,1.5,600,CC_CC0.8_CD1.5_600ohm
0.058324998804113626,4.871110763295735,-5.80357,5.80729,-5.79985,1.626052028222913,0.8499988806395945,0.0,2.71404,2.63919,60.431007510165024,31.41143813465926,0.0,100.0,100.0,3.833491581679024,0.3805531893812024,2.749876,4.200769,2.749876,-0.00011647068676716924,0.0009860590403751638,-0.012401000000000106,0.017361000000000182,-0.0012480904522613068,0.0052286136965361725,-0.04463999999999979,0.05393999999999988,ISC_BD_2.0CC_2.0CD_1000ohm.csv,0,Normal,CC,2.0,2.0,1000,CC_CC2.0_CD2.0_1000ohm
0.06104753724802809,4.228209859060712,-4.35454,5.80543,-4.34524,1.526373407099036,0.8055189865563471,0.0,2.5862,2.50709,59.68946566608239,31.282901286567483,0.0,100.0,100.0,3.8129879147677475,0.38092978879846706,2.749876,4.200149,2.749876,-0.00011858483121437973,0.0008908831741641912,-0.009610999999999592,0.016742000000000257,-0.0011433077597544938,0.004371917799519692,-0.05021999999999949,0.020459999999999923,ISC_BD_2.0CC_1.5CD_800ohm.csv,0,Normal,CC,2.0,1.5,800,CC_CC2.0_CD1.5_800ohm
0.004443319324090053,3.001300990280596,-4.349578,2.319879,-4.349268,1.4421232700751012,0.8112857584249399,0.0,2.66649,2.657831,54.134858578856154,30.446440762569537,0.0,100.0,100.0,3.7831922115828998,0.31112718560019353,2.749256,4.200459,2.749256,-5.7014591158624704e-05,0.000832486357574606,-0.010230999999999657,0.010229999999999961,-0.00025175122796879514,0.0027059866749894867,-0.202442,0.0009300000000000974,ISC_BD_0.8CC_1.5CD_100ohm.csv,0,Normal,CC,0.8,1.5,100,CC_CC0.8_CD1.5_100ohm
0.0018711690799395973,2.8820068273452484,-3.190414,3.190414,-3.189794,1.4265870702865762,0.7840177294978151,0.0,2.541996,2.530437,56.218793619909505,30.875592264692806,0.0,100.0,100.0,3.77562767224736,0.3554345136420056,2.749566,4.200149,2.749566,-6.894523234761623e-05,0.0008310971807101589,-0.0071310000000002205,0.015190999999999732,-0.0003937457754978878,0.002428455584921307,-0.13516800000000018,0.0009310000000000151,ISC_BD_1.1CC_1.1CD_100ohm.csv,0,Normal,CC,1.1,1.1,100,CC_CC1.1_CD1.1_100ohm
0.012556824581185382,3.2742023372460385,-4.347098,2.898685,-4.346788,1.4715413561533506,0.8180924071959876,0.0,2.659182,2.632034,55.51745512242267,30.828379511585318,0.0,100.0,100.0,3.789357238563144,0.3311781297847182,2.749876,4.200149,2.749876,-6.494118594908153e-05,0.0009156994504567949,-0.009920999999999847,0.013641000000000236,-0.0003736622623267805,0.003079806891664427,-0.196863,0.0006209999999997606,ISC_BD_1.0CC_1.5CD_300ohm.csv,0,Normal,CC,1.0,1.5,300,CC_CC1.0_CD1.5_300ohm
0.0327059463128044,4.128051779240803,-4.929006,4.929006,-4.928075,1.564573859197731,0.812192085626604,0.0,2.608551,2.559982,60.33153142220421,31.20267702752674,0.0,100.0,100.0,3.823222475081037,0.39771699568284763,2.749566,4.200149,2.749566,-9.90879610863398e-05,0.0009713180960272963,-0.008061000000000096,0.015190999999999732,-0.0008814894608836643,0.0035672072588511564,-0.15934999999999988,0.0009310000000004592,ISC_BD_1.7CC_1.7CD_600ohm.csv,0,Normal,CC,1.7,1.7,600,CC_CC1.7_CD1.7_600ohm
0.014046966835831799,2.8331805341861593,-5.80729,1.45647,-5.80171,1.4231840528738344,0.8182437549990099,0.0,2.76274,2.73111,51.62297692670837,29.671717103576793,0.0,100.0,100.0,3.766612190133365,0.2911424139778312,2.749876,4.200459,2.749876,-2.8948766379412115e-05,0.0005699098783085597,-0.014260999999999857,0.005271000000000026,-0.00010254633455318145,0.0022770250474626174,-0.02418000000000009,0.026040000000000063,ISC_BD_0.5CC_2.0CD_700ohm.csv,0,Normal,CC,0.5,2.0,700,CC_CC0.5_CD2.0_700ohm
-0.003980029670329694,2.0090007308265707,-2.898996,1.449405,-2.89881,1.3417604465534465,0.7700337776435637,0.0,2.610538,2.610538,51.55590094905095,29.592104223573028,0.0,100.0,100.0,3.7565028786213785,0.277154218027221,2.749876,4.200149,2.749876,-4.240777378097522e-05,0.0005553527498930357,-0.011471000000000231,0.004649999999999821,-8.702118305355715e-05,0.0006874213552597601,-0.050780999999999965,0.00037200000000003897,ISC_BD_0.5CC_1.0CD_400ohm.csv,0,Normal,CC,0.5,1.0,400,CC_CC0.5_CD1.0_400ohm
-0.005543971821145638,2.2076478265027566,-2.319383,2.319383,-2.31901,1.373264949697252,0.7792777090736851,0.0,2.58866,2.58866,53.168945121099206,30.182485254258598,0.0,100.0,100.0,3.752098742897066,0.30053780443179556,2.749876,4.200149,2.749876,-5.571406941532728e-05,0.0006018790679765232,-0.0065110000000001556,0.007441000000000031,-0.0002026502445842068,0.0025980091851925914,-0.22284300000000012,0.0022319999999999007,ISC_BD_0.8CC_0.8CD_700ohm.csv,0,Normal,CC,0.8,0.8,700,CC_CC0.8_CD0.8_700ohm
-0.005939901784711975,2.2122527080735472,-2.318825,2.31901,-2.318639,1.4249102379616116,0.8097037360052409,0.0,2.696737,2.696737,52.95939704792906,30.104749243386433,0.0,100.0,100.0,3.7576643761364914,0.2979483230220535,2.749876,4.200149,2.749876,-4.813708319299428e-05,0.0006185958583946681,-0.005891000000000091,0.007750000000000146,-0.00019520085326147976,0.0014504413351319912,-0.11235200000000001,0.0005580000000000584,ISC_BD_0.8CC_0.8CD_100ohm.csv,0,Normal,CC,0.8,0.8,100,CC_CC0.8_CD0.8_100ohm
-0.011671575998841907,1.6986609304287363,-1.449343,2.898996,-1.449033,1.7155813943254195,0.8931824267766654,0.0,2.817979,2.817979,61.32329947886508,32.03605206150878,0.0,100.0,100.0,3.8408776087869145,0.3275431816061424,2.749876,4.200149,2.749876,-3.938649196467355e-05,0.0005109062539094553,-0.0043400000000000105,0.014571000000000112,-0.00020564000289561313,0.0020174595387323978,-0.18291099999999982,0.0018600000000000005,ISC_BD_1.0CC_1.5CD_20ohm.csv,0,Normal,CC,1.0,1.5,20,CC_CC1.0_CD1.5_20ohm
-0.013948050634083189,1.9321276602570145,-1.450273,2.899926,-1.449653,1.4376700629454782,0.8158708884561194,0.0,2.734821,2.734821,52.88211793946127,30.057611660114972,0.0,100.0,100.0,3.7389954926409334,0.3004606936575045,2.749876,4.200149,2.749876,-4.681436903990367e-05,0.000537239852532435,-0.004650999999999961,0.007750999999999841,-0.00021484112582168316,0.0015652002790841459,-0.12276799999999977,0.0012400000000000189,ISC_BD_1.0CC_0.5CD_300ohm.csv,0,Normal,CC,1.0,0.5,300,CC_CC1.0_CD0.5_300ohm
-0.0009241016012472479,2.7112181457510287,-2.898252,2.898624,-2.897694,1.4026290187048323,0.7886025617586857,0.0,2.580708,2.580708,54.35760878560294,30.562373841800294,0.0,100.0,100.0,3.7545138198951395,0.322414471673932,2.749256,4.200149,2.749256,-6.872728561304047e-05,0.000724097850300613,-0.007130000000000081,0.008370999999999906,-0.0003287309709425939,0.002692309558891557,-0.19196499999999972,0.0024180000000000312,ISC_BD_1.0CC_1.0CD_600ohm.csv,0,Normal,CC,1.0,1.0,600,CC_CC1.0_CD1.0_600ohm
0.08271290991420396,4.8583554988199,-5.80915,5.80543,-5.79985,1.6296060557673973,0.8525276024424928,0.0,2.72971,2.62555,60.41013341277407,31.35348332364707,0.0,100.0,100.0,3.84055113798856,0.3750852474247194,2.749876,4.200459,2.749876,-0.00011213638531235097,0.0010196599342846705,-0.013021000000000171,0.017670999999999992,-0.0012436266094420602,0.004258144960761912,-0.027900000000000036,0.022319999999999895,ISC_BD_2.0CC_2.0CD_600ohm.csv,0,Normal,CC,2.0,2.0,600,CC_CC2.0_CD2.0_600ohm
-0.012385911550021632,2.305968916409411,-1.45833,5.80357,-1.45461,1.7473172511807642,0.9007408885120207,0.0,2.85674,2.85674,61.656375732073855,31.947112372245567,0.0,100.0,100.0,3.8304679835981106,0.3421457030780987,2.749876,4.200459,2.749876,-5.1603366829854836e-05,0.0005043019018477585,-0.0030999999999998806,0.014570999999999668,-0.0004935076870222451,0.0026574999189286955,-0.020460000000000145,0.027900000000000036,ISC_BD_2.0CC_0.5CD_50ohm.csv,0,Normal,CC,2.0,0.5,50,CC_CC2.0_CD0.5_50ohm
-0.007913545113038649,1.4983709997551955,-1.739397,1.739397,-1.739211,1.6629743731302506,0.8815333146536584,0.0,2.7786,2.7786,60.285010825763266,32.02542936556533,0.0,100.0,100.0,3.8476428541083254,0.31671651713010307,2.749876,4.200459,2.749876,-3.409604481180405e-05,0.00043659540454695373,-0.004961000000000215,0.007440000000000335,-0.00011488031969396818,0.0007203883218239416,-0.051153000000000004,0.0024180000000000035,ISC_BD_0.6CC_0.6CD_10ohm.csv,0,Normal,CC,0.6,0.6,10,CC_CC0.6_CD0.6_10ohm
9.222062203191779e-05,3.0630685978737353,-2.899306,4.348958,-2.898996,1.4982565075838825,0.8013801878623668,0.0,2.589051,2.583273,57.923831561207294,30.968133140277736,0.0,100.0,100.0,3.7855804767887244,0.36931955203370115,2.749256,4.200149,2.749256,-8.305195402298854e-05,0.0008977716090153652,-0.008680999999999717,0.015810999999999797,-0.0005776108812260536,0.003015071915541673,-0.16120999999999963,0.0009299999999994313,ISC_BD_1.5CC_1.0CD_500ohm.csv,0,Normal,CC,1.5,1.0,500,CC_CC1.5_CD1.0_500ohm
0.07071444126074494,4.876780506098588,-5.80357,5.80729,-5.79799,1.6313676981852914,0.8543965471141958,0.0,2.73017,2.64761,60.321476002865325,31.39739009590166,0.0,100.0,100.0,3.836073664040114,0.37544203182829017,2.749876,4.200459,2.749876,-0.00011279503105590066,0.0009957896281571116,-0.010851000000000166,0.016431000000000306,-0.0012460033444816057,0.004141491314402991,-0.022330000000000183,0.024190000000000156,ISC_BD_2.0CC_2.0CD_200ohm.csv,0,Normal,CC,2.0,2.0,200,CC_CC2.0_CD2.0_200ohm
0.00804366655473509,3.4049587108338355,-3.769531,3.769531,-3.768601,1.518071389187374,0.8332639632960603,0.0,2.689594,2.672848,56.57591020819342,31.02402774359344,0.0,100.0,100.0,3.787677641202149,0.3377141732328564,2.749566,4.200149,2.749566,-7.523983876385622e-05,0.0010440135969637793,-0.010231000000000101,0.019840999999999998,-0.0005359479341619079,0.004355349251701257,-0.2647569999999999,0.0021700000000000053,ISC_BD_1.3CC_1.3CD_30ohm.csv,0,Normal,CC,1.3,1.3,30,CC_CC1.3_CD1.3_30ohm
0.009438948470384257,2.45434654121271,-4.348958,1.449343,-4.348028,1.3903895989368626,0.7978217035146711,0.0,2.698608,2.674282,51.63087475591235,29.618543056498613,0.0,100.0,100.0,3.765379881319158,0.2843157595969547,2.749876,4.200149,2.749876,-3.481662326388891e-05,0.0005957340193596604,-0.007129999999999637,0.005889999999999951,-9.445909288194447e-05,0.0009363063185444353,-0.0750249999999999,0.0009299999999994313,ISC_BD_0.5CC_1.5CD_300ohm.csv,0,Normal,CC,0.5,1.5,300,CC_CC0.5_CD1.5_300ohm
0.06756820631067963,4.635223066261668,-5.51525,5.51339,-5.50595,1.5254325631067962,0.800254688725943,0.0,2.56077,2.47644,60.19011058252428,31.364622584171816,0.0,100.0,100.0,3.8303922851941747,0.38600697240197446,2.749876,4.200459,2.749876,-0.00012083074307916471,0.0009460175782972851,-0.011159999999999837,0.015500999999999987,-0.0011947571636716854,0.0039010224461197393,-0.020469999999999988,0.0167400000000002,ISC_BD_1.9CC_1.9CD_700ohm.csv,0,Normal,CC,1.9,1.9,700,CC_CC1.9_CD1.9_700ohm
-0.0046769008571891976,3.1834462994243835,-3.479353,3.479663,-3.478733,1.4614835285460133,0.8093963458487264,0.0,2.626614,2.626614,55.6666750444768,30.83246718393252,0.0,100.0,100.0,3.7814929946627855,0.32832284302714737,2.749566,4.200149,2.749566,-7.66397023135415e-05,0.0010236713934571704,-0.011470999999999787,0.016430999999999862,-0.00046926807959877045,0.004225498710782034,-0.28087799999999996,0.0006200000000000649,ISC_BD_1.2CC_1.2CD_100ohm.csv,0,Normal,CC,1.2,1.2,100,CC_CC1.2_CD1.2_100ohm
0.034051420718815686,4.396355219228167,-5.80543,4.36198,-5.79799,1.586147951374207,0.8518440922083141,0.0,2.71789,2.68247,58.582973467230445,31.397865003259124,0.0,100.0,100.0,3.8207491463002112,0.3618513878929069,2.749876,4.200149,2.749876,-8.793062605752968e-05,0.0008623809339479864,-0.013951000000000047,0.015500999999999987,-0.0007959010152284264,0.0035940094411769903,-0.020459999999999923,0.016739999999999977,ISC_BD_1.5CC_2.0CD_20ohm.csv,0,Normal,CC,1.5,2.0,20,CC_CC1.5_CD2.0_20ohm
0.0061449994570529675,2.5485140248068103,-1.46205,5.80915,-1.45461,1.5068533825605386,0.8359215163053486,0.0,2.74348,2.73362,55.05132279291997,30.517285721744962,0.0,100.0,100.0,3.751628045933326,0.33160436409548527,2.749876,4.200149,2.749876,-6.121592266753552e-05,0.0006042406228125977,-0.0037199999999995015,0.016430999999999862,-0.0005671065493646138,0.0036922152064037842,-0.039060000000000095,0.01859999999999995,ISC_BD_2.0CC_0.5CD_400ohm.csv,0,Normal,CC,2.0,0.5,400,CC_CC2.0_CD0.5_400ohm
-0.017404833696125537,1.7520876664239735,-1.449405,2.319197,-1.449219,1.4133728659991294,0.8064759726025666,0.0,2.726826,2.726826,52.299376691336526,29.89121502822282,0.0,100.0,100.0,3.7391455160644314,0.29121429870131543,2.749876,4.200149,2.749876,-4.406087259426979e-05,0.0005157844817716617,-0.0037199999999999456,0.00558000000000014,-0.00015147592092658711,0.0014231903799294535,-0.1283479999999999,0.0048360000000000625,ISC_BD_0.8CC_0.5CD_100ohm.csv,0,Normal,CC,0.8,0.5,100,CC_CC0.8_CD0.5_100ohm
-0.007511898788463822,2.5618477071208856,-1.45647,5.79799,-1.45089,1.5014901876273186,0.8342729793154943,0.0,2.75138,2.75138,54.80117629462849,30.518540914548485,0.0,100.0,100.0,3.746137565669562,0.32862463176153456,2.749876,4.200459,2.749876,-6.516225201072388e-05,0.0005612258148197489,-0.003409999999999691,0.017360999999999738,-0.0005589329758713136,0.0033265701544052274,-0.029759999999999565,0.018600000000000172,ISC_BD_2.0CC_0.5CD_100ohm.csv,0,Normal,CC,2.0,0.5,100,CC_CC2.0_CD0.5_100ohm
-0.014882088531761213,1.9317774282334996,-1.450273,2.899926,-1.449653,1.4015542124381895,0.7945791332643432,0.0,2.659978,2.659978,52.998282807151014,30.094068633338644,0.0,100.0,100.0,3.73705485726512,0.29921283648550195,2.749566,4.200149,2.749566,-5.484468327943697e-05,0.000580006223244125,-0.004650999999999961,0.012090000000000156,-0.00022058769260034243,0.0022498000135957497,-0.17516199999999982,0.0009299999999998754,ISC_BD_1.0CC_0.5CD_10ohm.csv,0,Normal,CC,1.0,0.5,10,CC_CC1.0_CD0.5_10ohm
-0.004228798507462524,2.5624491167292907,-1.45089,5.80171,-1.44531,1.5006614818763326,0.8330741527666983,0.0,2.73975,2.73975,54.87713239872068,30.49608765218764,0.0,100.0,100.0,3.745889791577825,0.3283389721700862,2.749876,4.200459,2.749876,-6.284357005758163e-05,0.000578703382519392,-0.0037199999999995015,0.016741000000000117,-0.0005565674984005118,0.0031269770507514534,-0.029760000000000453,0.022320000000000118,ISC_BD_2.0CC_0.5CD_20ohm.csv,0,Normal,CC,2.0,0.5,20,CC_CC2.0_CD0.5_20ohm
-0.01970296827477713,1.7530844317914909,-1.449777,2.319755,-1.449591,1.4101581996154517,0.8038172764642942,0.0,2.722698,2.722698,52.2931236234924,29.85923772795253,0.0,100.0,100.0,3.7384629822583464,0.2920656552399238,2.749566,4.201079,2.749566,-4.7776660839160816e-05,0.0004908877393582022,-0.00403100000000034,0.009301000000000226,-0.00015212657342657344,0.0010562241879271779,-0.051339000000000024,0.0005580000000000584,ISC_BD_0.8CC_0.5CD_1000ohm.csv,0,Normal,CC,0.8,0.5,1000,CC_CC0.8_CD0.5_1000ohm
0.0074023077490771505,3.6415982439841534,-4.0594,4.05909,-4.05909,1.4823238494464945,0.8090137655852512,0.0,2.604864,2.591044,57.01852108856088,31.092375213512504,0.0,100.0,100.0,3.7898043075645753,0.3469020840641229,2.748636,4.200149,2.748636,-9.006459948320418e-05,0.0011024736036644495,-0.010541000000000356,0.018911000000000122,-0.0006426417497231451,0.004948825955231806,-0.2811880000000002,0.0003100000000006986,ISC_BD_1.4CC_1.4CD_50ohm.csv,0,Normal,CC,1.4,1.4,50,CC_CC1.4_CD1.4_50ohm
0.007668476202499708,3.2357952567618624,-5.80171,2.90737,-5.79799,1.8745492879686907,0.9126176185807036,0.0,2.83255,2.80782,66.27306721373566,32.21949006213086,0.0,100.0,100.0,3.912258240878676,0.33735882217202695,2.749876,4.200149,2.749876,-3.981437050132593e-05,0.0005927576288908276,-0.011470999999999787,0.008989999999999831,-0.00035938754893294616,0.0028427906345291974,-0.03349000000000002,0.027900000000000036,ISC_BD_1.0CC_2.0CD_50ohm.csv,0,Normal,CC,1.0,2.0,50,CC_CC1.0_CD2.0_50ohm
0.013070424536475549,3.573863538332078,-2.91109,5.80729,-2.89993,1.5486687003985444,0.8415028215895634,0.0,2.71211,2.70089,57.216864269623976,31.062408005818753,0.0,100.0,100.0,3.7796767577542885,0.3512019498707053,2.749876,4.200459,2.749876,-0.00010866007973652282,0.0007107581685327291,-0.0065109999999997115,0.016121000000000052,-0.0009041029641185648,0.005729929779792506,-0.06137999999999977,0.05953000000000008,ISC_BD_2.0CC_1.0CD_300ohm.csv,0,Normal,CC,2.0,1.0,300,CC_CC2.0_CD1.0_300ohm
0.041067931279620405,4.665704378670959,-5.52269,5.51339,-5.50967,1.5620740829383888,0.8213146739077782,0.0,2.62034,2.56881,59.98913047393365,31.418315912128616,0.0,100.0,100.0,3.824208612085308,0.3825418226690775,2.749876,4.200459,2.749876,-0.00011495282124229493,0.0009395799910318267,-0.010540999999999912,0.016741000000000117,-0.0011686367946894263,0.004587540917765831,-0.020460000000000145,0.026040000000000063,ISC_BD_1.9CC_1.9CD_500ohm.csv,0,Normal,CC,1.9,1.9,500,CC_CC1.9_CD1.9_500ohm
0.00837701495295669,3.4003314225396233,-3.769531,3.769531,-3.769221,1.5178922463037636,0.8317964735998241,0.0,2.688016,2.666567,56.63979574932795,30.999194557804245,0.0,100.0,100.0,3.788774959677419,0.3392405067166091,2.749256,4.200149,2.749256,-7.909394957983194e-05,0.0010028909282162413,-0.009301000000000226,0.016121000000000052,-0.0005360998319327732,0.004462171034486672,-0.27746700000000013,0.0015500000000000513,ISC_BD_1.3CC_1.3CD_50ohm.csv,0,Normal,CC,1.3,1.3,50,CC_CC1.3_CD1.3_50ohm
-0.00800752632449419,1.6034143927013986,-5.41481,2.71205,-5.40551,0.4095309851700755,0.7745853080637537,0.0,2.636,0.01868,57.371017106786475,34.53943054958843,0.0,100.0,100.0,3.756435914052594,0.24312766914482367,3.042535,4.200149,3.042535,-1.3195897888294643e-05,0.014062531878141058,-0.18725199999999997,0.18942199999999998,-0.000377931300656117,0.4159285251139788,-4.73773,4.7340100000000005,ISC_BD_0.7CC_DST_10ohm.csv,0,Normal,DST,0.7,,10,DST_CC0.7_10ohm
-0.009644955092265012,1.604533962659989,-5.41481,2.70833,-5.40551,0.412593561591639,0.7874742053647947,0.0,2.70847,0.01846,57.32505870121388,34.56759501495741,0.0,100.0,100.0,3.7597049078983176,0.24469185442466626,3.035404,4.200149,3.035404,-1.0261364254994803e-05,0.012462293229909452,-0.17330099999999993,0.1788820000000002,-0.00037214546246393325,0.41890246290362304,-4.74331,4.73401,ISC_BD_0.7CC_DST_700ohm.csv,0,Normal,DST,0.7,,700,DST_CC0.7_700ohm
0.005467079296277398,2.1233607226352125,-5.42597,5.22693,-5.40551,0.32117679563997964,0.7660575520068742,0.0,2.71165,0.01865,59.7056391381948,35.254026846712364,0.0,100.0,100.0,3.7742906958184603,0.25414996587317507,3.075087,4.204179,3.075087,-1.8143376259084577e-05,0.015049567302284083,-0.18601199999999984,0.1884920000000001,-0.0006401198520974114,0.44712261273416454,-4.75075,4.76377,ISC_BD_1.8CC_DST_1000ohm.csv,0,Normal,DST,1.8,,1000,DST_CC1.8_1000ohm
0.012229749321617765,2.047717282068762,-5.41481,4.6503,-5.40923,0.3318298585088513,0.7638374084348165,0.0,2.66571,0.01855,59.6141196278589,35.16738487423716,0.0,100.0,100.0,3.7732842393074044,0.2537131472803969,3.068887,4.202319,3.068887,-1.9090656500387654e-05,0.015042836379723909,-0.19283199999999967,0.19500200000000012,-0.0006121471956577917,0.4443274722927449,-4.73773,4.77121,ISC_BD_1.6CC_DST_600ohm.csv,0,Normal,DST,1.6,,600,DST_CC1.6_600ohm
-0.006395787949728921,1.960929050545769,-5.41109,4.06808,-5.40737,0.32477564625431243,0.7446495719327801,0.0,2.638,0.01874,59.0841032528339,35.13126466286906,0.0,100.0,100.0,3.762371430076392,0.25618929465204393,2.999752,4.203559,2.999752,-2.1088231669747373e-05,0.015347630395364848,-0.19531300000000007,0.19965300000000008,-0.0005474916820702401,0.43959622234531787,-4.73959,4.7470300000000005,ISC_BD_1.4CC_DST_100ohm.csv,0,Normal,DST,1.4,,100,DST_CC1.4_100ohm
0.011112476797426094,2.043481186151748,-5.41667,4.64286,-5.40737,0.3453103947531246,0.7874411542177824,0.0,2.72006,0.01868,59.610780058161126,35.13747312988489,0.0,100.0,100.0,3.7754372883306515,0.25502692842847285,3.073227,4.204799,3.073227,-2.1620792079207917e-05,0.016119766183224728,-0.19748300000000008,0.1999629999999999,-0.0005856615099009891,0.44059314538872607,-4.73959,4.73773,ISC_BD_1.6CC_DST_10ohm.csv,0,Normal,DST,1.6,,10,DST_CC1.6_10ohm
-0.002390778766687977,1.5309830341405457,-5.41109,2.71019,-5.39993,0.4403775731087095,0.790650652291066,0.0,2.66543,0.01852,56.74663613583386,34.35011016637706,0.0,100.0,100.0,3.7581970314685313,0.2391382769977963,3.079737,4.200769,3.079737,-8.705626788174206e-06,0.013466872093054054,-0.18043200000000015,0.18384200000000028,-0.0003473063473561512,0.4073656840100698,-4.7414499999999995,4.73215,ISC_BD_0.6CC_DST_100ohm.csv,0,Normal,DST,0.6,,100,DST_CC0.6_100ohm
0.010298529037997177,2.209767110255736,-5.42225,5.80729,-5.40737,0.31411790570593473,0.7650960873536912,0.0,2.72448,0.01858,59.78710886389631,35.284802208559164,0.0,100.0,100.0,3.7732281858558903,0.25339761782106734,3.085007,4.200149,3.085007,-2.0036286222674108e-05,0.0143677967356676,-0.18074100000000026,0.18136200000000002,-0.0006754397559735641,0.4471650275965975,-4.74517,4.74331,ISC_BD_2.0CC_DST_100ohm.csv,0,Normal,DST,2.0,,100,DST_CC2.0_100ohm
-0.009893933643486952,1.9152772630419677,-5.41667,3.78162,-5.40551,0.3317936630754163,0.7468350105109006,0.0,2.62873,0.01858,58.99875881488736,35.09705049448857,0.0,100.0,100.0,3.7625999242164547,0.2556464528061783,2.989831,4.200459,2.989831,-2.2814007591526863e-05,0.014095177593087807,-0.20368299999999984,0.20306300000000022,-0.0005269235949553077,0.4379297033817972,-4.74331,4.73773,ISC_BD_1.3CC_DST_50ohm.csv,0,Normal,DST,1.3,,50,DST_CC1.3_50ohm
0.011851400492953275,2.1116068295185895,-5.41853,5.21949,-5.40923,0.3384041882070403,0.7878563440044489,0.0,2.73832,0.01868,59.898426215003475,35.18278354242021,0.0,100.0,100.0,3.7783724432787706,0.2584156033975825,3.048735,4.206039,3.048735,-1.900764806270145e-05,0.01521035230712387,-0.194693,0.19810300000000014,-0.0006347752986536877,0.4450105654488084,-4.74517,4.7340100000000005,ISC_BD_1.8CC_DST_900ohm.csv,0,Normal,DST,1.8,,900,DST_CC1.8_900ohm
0.008467045327364331,1.8831489262789063,-5.41295,3.48586,-5.40365,0.34479659827146686,0.752380607774356,0.0,2.61989,0.01853,58.829384890878565,35.02078956993429,0.0,100.0,100.0,3.7685748226077225,0.24781839014135762,3.089968,4.203559,3.089968,-1.4844537031279149e-05,0.0155771908664273,-0.18942199999999998,0.19159300000000012,-0.0005163590572725584,0.4351047931031391,-4.74145,4.73587,ISC_BD_1.2CC_DST_20ohm.csv,0,Normal,DST,1.2,,20,DST_CC1.2_20ohm
-0.012435966977276494,1.6035603405741459,-5.41481,2.70833,-5.40551,0.4092596474306577,0.7823400354057732,0.0,2.69244,0.01857,57.32734449893739,34.581271404516706,0.0,100.0,100.0,3.7575871573211264,0.2460725012519766,2.994792,4.200149,2.994792,-1.2553545152324414e-05,0.012745210923874891,-0.18384200000000028,0.18911200000000017,-0.0003729565643904298,0.419097989898083,-4.74145,4.74145,ISC_BD_0.7CC_DST_800ohm.csv,0,Normal,DST,0.7,,800,DST_CC0.7_800ohm
0.004942769374416282,1.9621635330433331,-5.40551,4.0625,-5.40179,0.333487477124183,0.7605989843853883,0.0,2.68694,0.01866,59.16684573918456,35.15117347348498,0.0,100.0,100.0,3.767811449610955,0.2551529952392707,3.028894,4.205109,3.028894,-1.6578845794683442e-05,0.014887321005947978,-0.18880199999999991,0.19128300000000031,-0.0005526047438212037,0.44149904270261275,-4.737729999999999,4.73029,ISC_BD_1.4CC_DST_500ohm.csv,0,Normal,DST,1.4,,500,DST_CC1.4_500ohm
0.00888229893331589,2.1723543087667374,-5.41295,5.52083,-5.40551,0.3041028034814476,0.7372477436488221,0.0,2.6313,0.01861,59.70371296381126,35.27259345651815,0.0,100.0,100.0,3.771100917413782,0.25153296493904537,3.087488,4.207899,3.087488,-2.416611034753584e-05,0.016716451943470934,-0.19903199999999988,0.20089299999999977,-0.0006761633614765369,0.4461778224175103,-4.73959,4.73587,ISC_BD_1.9CC_DST_20ohm.csv,0,Normal,DST,1.9,,20,DST_CC1.9_20ohm
0.03939479606370579,1.992728621981743,-5.42039,4.35454,-5.40365,0.37643121779101385,0.8095675854908939,0.0,2.69291,0.01854,59.77603223488281,35.04420733336266,0.0,100.0,100.0,3.795077314579826,0.25081765211622736,3.094308,4.231461,3.094308,-1.9913170163170207e-05,0.01850391122132279,-0.24212599999999984,0.2384050000000002,-0.0005935424760424754,0.4373263952078499,-4.74889,4.73773,ISC_BD_1.5CC_DST_700ohm.csv,0,Normal,DST,1.5,,700,DST_CC1.5_700ohm
-0.0020791563275434992,1.72282326347826,-5.41109,2.71019,-5.40365,0.3799128709100352,0.7742986029577127,0.0,2.67189,0.01859,58.05152069363495,34.80408498834448,0.0,100.0,100.0,3.7593578082982284,0.24621365102696974,3.058656,4.204799,3.058656,-1.3866508916719568e-05,0.0158207467045528,-0.20182299999999964,0.20368300000000028,-0.00042909332256016615,0.4255799048286376,-4.73773,4.78237,ISC_BD_0.9CC_DST_30ohm.csv,0,Normal,DST,0.9,,30,DST_CC0.9_30ohm
-0.01030304887020496,1.5348915339747888,-5.41109,2.71205,-5.40365,0.43813076195480816,0.7945592376039912,0.0,2.70208,0.01865,56.851945218076715,34.36748290834087,0.0,100.0,100.0,3.7545718953231737,0.24337741467337745,3.017113,4.200149,3.017113,-1.0622924111835209e-05,0.012968764099158864,-0.18322100000000008,0.18508199999999997,-0.00034449548034475497,0.41157548450370285,-4.73587,4.73401,ISC_BD_0.6CC_DST_600ohm.csv,0,Normal,DST,0.6,,600,DST_CC0.6_600ohm
-0.013768338974998453,1.8304668779326936,-5.41109,3.19754,-5.40365,0.33696262248352044,0.747080900584544,0.0,2.68788,0.01867,58.437976275313254,35.01786456001105,0.0,100.0,100.0,3.7605778611556504,0.24861728834886712,3.004402,4.200149,3.004402,-1.896543327196056e-05,0.013154757867159418,-0.1822910000000002,0.18818199999999985,-0.0004760497713369359,0.4379522012128267,-4.7414499999999995,4.76191,ISC_BD_1.1CC_DST_200ohm.csv,0,Normal,DST,1.1,,200,DST_CC1.1_200ohm
0.015599828582559443,2.0829046791738546,-5.41295,4.9349,-5.40365,0.32936051684955514,0.7650785310406462,0.0,2.67096,0.01854,59.698199467567036,35.19150295531655,0.0,100.0,100.0,3.7773086496980715,0.2527574156937817,3.079427,4.21069,3.079427,-2.1541788427819992e-05,0.01634299543158091,-0.20368299999999984,0.20585399999999998,-0.0006333274887979741,0.4449142353099855,-4.74145,4.769349999999999,ISC_BD_1.7CC_DST_700ohm.csv,0,Normal,DST,1.7,,700,DST_CC1.7_700ohm
5.388383838433381e-06,1.4524271626070395,-5.41481,2.71205,-5.40551,0.4796299060606062,0.804301292723654,0.0,2.65956,0.01855,56.30175971212122,34.076812903986934,0.0,100.0,100.0,3.757653539242424,0.2363888691054663,3.068576,4.203249,3.068576,-9.332861905242939e-06,0.014114272595313232,-0.194693,0.19655200000000006,-0.0003168158399838367,0.3980537120715345,-4.74331,4.74517,ISC_BD_0.5CC_DST_20ohm.csv,0,Normal,DST,0.5,,20,DST_CC0.5_20ohm
0.013796446286180578,2.067912458021585,-5.41295,4.93676,-5.40551,0.34611346706850005,0.7924502923430515,0.0,2.72939,0.01867,59.84617561373768,35.151854762656974,0.0,100.0,100.0,3.777039327870911,0.259275576786963,3.028894,4.210999,3.028894,-2.088860282574567e-05,0.016200144549413185,-0.20864400000000005,0.21143400000000012,-0.000612642386185243,0.44396138687464054,-4.739590000000001,4.75633,ISC_BD_1.7CC_DST_900ohm.csv,0,Normal,DST,1.7,,900,DST_CC1.7_900ohm
9.347085201803009e-05,2.1513439423898393,-5.41853,5.51525,-5.40551,0.3119511844971172,0.7539963997965953,0.0,2.68502,0.01845,59.79311967328635,35.2744821172559,0.0,100.0,100.0,3.771529259961563,0.2577044629261999,3.031994,4.203559,3.031994,-2.2405369041517133e-05,0.014949750135611676,-0.193762,0.193762,-0.0006621488980010252,0.4482355071900904,-4.74703,4.73773,ISC_BD_1.9CC_DST_300ohm.csv,0,Normal,DST,1.9,,300,DST_CC1.9_300ohm
0.006234717790250177,2.0464461317714155,-5.41109,4.64658,-5.40365,0.3291725660591537,0.7676046971850183,0.0,2.70648,0.01858,59.49051808664943,35.202378155836485,0.0,100.0,100.0,3.7722396656366275,0.2538032258957384,3.072917,4.206039,3.072917,-1.6190160832544947e-05,0.01504169377155822,-0.1841520000000001,0.1863220000000001,-0.0005966931567328917,0.444860909330888,-4.74145,4.76005,ISC_BD_1.6CC_DST_300ohm.csv,0,Normal,DST,1.6,,300,DST_CC1.6_300ohm
-0.0008702717185726408,2.0921074587563977,-5.41667,4.9349,-5.40923,0.3143758605472197,0.7495502548298925,0.0,2.67245,0.01869,59.55173443449755,35.20496105153066,0.0,100.0,100.0,3.7649021128483167,0.25497401963157657,3.033234,4.21038,3.033234,-2.3749999999999978e-05,0.016734638779490472,-0.20492299999999997,0.20740300000000023,-0.0006149186633039088,0.4446755584642763,-4.739590000000001,4.73773,ISC_BD_1.7CC_DST_20ohm.csv,0,Normal,DST,1.7,,20,DST_CC1.7_20ohm
-0.012976503446636397,1.8318674335867224,-5.41481,3.1994,-5.40551,0.3362193035417162,0.7462426017091294,0.0,2.68998,0.01862,58.41269108628477,35.024903787678824,0.0,100.0,100.0,3.7609272576657955,0.2476772351554225,3.019593,4.200149,3.019593,-1.8388208724592898e-05,0.01297208260706328,-0.18167199999999983,0.18322100000000008,-0.00047691370498038644,0.4380309457978899,-4.74331,4.76191,ISC_BD_1.1CC_DST_600ohm.csv,0,Normal,DST,1.1,,600,DST_CC1.1_600ohm
-0.0028248184604502606,1.7808754528298958,-5.41667,2.89807,-5.40737,0.3611650719085229,0.7614763998590616,0.0,2.66266,0.01865,58.276790887657675,34.89510586194699,0.0,100.0,100.0,3.7613436079217255,0.250897320669061,3.045945,4.200459,3.045945,-1.3231195472765892e-05,0.013174727359809535,-0.17981200000000008,0.18074199999999996,-0.00045505187455788725,0.42974878409621675,-4.74145,4.73215,ISC_BD_1.0CC_DST_30ohm.csv,0,Normal,DST,1.0,,30,DST_CC1.0_30ohm
-2.5431194608052693e-05,1.532169554538297,-5.41853,2.70647,-5.40551,0.4425989385978879,0.79130000595166,0.0,2.66329,0.01852,56.82384113463886,34.340055273198615,0.0,100.0,100.0,3.7592622072918327,0.23850321739171046,3.085938,4.203559,3.085938,-8.984130354015204e-06,0.01394457979402936,-0.18570200000000003,0.1884920000000001,-0.00034801337508624753,0.40774884609720835,-4.74517,4.73401,ISC_BD_0.6CC_DST_20ohm.csv,0,Normal,DST,0.6,,20,DST_CC0.6_20ohm
0.0020774138131165474,1.6725932593530626,-5.41667,2.71205,-5.40923,0.3846666726639582,0.7568560839706753,0.0,2.60414,0.01873,57.6134436506094,34.668569273592404,0.0,100.0,100.0,3.7562978616366802,0.24145984593667097,3.056796,4.206969,3.056796,-1.6123635941490577e-05,0.01716258948380975,-0.21608399999999994,0.21794400000000014,-0.00041482354306942177,0.42110145789225595,-4.73959,4.74331,ISC_BD_0.8CC_DST_30ohm.csv,0,Normal,DST,0.8,,30,DST_CC0.8_30ohm
-0.0031933117657076504,1.6710436873313337,-5.41295,2.71205,-5.40551,0.39203349395538906,0.7720657226530316,0.0,2.65447,0.01872,57.756375963448555,34.67199701607807,0.0,100.0,100.0,3.758945529428458,0.24243413587543017,3.058966,4.200149,3.058966,-1.363824714764148e-05,0.014570166250962756,-0.19314199999999992,0.19407299999999994,-0.0004054526877447921,0.4223825138912737,-4.7340100000000005,4.73773,ISC_BD_0.8CC_DST_20ohm.csv,0,Normal,DST,0.8,,20,DST_CC0.8_20ohm
0.0018960451520617914,1.9901660195200523,-5.41481,4.35082,-5.40923,0.3461084128366191,0.7824728331197913,0.0,2.70482,0.01871,59.56568239318366,35.13054200222293,0.0,100.0,100.0,3.7738600154860378,0.25571188797552513,3.062066,4.225881,3.062066,-1.92255395907197e-05,0.01751333361901315,-0.20833400000000024,0.2064729999999999,-0.0005707513839646694,0.4414772578039452,-4.739590000000001,4.73587,ISC_BD_1.5CC_DST_1000ohm.csv,0,Normal,DST,1.5,,1000,DST_CC1.5_1000ohm
0.009031099240412545,1.8418197501422002,-5.40923,3.19568,-5.40551,0.3448067590934354,0.7451196483282627,0.0,2.61931,0.01857,58.49831818687087,34.97577875661443,0.0,100.0,100.0,3.763696122707343,0.24244426669483962,3.082217,4.205419,3.082217,-2.0219875239330478e-05,0.017578454335000812,-0.21360400000000013,0.2160829999999998,-0.0004951584213451914,0.43371566999734656,-4.73773,4.75261,ISC_BD_1.1CC_DST_50ohm.csv,0,Normal,DST,1.1,,50,DST_CC1.1_50ohm
-0.0029940680280554307,1.9249614573402485,-5.42597,3.78162,-5.40551,0.32875938799577925,0.7467558155244189,0.0,2.66427,0.01874,58.958675432934015,35.11766964605554,0.0,100.0,100.0,3.7657488275712243,0.25390545109912754,3.026104,4.200149,3.026104,-1.8398348749146436e-05,0.013012348148238019,-0.1819820000000001,0.1844610000000002,-0.0005335905394499971,0.4419503961924241,-4.74889,4.75819,ISC_BD_1.3CC_DST_600ohm.csv,0,Normal,DST,1.3,,600,DST_CC1.3_600ohm
0.0028242681403773287,1.9898305579625117,-5.41667,4.34896,-5.40923,0.3405603066067191,0.7745462840704828,0.0,2.69642,0.01872,59.502283389534156,35.1458358012024,0.0,100.0,100.0,3.772575383227176,0.25721799214068747,3.052765,4.228051,3.052765,-2.0542780414688975e-05,0.018322271229460167,-0.21143399999999968,0.2201139999999997,-0.00057295216087934,0.4423029266879573,-4.74331,4.73215,ISC_BD_1.5CC_DST_200ohm.csv,0,Normal,DST,1.5,,200,DST_CC1.5_200ohm
-0.012742579296338426,1.7766164634663704,-5.41295,2.90551,-5.40923,0.355591128367481,0.7531851622082975,0.0,2.63462,0.01864,58.43283558927184,34.92484381931671,0.0,100.0,100.0,3.759516804969835,0.25511969530311707,2.987971,4.200149,2.987971,-1.6946532050899072e-05,0.013197103545196018,-0.18663200000000035,0.19128200000000017,-0.0004615018818328462,0.43330176968212364,-4.7340100000000005,4.73959,ISC_BD_1.0CC_DST_700ohm.csv,0,Normal,DST,1.0,,700,DST_CC1.0_700ohm
0.0006665325572469819,2.0141393412497273,-5.41109,4.36012,-5.40365,0.31544547396699507,0.733060330282106,0.0,2.59641,0.01866,59.23111520404247,35.19852494612498,0.0,100.0,100.0,3.759170615133683,0.25282573442995177,3.039434,4.207589,3.039434,-2.9232983623336753e-05,0.018792578956899453,-0.22290399999999977,0.2269350000000001,-0.0005869991044012277,0.4414738568380734,-4.74145,4.75075,ISC_BD_1.5CC_DST_20ohm.csv,0,Normal,DST,1.5,,20,DST_CC1.5_20ohm
-0.013137145627929562,1.6049728112688377,-5.41295,2.71391,-5.40551,0.410655794946393,0.7821974969620417,0.0,2.68207,0.01853,57.35865235709283,34.53281071532355,0.0,100.0,100.0,3.7535184620440707,0.2467273303587148,2.978051,4.200149,2.978051,-1.5334770192359545e-05,0.013176676177851253,-0.18415199999999965,0.18787200000000004,-0.00036923756667923865,0.4170304235606669,-4.7340100000000005,4.73773,ISC_BD_0.7CC_DST_20ohm.csv,0,Normal,DST,0.7,,20,DST_CC0.7_20ohm
0.026365262677616998,2.157645830200876,-5.41853,5.52269,-5.40551,0.3365013342458611,0.7840404078732227,0.0,2.7113,0.01876,59.97251400078217,35.19674025467989,0.0,100.0,100.0,3.7837035198800675,0.2544081321891422,3.092138,4.205109,3.092138,-1.9785462842242507e-05,0.015219711847056616,-0.1922130000000002,0.19531300000000007,-0.0006732320730117335,0.44575489045483935,-4.743309999999999,4.73401,ISC_BD_1.9CC_DST_400ohm.csv,0,Normal,DST,1.9,,400,DST_CC1.9_400ohm
-0.0003144626582666395,1.781422462787074,-5.41481,2.90365,-5.40737,0.3602946290292984,0.7540967748343856,0.0,2.61563,0.01873,58.42098041470427,34.907095389169285,0.0,100.0,100.0,3.768419918832956,0.24890025162953996,3.075397,4.200459,3.075397,-1.253581696947452e-05,0.013330218222034222,-0.182601,0.18291199999999996,-0.0004726824493790911,0.4320360970378597,-4.73587,4.73959,ISC_BD_1.0CC_DST_900ohm.csv,0,Normal,DST,1.0,,900,DST_CC1.0_900ohm
0.0037210972596584796,1.6024326063569316,-5.41667,2.71205,-5.40551,0.4142462904312669,0.7743848395059735,0.0,2.61258,0.01864,57.336620928796044,34.52235846085814,0.0,100.0,100.0,3.7648325198225514,0.23887204494432526,3.092758,4.205109,3.092758,-1.2675221835336402e-05,0.015888548462593508,-0.20027300000000015,0.20244300000000015,-0.00038527013366281053,0.41383740599628444,-4.7414499999999995,4.74889,ISC_BD_0.7CC_DST_30ohm.csv,0,Normal,DST,0.7,,30,DST_CC0.7_30ohm
0.009988639595209048,1.8852024785977848,-5.41853,3.47842,-5.40737,0.3358315032344841,0.7335473174209709,0.0,2.55735,0.01863,58.864320579004676,35.02029960737414,0.0,100.0,100.0,3.7648995285339137,0.24754384373238916,3.074157,4.21286,3.074157,-2.18846966882327e-05,0.01876498017148966,-0.22135499999999997,0.22786499999999998,-0.0005317859201844855,0.4347781645284041,-4.743309999999999,4.73773,ISC_BD_1.2CC_DST_50ohm.csv,0,Normal,DST,1.2,,50,DST_CC1.2_50ohm
0.002052336092497547,1.9839099623122662,-5.42039,4.06436,-5.40737,0.30847311785573517,0.7100383660613682,0.0,2.53316,0.0186,59.09635071606885,35.13320610896555,0.0,100.0,100.0,3.7568757520693734,0.2505461216972435,3.047185,4.21348,3.047185,-2.696885676741133e-05,0.019350222090343365,-0.2269350000000001,0.22941399999999978,-0.0005838232588699077,0.44104077542120473,-4.74145,4.74145,ISC_BD_1.4CC_DST_30ohm.csv,0,Normal,DST,1.4,,30,DST_CC1.4_30ohm
-0.00939394575153598,1.4563579261578907,-5.41109,2.71205,-5.40551,0.47935480343673514,0.8124966991587108,0.0,2.70517,0.01861,56.35193184474749,34.120130186903765,0.0,100.0,100.0,3.7552441762325794,0.2407221122726922,3.013083,4.200149,3.013083,-1.025293500524553e-05,0.013028809099759207,-0.18942300000000012,0.19190299999999993,-0.0003135354948293958,0.4016782062829795,-4.7414499999999995,4.76191,ISC_BD_0.5CC_DST_700ohm.csv,0,Normal,DST,0.5,,700,DST_CC0.5_700ohm
0.003176033413491848,2.08224977928658,-5.41481,4.93304,-5.40551,0.3248992652828755,0.7657057155588648,0.0,2.70354,0.01861,59.641147753448934,35.226020404115616,0.0,100.0,100.0,3.772809196557398,0.25487220116539533,3.058036,4.206039,3.058036,-1.9346708860759513e-05,0.015461718256722327,-0.19345199999999974,0.19655200000000006,-0.0006167829113924054,0.44523177118563684,-4.73959,4.74145,ISC_BD_1.7CC_DST_1000ohm.csv,0,Normal,DST,1.7,,1000,DST_CC1.7_1000ohm
-0.0008753736901907243,2.046968929237302,-5.41481,4.64286,-5.40551,0.3208294912258553,0.754808743669903,0.0,2.68342,0.01854,59.43440094053781,35.20527226086464,0.0,100.0,100.0,3.767076736144426,0.25562476052311855,3.038194,4.203869,3.038194,-1.8456376262626275e-05,0.014881292743287743,-0.18601199999999984,0.19004200000000004,-0.0005976104797979783,0.4450464506990457,-4.73773,4.73773,ISC_BD_1.6CC_DST_1000ohm.csv,0,Normal,DST,1.6,,1000,DST_CC1.6_1000ohm
-0.00924266436505555,1.4548168624132551,-5.41481,2.71019,-5.41109,0.47631125437806476,0.8082905992419663,0.0,2.69853,0.01853,56.30683944761333,34.11139321273883,0.0,100.0,100.0,3.7563489468127687,0.24052282676179385,3.025174,4.200149,3.025174,-8.780574459567628e-06,0.01286716853365189,-0.1881820000000003,0.19283200000000011,-0.00031423939151320983,0.40191860739622903,-4.74331,4.73587,ISC_BD_0.5CC_DST_200ohm.csv,0,Normal,DST,0.5,,200,DST_CC0.5_200ohm
-0.005792466406588554,1.9248767346664724,-5.42039,3.78162,-5.40737,0.3300869601832931,0.748462205176179,0.0,2.66275,0.01865,58.9758159700291,35.09600003077152,0.0,100.0,100.0,3.7632277673540155,0.25476353726405615,3.010913,4.200149,3.010913,-1.97950083606862e-05,0.0133993651515235,-0.18756199999999978,0.1884920000000001,-0.0005325651823868206,0.44140452092949417,-4.74331,4.75633,ISC_BD_1.3CC_DST_500ohm.csv,0,Normal,DST,1.3,,500,DST_CC1.3_500ohm
-0.002218966301807994,1.9259696907174768,-5.40923,3.77232,-5.40179,0.3249128803345222,0.7388687844126246,0.0,2.63612,0.01854,58.89751787603001,35.102150404042355,0.0,100.0,100.0,3.759958281453696,0.25392105923682384,3.001922,4.200459,3.001922,-2.1602275522755216e-05,0.014005882487500612,-0.19314300000000006,0.19407200000000024,-0.0005280633456334566,0.4388505355563935,-4.73959,4.73029,ISC_BD_1.3CC_DST_20ohm.csv,0,Normal,DST,1.3,,20,DST_CC1.3_20ohm
-0.00653359256833213,1.7779008683809756,-5.41667,2.90365,-5.40923,0.3635842666587269,0.7651949761090382,0.0,2.66335,0.01879,58.42728781635204,34.919329799291866,0.0,100.0,100.0,3.76496789114512,0.2528050913797406,3.039124,4.200149,3.039124,-1.3349115597641596e-05,0.012922149279078332,-0.1795009999999997,0.1810520000000002,-0.00046007265797153247,0.4326318030032174,-4.73773,4.73959,ISC_BD_1.0CC_DST_400ohm.csv,0,Normal,DST,1.0,,400,DST_CC1.0_400ohm
0.0007599531168606214,1.7256024697919006,-5.41667,2.71019,-5.40365,0.37883059269549113,0.7710050965087869,0.0,2.66378,0.01866,58.1027847658737,34.805641207464944,0.0,100.0,100.0,3.7596256482028125,0.2456535205866527,3.057416,4.207279,3.057416,-1.4769609261939255e-05,0.016193813933246173,-0.2043029999999999,0.20585299999999984,-0.0004299542691751082,0.42574208208319153,-4.7414499999999995,4.7340100000000005,ISC_BD_0.9CC_DST_20ohm.csv,0,Normal,DST,0.9,,20,DST_CC0.9_20ohm
-0.009435419977014848,1.4565372016425424,-5.41853,2.71391,-5.40365,0.4768712861639933,0.8086656049903159,0.0,2.70037,0.01851,56.28655027731974,34.11771852269758,0.0,100.0,100.0,3.7563888241642935,0.24075666855857597,3.024863,4.200149,3.024863,-8.489930538203962e-06,0.012902335921143574,-0.19097199999999992,0.1925220000000003,-0.00031335065713857457,0.40159535517168,-4.74703,4.73773,ISC_BD_0.5CC_DST_900ohm.csv,0,Normal,DST,0.5,,900,DST_CC0.5_900ohm
0.025858099205832433,2.1537878940742337,-5.41481,5.52269,-5.40365,0.339216457492514,0.787276575933096,0.0,2.7157,0.01875,59.989064216898846,35.17105053031605,0.0,100.0,100.0,3.7849940072907176,0.25517957236256306,3.093998,4.204179,3.093998,-1.8447786458333317e-05,0.014939124889827274,-0.18942199999999998,0.19221200000000005,-0.0006730820312499992,0.4455222180321524,-4.73959,4.7340100000000005,ISC_BD_1.9CC_DST_800ohm.csv,0,Normal,DST,1.9,,800,DST_CC1.9_800ohm
-0.00933822421768704,1.6040633488606377,-5.41853,2.72507,-5.40365,0.4135804560544218,0.789338683028505,0.0,2.71386,0.01873,57.328798182312916,34.57099395555069,0.0,100.0,100.0,3.759727943945578,0.2440356209183056,3.049975,4.200149,3.049975,-9.854188210961718e-06,0.01227796658289719,-0.16741099999999998,0.1701999999999999,-0.0003729755619659279,0.41897475220469627,-4.74331,4.73959,ISC_BD_0.7CC_DST_1000ohm.csv,0,Normal,DST,0.7,,1000,DST_CC0.7_1000ohm
0.012105735170992542,2.2025141703488065,-5.41667,5.80729,-5.40737,0.3145648309396535,0.766408699403646,0.0,2.72895,0.01862,59.859688652025504,35.31080916722295,0.0,100.0,100.0,3.7758557175887164,0.25224071975392043,3.098958,4.200149,3.098958,-1.8311690821256026e-05,0.014227786047466112,-0.17733100000000013,0.17950100000000013,-0.0006836611916264091,0.4494876484712903,-4.74517,4.74145,ISC_BD_2.0CC_DST_1000ohm.csv,0,Normal,DST,2.0,,1000,DST_CC2.0_1000ohm
0.002437735280927685,1.8815748619756405,-5.41481,3.48586,-5.40737,0.32729935421871986,0.7202062688414426,0.0,2.52554,0.01869,58.744647997949905,35.0539724711699,0.0,100.0,100.0,3.7651271441476073,0.24542225514122468,3.094928,4.204489,3.094928,-1.942718011148843e-05,0.01675348744572565,-0.20151300000000028,0.20275299999999996,-0.0005320413916832185,0.435028844595461,-4.74331,4.73959,ISC_BD_1.2CC_DST_10ohm.csv,0,Normal,DST,1.2,,10,DST_CC1.2_10ohm
0.002486318300362636,2.201166330790365,-5.41667,5.80915,-5.40551,0.3083165466573373,0.7551780948792643,0.0,2.69542,0.01871,59.73990076967114,35.31075102419416,0.0,100.0,100.0,3.769847123083773,0.25362689347747325,3.074467,4.200149,3.074467,-2.2089318658947792e-05,0.014887666948506705,-0.18601199999999984,0.18849199999999966,-0.0006755785991475274,0.4466860392330132,-4.74517,4.7340100000000005,ISC_BD_2.0CC_DST_30ohm.csv,0,Normal,DST,2.0,,30,DST_CC2.0_30ohm
-0.000710061908447132,1.7258736752076935,-5.41109,2.71391,-5.40551,0.367860201797726,0.749397370772103,0.0,2.58692,0.01878,58.06139541639383,34.80914487209845,0.0,100.0,100.0,3.7596387169474377,0.2431160832283952,3.073227,4.207589,3.073227,-1.718324700839438e-05,0.017269452982557075,-0.2126730000000001,0.21422399999999975,-0.000442743347026255,0.4259015398427893,-4.73959,4.76005,ISC_BD_0.9CC_DST_10ohm.csv,0,Normal,DST,0.9,,10,DST_CC0.9_10ohm
0.03237260752688175,2.1347776760639574,-5.41667,5.80543,-5.40365,0.3798837256784435,0.8347313239310751,0.0,2.74134,0.01873,60.57117820660522,35.032127759720275,0.0,100.0,100.0,3.798212394393241,0.26160021149243606,3.097098,4.235491,3.097098,-2.5183395211880714e-05,0.018570250416092015,-0.22693499999999966,0.22569499999999998,-0.000679892459352196,0.4415112458464405,-4.74331,4.73773,ISC_BD_2.0CC_DST_900ohm.csv,0,Normal,DST,2.0,,900,DST_CC2.0_900ohm
-3.088739979963332e-05,2.190607384321513,-5.41295,5.80729,-5.40365,0.31283110470941883,0.7683162443848883,0.0,2.75872,0.01856,59.79769668086172,35.290792563114216,0.0,100.0,100.0,3.7683481955786573,0.2601347476680423,3.004712,4.200149,3.004712,-2.2698985343855664e-05,0.014325708685187552,-0.19004200000000004,0.19128300000000031,-0.000665593135412752,0.44970090280676966,-4.73959,4.752610000000001,ISC_BD_2.0CC_DST_500ohm.csv,0,Normal,DST,2.0,,500,DST_CC2.0_500ohm
-0.0072949433119241245,1.66884095596589,-5.41295,2.70647,-5.40551,0.39571256855626924,0.7861035957502973,0.0,2.72526,0.01872,57.71945329237643,34.71195398792906,0.0,100.0,100.0,3.7619724434515494,0.24504637599409823,3.045015,4.200459,3.045015,-1.1948500251354568e-05,0.012856754068465096,-0.17857100000000026,0.17919200000000002,-0.00039897559068312614,0.42468653136188445,-4.73959,4.73587,ISC_BD_0.8CC_DST_400ohm.csv,0,Normal,DST,0.8,,400,DST_CC0.8_400ohm
-0.008969376643724516,1.6654201493858096,-5.41667,2.71577,-5.40737,0.3922277259246825,0.7815180808400591,0.0,2.71015,0.01865,57.70026917911701,34.732649786107565,0.0,100.0,100.0,3.75972063342846,0.24563673768685088,3.033234,4.200149,3.033234,-1.278666965135148e-05,0.013152342720979043,-0.18043200000000015,0.18198099999999995,-0.0004002551905534727,0.42503615725705923,-4.74517,4.73959,ISC_BD_0.8CC_DST_1000ohm.csv,0,Normal,DST,0.8,,1000,DST_CC0.8_1000ohm
0.005518787724652305,1.6682116315580715,-5.40737,2.71205,-5.39993,0.3969348536226969,0.7809908315937347,0.0,2.68806,0.01859,57.623293246298175,34.684076935983924,0.0,100.0,100.0,3.7610727338080707,0.24123278801795747,3.082217,4.200459,3.082217,-1.0759269726430049e-05,0.013888742034100747,-0.1838409999999997,0.18508199999999997,-0.0004036287587610229,0.4207687386336303,-4.73773,4.73029,ISC_BD_0.8CC_DST_50ohm.csv,0,Normal,DST,0.8,,50,DST_CC0.8_50ohm
-0.007008739866942452,1.6651295047841859,-5.41481,2.71763,-5.40365,0.3949525471012467,0.7846125275248429,0.0,2.71446,0.01867,57.72474721305977,34.71274200492033,0.0,100.0,100.0,3.75899086520937,0.24596368246102485,3.030134,4.200149,3.030134,-1.2289851831143434e-05,0.013298930906630268,-0.1810520000000002,0.18322100000000008,-0.0003987531450936538,0.42449859249799055,-4.73959,4.73215,ISC_BD_0.8CC_DST_500ohm.csv,0,Normal,DST,0.8,,500,DST_CC0.8_500ohm
0.012253051274178629,1.9209668598688325,-5.41109,3.77418,-5.40737,0.3542960785999386,0.7842299081146893,0.0,2.7329,0.01859,59.0823296346331,35.06700103449911,0.0,100.0,100.0,3.776414626159042,0.2531225342456372,3.088108,4.200149,3.088108,-1.443192286433707e-05,0.013121034657448892,-0.17516100000000012,0.176091,-0.0005280028250322414,0.43880856924937783,-4.74331,4.75075,ISC_BD_1.3CC_DST_300ohm.csv,0,Normal,DST,1.3,,300,DST_CC1.3_300ohm
-0.016864565230137706,1.8328433582072914,-5.41295,3.19382,-5.40737,0.33675701377895045,0.7448510336549656,0.0,2.67561,0.01872,58.39923904426855,34.980751410668994,0.0,100.0,100.0,3.7571821673995895,0.24924442813495687,2.97557,4.200149,2.97557,-2.176115639476923e-05,0.013804515318119034,-0.19407299999999994,0.19779299999999989,-0.000470019937840849,0.4351234530333824,-4.73959,4.73959,ISC_BD_1.1CC_DST_30ohm.csv,0,Normal,DST,1.1,,30,DST_CC1.1_30ohm
-0.009570546529685909,1.7785731905467885,-5.41667,2.90365,-5.40923,0.35736134452275714,0.7565933758239185,0.0,2.64915,0.01869,58.379322052323495,34.9223560574305,0.0,100.0,100.0,3.7609543665631344,0.25349805032441575,3.014013,4.200149,3.014013,-1.4815770609319037e-05,0.012997512078516729,-0.18446200000000035,0.18384199999999984,-0.00046147431302269985,0.43331569817488286,-4.73773,4.74331,ISC_BD_1.0CC_DST_600ohm.csv,0,Normal,DST,1.0,,600,DST_CC1.0_600ohm
0.013002625198971336,1.7328958221321937,-5.40923,2.71205,-5.40179,0.36520768274764304,0.7415034288375121,0.0,2.56862,0.0186,57.964977653973314,34.78631798491271,0.0,100.0,100.0,3.7601653187216844,0.24007662780591524,3.087488,4.21255,3.087488,-1.778649277492043e-05,0.018790965562347505,-0.22166399999999964,0.22569400000000028,-0.0004552351212343871,0.42503965982683906,-4.74331,4.73587,ISC_BD_0.9CC_DST_50ohm.csv,0,Normal,DST,0.9,,50,DST_CC0.9_50ohm
0.01064484248366022,2.1406030066417485,-5.41481,5.22693,-5.40365,0.30304131830065356,0.7316686226696992,0.0,2.63193,0.0186,59.55259350326798,35.21926477995381,0.0,100.0,100.0,3.765886325947712,0.2542213858970244,3.059896,4.21782,3.059896,-3.282991240685059e-05,0.01919037432618327,-0.2241439999999999,0.22972400000000004,-0.0006567198326578632,0.44656986233438856,-4.73959,4.74145,ISC_BD_1.8CC_DST_50ohm.csv,0,Normal,DST,1.8,,50,DST_CC1.8_50ohm
0.0008768353400584221,1.5294308912463919,-5.41295,2.71205,-5.40179,0.4374212908124525,0.7772636126438317,0.0,2.59251,0.01865,56.845366758867556,34.32504005652654,0.0,100.0,100.0,3.761364309035687,0.23877668699359975,3.071057,4.21317,3.071057,-1.3099642004773274e-05,0.01671532473709462,-0.21484300000000012,0.216704,-0.0003556584942503798,0.40616911197059313,-4.73959,4.73587,ISC_BD_0.6CC_DST_30ohm.csv,0,Normal,DST,0.6,,30,DST_CC0.6_30ohm
0.008420517097044349,2.0613194442581158,-5.41667,4.63914,-5.40923,0.3165691158477687,0.7426140989274836,0.0,2.63469,0.01869,59.40224640350312,35.196858326009156,0.0,100.0,100.0,3.7671808177603197,0.24999706878125846,3.091208,4.207589,3.091208,-1.9287628002833764e-05,0.016698835730965783,-0.19686199999999987,0.1984119999999998,-0.0006092979970374185,0.44257109163437197,-4.74145,4.73029,ISC_BD_1.6CC_DST_20ohm.csv,0,Normal,DST,1.6,,20,DST_CC1.6_20ohm
0.014023129011957194,2.075602251005818,-5.41109,4.93676,-5.40365,0.34277832158590305,0.7897930244276756,0.0,2.73373,0.01875,59.7871477470107,35.18011319867323,0.0,100.0,100.0,3.7767058203901827,0.2571008201493563,3.046875,4.210999,3.046875,-2.0020203927492438e-05,0.01614096243441981,-0.2046129999999997,0.2080230000000003,-0.000613717900302115,0.4444820499495583,-4.7414499999999995,4.76563,ISC_BD_1.7CC_DST_400ohm.csv,0,Normal,DST,1.7,,400,DST_CC1.7_400ohm
0.011824591746031815,2.1204305828953545,-5.41667,5.21949,-5.40737,0.3306058063492063,0.7788173328798307,0.0,2.73211,0.01868,59.77289796190476,35.221625328082865,0.0,100.0,100.0,3.777095319047619,0.25574962560946385,3.065786,4.205419,3.065786,-1.819018288036575e-05,0.015249622343536466,-0.19252199999999986,0.19500200000000012,-0.0006378359156718319,0.44604532297371235,-4.7414499999999995,4.73587,ISC_BD_1.8CC_DST_400ohm.csv,0,Normal,DST,1.8,,400,DST_CC1.8_400ohm
-0.00437470383062052,1.8685582999345347,-5.42597,3.47842,-5.40551,0.3458676239138417,0.7606560573835814,0.0,2.66126,0.01871,58.911425382450126,35.05487285807328,0.0,100.0,100.0,3.7692006410476075,0.2527293963576448,3.044085,4.201389,3.044085,-1.5595838433292536e-05,0.014376911860553935,-0.18353100000000033,0.18601199999999984,-0.0005076052631578955,0.4378609958285778,-4.752610000000001,4.73401,ISC_BD_1.2CC_DST_400ohm.csv,0,Normal,DST,1.2,,400,DST_CC1.2_400ohm
-0.0003988961664419894,2.152275823982956,-5.41481,5.51711,-5.40551,0.3068762672574327,0.7462634085683593,0.0,2.67443,0.01869,59.75288634174533,35.266021027459466,0.0,100.0,100.0,3.768891149682142,0.2584480032465948,3.016183,4.203249,3.016183,-2.4529253098709138e-05,0.014859799953502863,-0.19562299999999988,0.194693,-0.0006639612099415572,0.44885419848628244,-4.74331,4.74331,ISC_BD_1.9CC_DST_200ohm.csv,0,Normal,DST,1.9,,200,DST_CC1.9_200ohm
0.002338119679677112,1.962723365138218,-5.41667,4.06064,-5.40737,0.334155835803014,0.7508392278528976,0.0,2.60409,0.01858,59.28578599533389,35.11768022072454,0.0,100.0,100.0,3.768072449586985,0.2529026849912366,3.063306,4.206969,3.063306,-2.0958693321561463e-05,0.01687349410157467,-0.20647400000000005,0.20678300000000016,-0.0005601355868070892,0.43795227195008757,-4.73959,4.73215,ISC_BD_1.4CC_DST_10ohm.csv,0,Normal,DST,1.4,,10,DST_CC1.4_10ohm
-0.013845402743142185,2.0069941918451546,-5.41853,4.35082,-5.40737,0.31089170573566083,0.7322894230623874,0.0,2.627,0.01872,59.18376574812968,35.18426109084365,0.0,100.0,100.0,3.7575205607231914,0.25292065725323987,3.010603,4.202319,3.010603,-2.4974747474747485e-05,0.01632671583331767,-0.2067840000000003,0.20740300000000023,-0.0005721392941763303,0.4419620189305205,-4.743309999999999,4.73215,ISC_BD_1.5CC_DST_50ohm.csv,0,Normal,DST,1.5,,50,DST_CC1.5_50ohm
0.0066137830588822045,2.182145095780891,-5.41481,5.80729,-5.40551,0.3276381143962076,0.7897427068349461,0.0,2.79147,0.0186,59.93900699226547,35.23968429468373,0.0,100.0,100.0,3.772942751559381,0.26131666508697715,3.011533,4.200149,3.011533,-2.2066874610106047e-05,0.014223190628670427,-0.18880199999999991,0.19097199999999992,-0.0006632838427947593,0.4487681730678645,-4.7414499999999995,4.76005,ISC_BD_2.0CC_DST_800ohm.csv,0,Normal,DST,2.0,,800,DST_CC2.0_800ohm
0.004225105373428601,1.9251490477528213,-5.42225,3.7779,-5.41295,0.3436551700764112,0.7690455817878266,0.0,2.70619,0.01868,59.04908884643825,35.0791658812294,0.0,100.0,100.0,3.7691800912620166,0.2545552046594562,3.042845,4.200149,3.042845,-1.6144829286330588e-05,0.013210593095692136,-0.1841520000000001,0.1844619999999999,-0.0005303161592505855,0.4404533091798419,-4.74517,4.76191,ISC_BD_1.3CC_DST_1000ohm.csv,0,Normal,DST,1.3,,1000,DST_CC1.3_1000ohm
0.0014792053944534319,2.049120568165387,-5.41295,4.64286,-5.40551,0.3205057952386983,0.7553106329851806,0.0,2.69017,0.01874,59.42703167025452,35.21126914504709,0.0,100.0,100.0,3.7671976452450298,0.2546622832960783,3.045635,4.205419,3.045635,-1.788418186423507e-05,0.015104964858149396,-0.18756200000000023,0.19035199999999985,-0.0005993091438703142,0.44579829763536105,-4.73773,4.73959,ISC_BD_1.6CC_DST_500ohm.csv,0,Normal,DST,1.6,,500,DST_CC1.6_500ohm
-0.007048677398431374,1.826545902820521,-5.41667,3.1994,-5.40365,0.3549891662244236,0.7727551395337922,0.0,2.72499,0.01846,58.6196790612654,35.00673344271149,0.0,100.0,100.0,3.767406012972463,0.2484559573049844,3.048425,4.200149,3.048425,-1.5119832517544359e-05,0.01295479713297576,-0.17857100000000026,0.18074099999999982,-0.00047257120952998746,0.4364542870009635,-4.74517,4.77865,ISC_BD_1.1CC_DST_400ohm.csv,0,Normal,DST,1.1,,400,DST_CC1.1_400ohm
0.00803177669111668,2.120092346474378,-5.41295,5.22135,-5.40551,0.3290267218356216,0.7753686167577929,0.0,2.71413,0.01861,59.70075728167513,35.21328234870667,0.0,100.0,100.0,3.774881660397467,0.2552055276421412,3.070746,4.204799,3.070746,-1.9263213994607782e-05,0.01531750906113502,-0.19066199999999967,0.19283199999999967,-0.0006295642360022568,0.44319383846515736,-4.74517,4.73959,ISC_BD_1.8CC_DST_100ohm.csv,0,Normal,DST,1.8,,100,DST_CC1.8_100ohm
0.012107261548470916,2.1956002425555794,-5.41853,5.80915,-5.40923,0.31884391281717633,0.7584908411123765,0.0,2.6459,0.01869,59.993411001951856,35.20736778690887,0.0,100.0,100.0,3.776290505074821,0.2577320586775609,3.089038,4.207279,3.089038,-2.6103917230609073e-05,0.015683777347490976,-0.19128200000000017,0.19252199999999986,-0.0006917347735554398,0.4459068519325216,-4.74331,4.75075,ISC_BD_2.0CC_DST_10ohm.csv,0,Normal,DST,2.0,,10,DST_CC2.0_10ohm
-0.010310321842836213,1.603720151124567,-5.41667,2.71019,-5.40365,0.4111756330664924,0.7849087366850317,0.0,2.69926,0.01865,57.32079746228829,34.57291065832308,0.0,100.0,100.0,3.7587938315090126,0.24517455669375646,3.023623,4.200459,3.023623,-1.0975110288110691e-05,0.012612774609548507,-0.17485199999999956,0.18105099999999963,-0.0003730167202222096,0.41905857439214333,-4.74517,4.73959,ISC_BD_0.7CC_DST_900ohm.csv,0,Normal,DST,0.7,,900,DST_CC0.7_900ohm
0.00015355366230194312,1.6694024053014787,-5.41295,2.70461,-5.40737,0.397428676310824,0.7819335450870101,0.0,2.68819,0.0186,57.7642156326834,34.69851193087986,0.0,100.0,100.0,3.767698191091543,0.24155993641969023,3.096788,4.200459,3.096788,-1.0105335392005502e-05,0.013309489567427975,-0.18074099999999982,0.18167199999999983,-0.00040846686109681464,0.42354508529549817,-4.73587,4.73587,ISC_BD_0.8CC_DST_900ohm.csv,0,Normal,DST,0.8,,900,DST_CC0.8_900ohm
-0.0055621341894760605,1.6042409756274707,-5.41109,2.71205,-5.40179,0.4145855634760843,0.7900968461602697,0.0,2.71765,0.01858,57.28373638787615,34.55326409251554,0.0,100.0,100.0,3.760947493170811,0.24322329511572896,3.059896,4.200149,3.059896,-9.110802721088458e-06,0.012247285058512782,-0.16989100000000024,0.171751,-0.000372631292517006,0.4189036123893746,-4.73959,4.73959,ISC_BD_0.7CC_DST_400ohm.csv,0,Normal,DST,0.7,,400,DST_CC0.7_400ohm
-0.009050297090352183,1.8743295839575533,-5.41481,3.49144,-5.40551,0.3411678199081164,0.7544863243085655,0.0,2.65113,0.01854,58.85777884839204,35.0510429697696,0.0,100.0,100.0,3.7626006075344565,0.25469833057334695,3.003162,4.201079,3.003162,-1.8650922011885036e-05,0.014938828576343228,-0.194693,0.19500300000000026,-0.0005084757703853443,0.4391625467837025,-4.73773,4.76191,ISC_BD_1.2CC_DST_500ohm.csv,0,Normal,DST,1.2,,500,DST_CC1.2_500ohm
-0.009632891647098246,1.6686388313305567,-5.41295,2.70461,-5.40551,0.39387537068097955,0.7840224516988458,0.0,2.7216,0.01877,57.71189637705468,34.70563690925131,0.0,100.0,100.0,3.7615961534719893,0.24570223101670588,3.033854,4.200459,3.033854,-1.268927532990388e-05,0.012899900432746686,-0.18074199999999996,0.1819820000000001,-0.0003996074703645711,0.4248700801814117,-4.73773,4.73215,ISC_BD_0.8CC_DST_600ohm.csv,0,Normal,DST,0.8,,600,DST_CC0.8_600ohm
-0.012188726082578087,1.6664266018544713,-5.41295,2.70647,-5.40923,0.39115808604677177,0.7787976758374009,0.0,2.69989,0.01866,57.74034550184625,34.71920383287096,0.0,100.0,100.0,3.7587487680989145,0.2479459827440741,2.992621,4.200459,2.992621,-1.5334489704565807e-05,0.013339030829943956,-0.18973300000000037,0.19438299999999975,-0.00039977170993733233,0.42497856934580625,-4.73773,4.73401,ISC_BD_0.8CC_DST_800ohm.csv,0,Normal,DST,0.8,,800,DST_CC0.8_800ohm
-0.008260949918345221,1.604465297593839,-5.41853,2.71391,-5.40737,0.41389038268916717,0.7894860094883889,0.0,2.71456,0.01872,57.30058455089821,34.57450793810749,0.0,100.0,100.0,3.7598883204137183,0.24409389489388092,3.046875,4.200149,3.046875,-9.73878484320561e-06,0.012268678025128842,-0.1698909999999998,0.17237100000000005,-0.0003726720383275262,0.41901745186816475,-4.74703,4.73959,ISC_BD_0.7CC_DST_200ohm.csv,0,Normal,DST,0.7,,200,DST_CC0.7_200ohm
0.01526525326094148,2.2072173168010156,-5.41109,5.80729,-5.40737,0.30872218499635834,0.7496766622593585,0.0,2.66951,0.01865,59.87317324372641,35.27314736698684,0.0,100.0,100.0,3.7782477958021583,0.25128664992400573,3.098648,4.200149,3.098648,-2.1905304284484485e-05,0.014691153474694124,-0.18818199999999985,0.18911200000000017,-0.0007035957883583858,0.44908290923811617,-4.73587,4.74517,ISC_BD_2.0CC_DST_600ohm.csv,0,Normal,DST,2.0,,600,DST_CC2.0_600ohm
-0.002969862122478268,1.783745219303969,-5.41109,2.90923,-5.40737,0.35937712426883134,0.7618659288485649,0.0,2.67992,0.01877,58.31703242807688,34.911487722478135,0.0,100.0,100.0,3.762663448072102,0.2511769419090594,3.050905,4.200149,3.050905,-1.134449617956066e-05,0.012792196617794824,-0.1720609999999998,0.17547100000000038,-0.0004612547755491876,0.4327709547360348,-4.73773,4.73773,ISC_BD_1.0CC_DST_300ohm.csv,0,Normal,DST,1.0,,300,DST_CC1.0_300ohm
-0.00836855463673951,1.8273402222409048,-5.41109,3.19754,-5.40551,0.34868135203780265,0.763423728003594,0.0,2.7101,0.0186,58.52202724748967,35.00483835078867,0.0,100.0,100.0,3.7646798709982283,0.24975084852381219,3.014633,4.200149,3.014633,-1.6665760869565195e-05,0.01307752766617967,-0.1844619999999999,0.188183,-0.0004733807892249525,0.43679323017749766,-4.73959,4.748889999999999,ISC_BD_1.1CC_DST_800ohm.csv,0,Normal,DST,1.1,,800,DST_CC1.1_800ohm
0.003179190974819147,2.050604667567303,-5.41667,4.64472,-5.40365,0.32247454936424835,0.7565478211955625,0.0,2.68093,0.0185,59.394454406631766,35.194447105356524,0.0,100.0,100.0,3.7661595292944403,0.2543100575628134,3.050595,4.204799,3.050595,-1.8784378506420646e-05,0.01535248725432709,-0.19066199999999967,0.19252199999999986,-0.0005895056726094008,0.44227442222198193,-4.748889999999999,4.76005,ISC_BD_1.6CC_DST_100ohm.csv,0,Normal,DST,1.6,,100,DST_CC1.6_100ohm
0.005247330093983804,1.964623669522325,-5.41853,4.06622,-5.40551,0.3319635483664728,0.7506976729700785,0.0,2.63047,0.01867,59.22883753596317,35.13022859602305,0.0,100.0,100.0,3.7747235674189623,0.25007260312543567,3.090278,4.204489,3.090278,-1.4946927552912614e-05,0.014770140691944385,-0.1844619999999999,0.18725200000000042,-0.0005681814694034132,0.4410778399505696,-4.748889999999999,4.74517,ISC_BD_1.4CC_DST_600ohm.csv,0,Normal,DST,1.4,,600,DST_CC1.4_600ohm
-0.010201670658682799,1.6044629131752417,-5.41295,2.71019,-5.41109,0.4130508682634731,0.7880076762439178,0.0,2.70772,0.01857,57.327959167120305,34.57439024276342,0.0,100.0,100.0,3.7595742974959174,0.24385496194682835,3.045945,4.200149,3.045945,-1.0616398083623724e-05,0.01236357244909817,-0.16989100000000024,0.1720609999999998,-0.00037317835365853637,0.41907635630993006,-4.73959,4.73773,ISC_BD_0.7CC_DST_300ohm.csv,0,Normal,DST,0.7,,300,DST_CC0.7_300ohm
0.00037284794952680467,2.128524683536232,-5.41667,5.23066,-5.40551,0.3143479388012619,0.7554124638557338,0.0,2.69199,0.01858,59.60202610094638,35.24094793041709,0.0,100.0,100.0,3.76848207488959,0.2551626225753093,3.049665,4.204799,3.049665,-2.128350580514892e-05,0.0155950573365944,-0.1943819999999996,0.19562299999999988,-0.0006340459363957589,0.44553396884154634,-4.73959,4.7470300000000005,ISC_BD_1.8CC_DST_30ohm.csv,0,Normal,DST,1.8,,30,DST_CC1.8_30ohm
0.0005960059022980994,2.085906621428181,-5.41109,4.93118,-5.40179,0.3160248938842145,0.7529007278414186,0.0,2.68071,0.01862,59.45072174431747,35.23939104205581,0.0,100.0,100.0,3.766822510674369,0.2546673678246724,3.040055,4.20821,3.040055,-2.209689776438081e-05,0.0161449638989332,-0.20120199999999988,0.20368300000000028,-0.0006119800301431794,0.44351296354118525,-4.743309999999999,4.73215,ISC_BD_1.7CC_DST_30ohm.csv,0,Normal,DST,1.7,,30,DST_CC1.7_30ohm
0.0037995853936856902,2.0778232029592374,-5.41109,4.93676,-5.40365,0.3214885171801699,0.7598513152391685,0.0,2.69467,0.01855,59.594339324204384,35.20867888338772,0.0,100.0,100.0,3.7706476870800048,0.2560615096160722,3.042225,4.207589,3.042225,-2.1228823231042313e-05,0.0156950091143466,-0.1987230000000002,0.1999629999999999,-0.0006185854679178303,0.4455895150681646,-4.73587,4.7340100000000005,ISC_BD_1.7CC_DST_200ohm.csv,0,Normal,DST,1.7,,200,DST_CC1.7_200ohm
-0.002576073207010213,2.1943878023343,-5.42039,5.80357,-5.40737,0.29889604669210373,0.7392708444831092,0.0,2.67304,0.01876,59.788944745521576,35.29376794687405,0.0,100.0,100.0,3.7676608295932223,0.2582235135648101,3.007503,4.200459,3.007503,-2.5946833969342222e-05,0.014627259065199282,-0.1943819999999996,0.19934200000000013,-0.0006872129875169778,0.4504580755375551,-4.74145,4.73773,ISC_BD_2.0CC_DST_700ohm.csv,0,Normal,DST,2.0,,700,DST_CC2.0_700ohm
0.006113403712445034,2.121199030741111,-5.40923,5.22321,-5.40365,0.32026265739618553,0.7643785165241562,0.0,2.70667,0.0187,59.73147023027364,35.25135103426751,0.0,100.0,100.0,3.773233924730497,0.25430646532307655,3.070436,4.204179,3.070436,-1.90264114832536e-05,0.015227988535681542,-0.19004200000000004,0.1906620000000001,-0.0006405690590111637,0.44706143541945964,-4.73773,4.73587,ISC_BD_1.8CC_DST_500ohm.csv,0,Normal,DST,1.8,,500,DST_CC1.8_500ohm
0.005219962850597573,1.8803829217161407,-5.41109,3.48586,-5.40551,0.34757780818525164,0.7572776477835313,0.0,2.63145,0.01877,58.84494119868739,35.00270410844682,0.0,100.0,100.0,3.770062421398056,0.24856404734352125,3.085938,4.202009,3.085938,-1.4186822713480728e-05,0.015124263130136106,-0.18880199999999991,0.19128299999999987,-0.0005145303114743951,0.434252075003566,-4.73401,4.73773,ISC_BD_1.2CC_DST_100ohm.csv,0,Normal,DST,1.2,,100,DST_CC1.2_100ohm
0.012782249571781975,2.1156502708482012,-5.41667,5.22135,-5.41109,0.3324639002727907,0.7806439178650719,0.0,2.73337,0.01857,59.78725659455687,35.20496938840886,0.0,100.0,100.0,3.777091835944934,0.25698856981795254,3.053695,4.206039,3.053695,-1.9375039654844258e-05,0.01542870620583299,-0.196863,0.19903300000000002,-0.0006373098153670449,0.44582399035396225,-4.74517,4.73029,ISC_BD_1.8CC_DST_600ohm.csv,0,Normal,DST,1.8,,600,DST_CC1.8_600ohm
-0.013830845939372354,1.829699451391306,-5.41853,3.19754,-5.40551,0.341191217891677,0.7522696129230572,0.0,2.68946,0.01855,58.504608613632314,35.023370143673525,0.0,100.0,100.0,3.7610811523995964,0.24858220994310246,3.010913,4.200149,3.010913,-1.841174725600712e-05,0.013391668741926896,-0.18508199999999997,0.18880199999999991,-0.0004752103233461872,0.43785506940475816,-4.743309999999999,4.73587,ISC_BD_1.1CC_DST_500ohm.csv,0,Normal,DST,1.1,,500,DST_CC1.1_500ohm
-0.0032982789945245772,1.879084915055642,-5.41667,3.48772,-5.41109,0.33830312033349924,0.7429342495278967,0.0,2.59755,0.0187,58.82874171229467,35.03428592868922,0.0,100.0,100.0,3.764715092521155,0.2495722946477366,3.056176,4.202319,3.056176,-1.7613378967019335e-05,0.015675027808959758,-0.19686200000000031,0.19872299999999976,-0.0005170597386434351,0.4357265466266328,-4.73587,4.73959,ISC_BD_1.2CC_DST_30ohm.csv,0,Normal,DST,1.2,,30,DST_CC1.2_30ohm
0.0034358518518520283,2.113705453225103,-5.41295,5.22321,-5.40737,0.3130679888561127,0.7426739763585387,0.0,2.62104,0.01849,59.75308412323828,35.23069271344095,0.0,100.0,100.0,3.7761372549983614,0.25511385810659964,3.069506,4.206659,3.069506,-2.012194322428374e-05,0.015322597785915434,-0.19004200000000004,0.19314199999999992,-0.0006581695404182776,0.44671296536075183,-4.739590000000001,4.75075,ISC_BD_1.8CC_DST_800ohm.csv,0,Normal,DST,1.8,,800,DST_CC1.8_800ohm
-0.00286004120633026,1.7823943177524335,-5.41295,2.90365,-5.40737,0.3598928981785608,0.7621404255120505,0.0,2.67646,0.01861,58.31341272618692,34.917189975667085,0.0,100.0,100.0,3.761880382263362,0.25115530132413566,3.049975,4.200149,3.049975,-1.190605028967334e-05,0.01284894111168345,-0.173921,0.17547099999999993,-0.0004612805351490176,0.4329305413714899,-4.73587,4.73773,ISC_BD_1.0CC_DST_500ohm.csv,0,Normal,DST,1.0,,500,DST_CC1.0_500ohm
-0.011957259959713513,1.6676476118662142,-5.41295,2.70647,-5.40551,0.39228047616383166,0.7813068119172857,0.0,2.70972,0.01862,57.760234036481656,34.71753111512363,0.0,100.0,100.0,3.759903093666069,0.2467341434711382,3.019593,4.200459,3.019593,-1.3583939563514256e-05,0.013148674209495295,-0.18291099999999982,0.18508199999999997,-0.0003996082820369333,0.4250223616809844,-4.73773,4.73587,ISC_BD_0.8CC_DST_700ohm.csv,0,Normal,DST,0.8,,700,DST_CC0.8_700ohm
0.0016250494667866234,2.1550679923069116,-5.41853,5.51339,-5.40923,0.31081547411024024,0.7533448055050475,0.0,2.68641,0.01862,59.80746502633946,35.281333283556314,0.0,100.0,100.0,3.7700061453809584,0.25648109821657905,3.037574,4.202939,3.037574,-2.226946800308406e-05,0.015038848365610362,-0.19190299999999993,0.193762,-0.0006642598303777945,0.4487753327532805,-4.74331,4.75633,ISC_BD_1.9CC_DST_1000ohm.csv,0,Normal,DST,1.9,,1000,DST_CC1.9_1000ohm
-0.016320144474393575,1.6016229057257894,-5.41667,2.71577,-5.40551,0.4057320102425876,0.7756267278315487,0.0,2.66361,0.01876,57.32291308894879,34.549415903564956,0.0,100.0,100.0,3.752935018005391,0.24659552004939364,2.97092,4.200149,2.97092,-1.5895460427000216e-05,0.013029137365502902,-0.1822919999999999,0.1897319999999998,-0.0003694565451800733,0.41714491227332173,-4.74517,4.7414499999999995,ISC_BD_0.7CC_DST_50ohm.csv,0,Normal,DST,0.7,,50,DST_CC0.7_50ohm
-0.0070294295707472535,2.1589231942434135,-5.41667,5.51153,-5.40737,0.3008689322734499,0.7376306438259066,0.0,2.65666,0.01875,59.60586437519873,35.27919006306814,0.0,100.0,100.0,3.763389119173291,0.2574697831993998,3.006262,4.204799,3.006262,-2.6283597277873135e-05,0.015793969317240676,-0.20275299999999996,0.20430400000000004,-0.0006570692615912986,0.44654809784609234,-4.74703,4.75261,ISC_BD_1.9CC_DST_30ohm.csv,0,Normal,DST,1.9,,30,DST_CC1.9_30ohm
-0.005446942168969278,1.9241802200936482,-5.41295,3.77418,-5.40551,0.32860442352365815,0.7448694667224307,0.0,2.6494,0.01864,58.83681513021151,35.08949171446208,0.0,100.0,100.0,3.763427104169214,0.25280595019324004,3.031684,4.200149,3.031684,-1.8764979212521444e-05,0.013424267337737487,-0.18508100000000027,0.1866319999999999,-0.0005256462460259235,0.4378355644739932,-4.73773,4.75075,ISC_BD_1.3CC_DST_100ohm.csv,0,Normal,DST,1.3,,100,DST_CC1.3_100ohm
0.009593115323011197,2.103244243791473,-5.41667,4.94234,-5.41109,0.30526234783769346,0.7220385580668786,0.0,2.55518,0.01862,59.52674631607048,35.23198996656043,0.0,100.0,100.0,3.7648207234383344,0.25271624585032054,3.069506,4.21193,3.069506,-2.9942531037244677e-05,0.018873902781540296,-0.21856399999999976,0.22321400000000002,-0.0006517000400480578,0.44471629355042946,-4.7414499999999995,4.74517,ISC_BD_1.7CC_DST_50ohm.csv,0,Normal,DST,1.7,,50,DST_CC1.7_50ohm
-0.0029940680280554307,1.9249614573402485,-5.42597,3.78162,-5.40551,0.32875938799577925,0.7467558155244189,0.0,2.66427,0.01874,58.958675432934015,35.11766964605554,0.0,100.0,100.0,3.7657488275712243,0.25390545109912754,3.026104,4.200149,3.026104,-1.8398348749146436e-05,0.013012348148238019,-0.1819820000000001,0.1844610000000002,-0.0005335905394499971,0.4419503961924241,-4.74889,4.75819,ISC_BD_1.3CC_DST_700ohm.csv,0,Normal,DST,1.3,,700,DST_CC1.3_700ohm
0.006991551985981203,1.7285984995077956,-5.42411,2.72879,-5.40365,0.383217269859813,0.7815780639652518,0.0,2.7122,0.01849,58.029821717289714,34.817622275308736,0.0,100.0,100.0,3.7686814977219627,0.2430011112038442,3.091208,4.200149,3.091208,-1.0938836312653338e-05,0.014285981917552378,-0.19593300000000013,0.19903200000000032,-0.0004338976515948123,0.42797768046110474,-4.75261,4.75261,ISC_BD_0.9CC_DST_400ohm.csv,0,Normal,DST,0.9,,400,DST_CC0.9_400ohm
-0.0006576901492538012,1.7856068087338712,-5.41667,2.90365,-5.40551,0.36043866507462685,0.7639201976411492,0.0,2.69078,0.01871,58.26730815522388,34.911849532740526,0.0,100.0,100.0,3.7614270578507463,0.2505833371142554,3.055866,4.200149,3.055866,-1.0662228325770257e-05,0.012782427062291633,-0.17454100000000006,0.17516199999999982,-0.0004610317649868644,0.43281265664999546,-4.74331,4.73773,ISC_BD_1.0CC_DST_1000ohm.csv,0,Normal,DST,1.0,,1000,DST_CC1.0_1000ohm
0.011213189110994257,2.15298780902493,-5.42039,5.52269,-5.40551,0.31700387559179377,0.7541562217703055,0.0,2.65108,0.01864,59.87711263150974,35.23567745271786,0.0,100.0,100.0,3.775374784587059,0.2555299798094695,3.056176,4.204799,3.056176,-2.4506379060897026e-05,0.015416495525909417,-0.19872299999999976,0.20120199999999988,-0.0006787978429567266,0.4477952649022392,-4.74517,4.73959,ISC_BD_1.9CC_DST_600ohm.csv,0,Normal,DST,1.9,,600,DST_CC1.9_600ohm
0.0027683972517178477,2.001097030588436,-5.41667,4.35082,-5.40737,0.3366279394128669,0.7712611344382713,0.0,2.70355,0.0186,59.41003070580887,35.153663791003396,0.0,100.0,100.0,3.7709229055590257,0.2546063360887767,3.052765,4.21689,3.052765,-1.9657046476761647e-05,0.017429108314119233,-0.213603,0.2157739999999997,-0.0005728629435282357,0.44237074443481467,-4.7414499999999995,4.73587,ISC_BD_1.5CC_DST_500ohm.csv,0,Normal,DST,1.5,,500,DST_CC1.5_500ohm
-0.0011308457742521167,1.957992441422273,-5.41853,4.0625,-5.40551,0.32602395839840087,0.7484692413585252,0.0,2.65857,0.01859,59.145075020301086,35.15453054307256,0.0,100.0,100.0,3.7685163848460244,0.25521806760086435,3.024244,4.204179,3.024244,-1.735347035671896e-05,0.014464487274449933,-0.18384199999999984,0.18694200000000016,-0.0005550028112700691,0.4423548379546566,-4.75261,4.73029,ISC_BD_1.4CC_DST_400ohm.csv,0,Normal,DST,1.4,,400,DST_CC1.4_400ohm
0.01970828006830933,1.9147573299671814,-5.42039,3.77604,-5.40365,0.3695596767504269,0.8050775758821683,0.0,2.76948,0.01865,59.16179117467675,35.02614426705105,0.0,100.0,100.0,3.7822389187606738,0.255664307732038,3.073227,4.200769,3.073227,-1.4126204709039889e-05,0.013091812540931924,-0.1844619999999999,0.1844619999999999,-0.0005239740148834927,0.4376371928404179,-4.74517,4.74331,ISC_BD_1.3CC_DST_400ohm.csv,0,Normal,DST,1.3,,400,DST_CC1.3_400ohm
0.000385192565625602,2.1143367577732035,-5.42039,5.22135,-5.40923,0.31564273424027595,0.7552165795295934,0.0,2.6859,0.01875,59.695208935300506,35.23541748414612,0.0,100.0,100.0,3.7687199573353767,0.25854511866099883,3.008433,4.205729,3.008433,-2.4239092941552213e-05,0.015602323419375825,-0.20151299999999983,0.20647300000000035,-0.0006419814755669115,0.4474353951164736,-4.74517,4.73773,ISC_BD_1.8CC_DST_700ohm.csv,0,Normal,DST,1.8,,700,DST_CC1.8_700ohm
0.003920502011761026,1.9553098217148868,-5.41481,4.06622,-5.40551,0.3460171798204891,0.7764448506968604,0.0,2.69754,0.01867,59.349217251624886,35.10493501085058,0.0,100.0,100.0,3.773851200742804,0.25573930378359705,3.053075,4.205419,3.053075,-1.648653500897665e-05,0.015119011143629518,-0.18694200000000016,0.18973200000000023,-0.0005495257846839594,0.44065866236317275,-4.74145,4.73587,ISC_BD_1.4CC_DST_300ohm.csv,0,Normal,DST,1.4,,300,DST_CC1.4_300ohm
0.011264683075724185,1.9368017208618764,-5.41295,3.77418,-5.40551,0.32559025457851665,0.7278429531647911,0.0,2.55953,0.01867,58.8733152097675,35.09594376651883,0.0,100.0,100.0,3.7690773797895827,0.2470856698498054,3.093068,4.21224,3.093068,-2.3297804624577823e-05,0.017541752609295483,-0.2123630000000003,0.21267400000000025,-0.0005580598856845943,0.43809111711397475,-4.73773,4.73773,ISC_BD_1.3CC_DST_30ohm.csv,0,Normal,DST,1.3,,30,DST_CC1.3_30ohm
-0.010758955038942563,1.8264643122378466,-5.41853,3.19754,-5.40737,0.3512413151994335,0.7656041303790997,0.0,2.7019,0.01866,58.613215411848,35.00469970598999,0.0,100.0,100.0,3.7630419064196365,0.2509559710947114,2.992932,4.200149,2.992932,-1.908119910303314e-05,0.013312000755915468,-0.18911200000000017,0.19314199999999992,-0.0004733170069632956,0.4370671297602322,-4.7414499999999995,4.77121,ISC_BD_1.1CC_DST_1000ohm.csv,0,Normal,DST,1.1,,1000,DST_CC1.1_1000ohm
-0.0061140841568773,1.92693213469764,-5.41667,3.7779,-5.40737,0.3246304605631177,0.741208482335804,0.0,2.65897,0.01849,58.89586905339051,35.10940892507972,0.0,100.0,100.0,3.764440610168438,0.2542355758819075,3.020833,4.200149,3.020833,-1.7459936594765957e-05,0.013008986972162993,-0.18198099999999995,0.18477199999999971,-0.0005339733946665014,0.4422838064250965,-4.73959,4.75447,ISC_BD_1.3CC_DST_200ohm.csv,0,Normal,DST,1.3,,200,DST_CC1.3_200ohm
-0.009149232999999913,1.4559290956021376,-5.41481,2.71019,-5.40551,0.478289974,0.8113862174307362,0.0,2.70936,0.01854,56.29000074499999,34.116604199967504,0.0,100.0,100.0,3.7570254788999997,0.23962763358598982,3.042845,4.200149,3.042845,-7.797779777977808e-06,0.01261839269814749,-0.18508199999999997,0.18601199999999984,-0.0003134613461346132,0.40173179585209157,-4.74145,4.74145,ISC_BD_0.5CC_DST_400ohm.csv,0,Normal,DST,0.5,,400,DST_CC0.5_400ohm
-0.0055809519806663205,1.5352999436480796,-5.41481,2.71577,-5.39993,0.4414030361458443,0.8000096215539385,0.0,2.72437,0.01858,56.80004951140065,34.378416038164765,0.0,100.0,100.0,3.757335884837659,0.24221885723780265,3.049665,4.200459,3.049665,-8.56825346784363e-06,0.012688667018902929,-0.174852,0.1795009999999997,-0.0003446185372005053,0.4115837634199684,-4.7470300000000005,4.73401,ISC_BD_0.6CC_DST_400ohm.csv,0,Normal,DST,0.6,,400,DST_CC0.6_400ohm
0.004851917134831424,1.728586971830215,-5.42225,2.72135,-5.40737,0.37989052141853935,0.7759804243228506,0.0,2.69508,0.01875,58.01827811914794,34.82297690179177,0.0,100.0,100.0,3.765163337956461,0.24491830504493584,3.052455,4.200769,3.052455,-1.3209352686409925e-05,0.014546803094964735,-0.208024,0.20957399999999993,-0.0004354723165164459,0.42842427768525293,-4.74889,4.76005,ISC_BD_0.9CC_DST_900ohm.csv,0,Normal,DST,0.9,,900,DST_CC0.9_900ohm
0.004853013266319919,1.7286060278626396,-5.41667,2.71205,-5.40923,0.3832217298813628,0.7814400614346771,0.0,2.71079,0.01869,58.0510972649173,34.813290588821566,0.0,100.0,100.0,3.767899182572614,0.24299036962348844,3.098648,4.200149,3.098648,-1.0890291659360602e-05,0.014841327295634152,-0.19345299999999988,0.19593300000000013,-0.0004343433280729438,0.42786953312817844,-4.74517,4.73587,ISC_BD_0.9CC_DST_500ohm.csv,0,Normal,DST,0.9,,500,DST_CC0.9_500ohm
-0.004373995722463358,2.1933992573656917,-5.40923,5.80729,-5.40551,0.30550583128892245,0.7576285436508975,0.0,2.73869,0.01852,59.78616388626785,35.31937612973968,0.0,100.0,100.0,3.7652477796439574,0.2595154986237345,2.997892,4.200149,2.997892,-2.40291286568103e-05,0.014268543294306792,-0.18880199999999991,0.190353,-0.0006679811261402956,0.4507158788378874,-4.73773,4.73959,ISC_BD_2.0CC_DST_300ohm.csv,0,Normal,DST,2.0,,300,DST_CC2.0_300ohm
-0.001677363702890637,1.867918539790421,-5.41295,3.484,-5.40179,0.34915256616660567,0.7645094224450492,0.0,2.6603,0.01859,58.93524571289181,35.06489595309606,0.0,100.0,100.0,3.7658459396267836,0.25568394883445794,3.007192,4.201699,3.007192,-1.8038545986826055e-05,0.014750378279097838,-0.19128200000000017,0.19407299999999994,-0.0005065522078555743,0.4371440774999626,-4.7470300000000005,4.73215,ISC_BD_1.2CC_DST_1000ohm.csv,0,Normal,DST,1.2,,1000,DST_CC1.2_1000ohm
-0.0033513825288778165,1.45086321090797,-5.42411,2.71019,-5.41109,0.4731912587665017,0.7884185277197143,0.0,2.5848,0.01867,56.38254293007426,34.07678609683468,0.0,100.0,100.0,3.760313892687706,0.23636230591243404,3.058966,4.21565,3.058966,-1.2199329551315134e-05,0.01698053370800721,-0.22383399999999964,0.22662400000000016,-0.0003237699845281075,0.3967066905016582,-4.74331,4.74145,ISC_BD_0.5CC_DST_30ohm.csv,0,Normal,DST,0.5,,30,DST_CC0.5_30ohm
-0.012217372281075644,2.012706919854383,-5.40737,4.35268,-5.40365,0.30093670344135903,0.7180774876303236,0.0,2.61196,0.01856,59.03838406569297,35.207694580231674,0.0,100.0,100.0,3.754795343759794,0.2511060313573819,3.032924,4.200459,3.032924,-2.3983700081499588e-05,0.014870395278527413,-0.18601100000000015,0.18911200000000017,-0.000575143251206821,0.44306831945703506,-4.73773,4.74145,ISC_BD_1.5CC_DST_10ohm.csv,0,Normal,DST,1.5,,10,DST_CC1.5_10ohm
0.009499673994038811,1.9888755642546294,-5.41295,4.35082,-5.40923,0.3538159078489816,0.7936792552392568,0.0,2.72922,0.01872,59.58782847118729,35.12172937584245,0.0,100.0,100.0,3.7772188332712373,0.2578741592422189,3.046875,4.228671,3.046875,-1.9349708110793716e-05,0.018135090859407864,-0.22724499999999992,0.22259399999999996,-0.000569634206930816,0.4410524395782516,-4.74331,4.73401,ISC_BD_1.5CC_DST_900ohm.csv,0,Normal,DST,1.5,,900,DST_CC1.5_900ohm
-0.0017551824541500566,1.9275613722493907,-5.40923,3.77976,-5.40551,0.3226764057477784,0.7289164197607829,0.0,2.57934,0.01863,58.90217087035987,35.10689103357138,0.0,100.0,100.0,3.7620725637486605,0.250275675226247,3.054005,4.201079,3.054005,-2.1378001890954903e-05,0.015142354489597734,-0.19686200000000031,0.19903300000000002,-0.0005421487551213357,0.4382508117448859,-4.73773,4.75819,ISC_BD_1.3CC_DST_10ohm.csv,0,Normal,DST,1.3,,10,DST_CC1.3_10ohm
-0.002738880963287833,2.1994199577576956,-5.41109,5.80729,-5.40551,0.29311540409659054,0.7214704322437169,0.0,2.58308,0.01874,59.70215671094823,35.317203852690504,0.0,100.0,100.0,3.7627857402656897,0.2574605625835544,3.044395,4.209449,3.044395,-3.264749001898027e-05,0.017234657978025893,-0.20957300000000023,0.21050299999999966,-0.0006955206492571499,0.44659249367317155,-4.73959,4.76563,ISC_BD_2.0CC_DST_50ohm.csv,0,Normal,DST,2.0,,50,DST_CC2.0_50ohm
0.005456806353715871,2.0608431756475105,-5.41853,4.64844,-5.40551,0.31330577258345704,0.7358223654302095,0.0,2.61021,0.01858,59.47038301801511,35.20080276138483,0.0,100.0,100.0,3.763449015690579,0.25200682066909,3.059276,4.21286,3.059276,-2.7368227316758152e-05,0.018703828706220806,-0.21763399999999988,0.22135499999999997,-0.0006109505973522749,0.44370442949151645,-4.73773,4.7470300000000005,ISC_BD_1.6CC_DST_30ohm.csv,0,Normal,DST,1.6,,30,DST_CC1.6_30ohm
0.02000005246855048,2.1439134366620487,-5.41853,5.51711,-5.40551,0.34568381945761417,0.8027492661085969,0.0,2.77376,0.01875,59.99662444528732,35.142758816910174,0.0,100.0,100.0,3.778840493583665,0.2618288192320245,3.032614,4.203249,3.032614,-2.1403679585256336e-05,0.014758813343435748,-0.192523,0.19531300000000007,-0.000653399506859707,0.44608564985603333,-4.7414499999999995,4.752610000000001,ISC_BD_1.9CC_DST_900ohm.csv,0,Normal,DST,1.9,,900,DST_CC1.9_900ohm
-0.0008856243225106926,1.451992176906961,-5.41853,2.71391,-5.40737,0.4769546910648842,0.7940228461897931,0.0,2.60542,0.01854,56.38959806947814,34.07503891556029,0.0,100.0,100.0,3.7602850974036026,0.23420028939809343,3.093688,4.207589,3.093688,-9.218522533684394e-06,0.015359408227278938,-0.20306300000000022,0.20523299999999978,-0.0003242795932063402,0.3969329899414754,-4.73959,4.74331,ISC_BD_0.5CC_DST_10ohm.csv,0,Normal,DST,0.5,,10,DST_CC0.5_10ohm
-0.006695281353438811,1.5348218551817767,-5.41109,2.71019,-5.40365,0.43997792991120693,0.7974956725973824,0.0,2.71313,0.01861,56.81745255083277,34.3789189247939,0.0,100.0,100.0,3.7565494210056216,0.24327323456603064,3.028894,4.200149,3.028894,-9.52981976774736e-06,0.012810234862775566,-0.18167199999999983,0.18353199999999958,-0.00034463664547317507,0.411509902765216,-4.74703,4.73029,ISC_BD_0.6CC_DST_200ohm.csv,0,Normal,DST,0.6,,200,DST_CC0.6_200ohm
0.0036028582103493287,2.0785639955808923,-5.41481,4.9349,-5.41109,0.336484773647176,0.7793180355871162,0.0,2.70362,0.01868,59.74530650102746,35.15949672378242,0.0,100.0,100.0,3.773421138862943,0.2567545581090695,3.044705,4.209449,3.044705,-2.187538145357164e-05,0.016032866876226334,-0.20554300000000003,0.20523299999999978,-0.0006079535405119264,0.4423889052422366,-4.73587,4.74517,ISC_BD_1.7CC_DST_100ohm.csv,0,Normal,DST,1.7,,100,DST_CC1.7_100ohm
-0.0033400747616972527,1.956994245873806,-5.40551,4.0625,-5.40179,0.3285255790916454,0.7514651245072119,0.0,2.65475,0.01849,59.19127002678961,35.157110980882976,0.0,100.0,100.0,3.76455054582269,0.2564751476817196,3.006262,4.204799,3.006262,-1.9935198454732402e-05,0.015123890045021434,-0.19283200000000011,0.19438200000000005,-0.0005533185868278394,0.4417761386032814,-4.73587,4.73029,ISC_BD_1.4CC_DST_1000ohm.csv,0,Normal,DST,1.4,,1000,DST_CC1.4_1000ohm
-0.005165821817698508,2.1827455483480875,-5.41481,5.51711,-5.40551,0.27115682699973426,0.6861282128856815,0.0,2.55703,0.01863,59.41389980069093,35.31246253361577,0.0,100.0,100.0,3.7497004033351047,0.2522269476765612,3.030754,4.20821,3.030754,-3.361807308970101e-05,0.019035235453172112,-0.22569399999999984,0.22414500000000004,-0.000686204651162791,0.44987557162633524,-4.74145,4.73773,ISC_BD_1.9CC_DST_50ohm.csv,0,Normal,DST,1.9,,50,DST_CC1.9_50ohm
0.014387573460309487,2.0425179549912604,-5.42225,4.6503,-5.40737,0.3439977426226427,0.7879218987528264,0.0,2.7411,0.01871,59.61765945742748,35.14435223904581,0.0,100.0,100.0,3.773869454294844,0.2576648260948326,3.039124,4.203559,3.039124,-1.829932953192553e-05,0.014932095410313616,-0.19438299999999975,0.1962419999999998,-0.000592804687010464,0.44406666186059507,-4.74517,4.77493,ISC_BD_1.6CC_DST_200ohm.csv,0,Normal,DST,1.6,,200,DST_CC1.6_200ohm
-0.00993893289668817,2.0443449750221148,-5.41295,4.65402,-5.40551,0.3142832179930796,0.7511671260023668,0.0,2.70921,0.01848,59.37434324641622,35.24126898431643,0.0,100.0,100.0,3.765597020143351,0.2559476137684518,3.010293,4.200149,3.010293,-1.9196638240019792e-05,0.013331082487197898,-0.177022,0.1822919999999999,-0.0005841756272401426,0.4463419656989483,-4.74145,4.74331,ISC_BD_1.6CC_DST_700ohm.csv,0,Normal,DST,1.6,,700,DST_CC1.6_700ohm
-0.012225366013071988,1.6049668092817833,-5.41481,2.71205,-5.40551,0.4124152080610022,0.7867814208897169,0.0,2.70092,0.01874,57.333143404139435,34.55695215289787,0.0,100.0,100.0,3.7588635550653597,0.24491973249859775,3.033544,4.200459,3.033544,-1.119637215382937e-05,0.012552910577652952,-0.17051099999999986,0.17454100000000006,-0.0003734829502124416,0.41966115891360906,-4.73587,4.74145,ISC_BD_0.7CC_DST_500ohm.csv,0,Normal,DST,0.7,,500,DST_CC0.7_500ohm
0.0019974873729300476,2.208372367022694,-5.41481,5.81101,-5.40737,0.30440112269036507,0.7487887295508148,0.0,2.68295,0.01865,59.791018138226455,35.28663365315394,0.0,100.0,100.0,3.7671154270826674,0.2543178438414789,3.060826,4.202629,3.060826,-2.50767312488011e-05,0.01567311980670233,-0.19376300000000013,0.193762,-0.0006795101988618185,0.4481256572886508,-4.73959,4.7470300000000005,ISC_BD_2.0CC_DST_20ohm.csv,0,Normal,DST,2.0,,20,DST_CC2.0_20ohm
-0.009852893301985884,1.4556731586241558,-5.40923,2.71205,-5.40365,0.4774367920564254,0.8102079608277825,0.0,2.69869,0.01871,56.357032009404236,34.12660331350345,0.0,100.0,100.0,3.7550136133760192,0.24043596739479428,3.009673,4.200149,3.009673,-1.0810145580069013e-05,0.013050129684708875,-0.1906620000000001,0.19221200000000005,-0.0003140677372554915,0.4019813241433805,-4.73773,4.7674900000000004,ISC_BD_0.5CC_DST_500ohm.csv,0,Normal,DST,0.5,,500,DST_CC0.5_500ohm
-0.007841326793378334,1.8730836314496782,-5.42225,3.48028,-5.40737,0.3382380294297977,0.7506327313200807,0.0,2.65251,0.01858,58.81820043531576,35.06748677461877,0.0,100.0,100.0,3.7655041476394846,0.25318054921284294,3.021763,4.202629,3.021763,-1.5835602158449836e-05,0.014507975798911462,-0.18632099999999996,0.1903520000000003,-0.0005090575177826825,0.4382696510668137,-4.74889,4.7340100000000005,ISC_BD_1.2CC_DST_200ohm.csv,0,Normal,DST,1.2,,200,DST_CC1.2_200ohm
0.0030385688095819017,1.7822611470263736,-5.41481,2.90365,-5.40737,0.3622357033732584,0.7572799864962695,0.0,2.62662,0.01863,58.401647830603764,34.898820176087455,0.0,100.0,100.0,3.7692339470789538,0.24823533741402137,3.088728,4.200149,3.088728,-1.1311636719227441e-05,0.013204431875124448,-0.17857199999999995,0.17981099999999994,-0.0004720217577313289,0.431795111267778,-4.73587,4.73773,ISC_BD_1.0CC_DST_800ohm.csv,0,Normal,DST,1.0,,800,DST_CC1.0_800ohm
0.0016530417392427077,2.1985087281091404,-5.42225,5.80357,-5.40551,0.3051961247661441,0.7495560299485641,0.0,2.69194,0.0187,59.849532933359136,35.296247752769155,0.0,100.0,100.0,3.769325230436746,0.2569915008144408,3.028894,4.200149,3.028894,-2.4463062133040818e-05,0.014590084579368863,-0.19376300000000013,0.19531300000000007,-0.0006856481063294406,0.44989104974523203,-4.74331,4.73959,ISC_BD_2.0CC_DST_400ohm.csv,0,Normal,DST,2.0,,400,DST_CC2.0_400ohm
0.0053679317294369235,2.0448256778624057,-5.42039,4.64472,-5.40551,0.33188756014611415,0.771819131177148,0.0,2.71794,0.01851,59.506552500314896,35.16998481154749,0.0,100.0,100.0,3.7722282554477893,0.25561866888397355,3.056796,4.204179,3.056796,-1.6539871504157213e-05,0.014746794928891388,-0.18508199999999997,0.18694200000000016,-0.0005961381960191475,0.4444829331309538,-4.7414499999999995,4.73959,ISC_BD_1.6CC_DST_900ohm.csv,0,Normal,DST,1.6,,900,DST_CC1.6_900ohm
-0.0017180325587025918,1.7798507034834874,-5.41667,2.91109,-5.40923,0.35808471374969736,0.7485984044826907,0.0,2.58802,0.0187,58.38900225732269,34.88359157070798,0.0,100.0,100.0,3.764283675865408,0.24877593071127377,3.078807,4.203249,3.078807,-1.623084372352015e-05,0.014808803412334256,-0.18880199999999991,0.19004200000000004,-0.0004675632490013309,0.43001460222471927,-4.73959,4.75075,ISC_BD_1.0CC_DST_10ohm.csv,0,Normal,DST,1.0,,10,DST_CC1.0_10ohm
-0.004988500151011829,1.7744090665902172,-5.41667,2.90737,-5.40365,0.3540469066747206,0.741303016706885,0.0,2.55983,0.01865,58.36843906976745,34.907650436678544,0.0,100.0,100.0,3.7598771041377224,0.2513675872719093,3.026724,4.21038,3.026724,-2.1107472965625563e-05,0.016556240138547163,-0.21081300000000036,0.21298400000000006,-0.0004670247085120518,0.428855377630344,-4.74331,4.73587,ISC_BD_1.0CC_DST_50ohm.csv,0,Normal,DST,1.0,,50,DST_CC1.0_50ohm
-0.006441795423533249,1.5355139057868756,-5.41109,2.71391,-5.40179,0.4405084255274483,0.7980443363813039,0.0,2.71541,0.01859,56.799372483468034,34.37092791585342,0.0,100.0,100.0,3.756522107431511,0.24360943859559545,3.027654,4.200459,3.027654,-9.096210371614525e-06,0.01266515262135422,-0.17857199999999995,0.18260200000000015,-0.00034435439848834774,0.41127743362906244,-4.74331,4.73215,ISC_BD_0.6CC_DST_700ohm.csv,0,Normal,DST,0.6,,700,DST_CC0.6_700ohm
-0.007292382352941216,1.5355131474802142,-5.41295,2.71391,-5.40179,0.4394342762605042,0.7965554227019217,0.0,2.71143,0.01853,56.80137051995797,34.37296040605868,0.0,100.0,100.0,3.7561342174894956,0.244016609476876,3.017423,4.201079,3.017423,-9.640298350667088e-06,0.012763253861862474,-0.1835309999999999,0.18601100000000015,-0.00034421682949889665,0.4114865141426625,-4.74145,4.73029,ISC_BD_0.6CC_DST_800ohm.csv,0,Normal,DST,0.6,,800,DST_CC0.6_800ohm
0.004917034868923476,2.1200105632153905,-5.41295,5.22507,-5.40737,0.32127863324001016,0.7655246085403856,0.0,2.71079,0.0186,59.7159777742428,35.24742234873259,0.0,100.0,100.0,3.7749666408755407,0.25470354743989226,3.072297,4.204799,3.072297,-1.8229413262059364e-05,0.01507517815754292,-0.18725199999999997,0.18818199999999985,-0.0006393343515336637,0.44671457708843043,-4.739590000000001,4.74331,ISC_BD_1.8CC_DST_300ohm.csv,0,Normal,DST,1.8,,300,DST_CC1.8_300ohm
-0.0018216311246509152,2.1592508483866366,-5.41295,5.52083,-5.40551,0.30737373254633155,0.7464505220962534,0.0,2.6671,0.01861,59.71067381315054,35.2449494725483,0.0,100.0,100.0,3.767299173711602,0.2580522289438583,3.015873,4.203249,3.015873,-2.465754728957725e-05,0.015206526904445234,-0.19655299999999976,0.19748300000000008,-0.0006556582455249457,0.44648051201488026,-4.73773,4.74331,ISC_BD_1.9CC_DST_100ohm.csv,0,Normal,DST,1.9,,100,DST_CC1.9_100ohm
0.009542994145892167,2.1617668959016636,-5.41295,5.51339,-5.40923,0.31566997171610867,0.7531547188474129,0.0,2.65145,0.01869,59.89260074327435,35.24968860820259,0.0,100.0,100.0,3.7790114722752084,0.25609040282156337,3.093378,4.200769,3.093378,-1.892625485165451e-05,0.01363851169831324,-0.17702099999999987,0.1785709999999998,-0.0006796329188869148,0.44800137570217435,-4.7340100000000005,4.73959,ISC_BD_1.9CC_DST_700ohm.csv,0,Normal,DST,1.9,,700,DST_CC1.9_700ohm
-0.003511802002224712,1.5349598303553587,-5.41667,2.71763,-5.40551,0.4407533296255098,0.7907182314752055,0.0,2.66553,0.01864,56.82033688754701,34.32976859958398,0.0,100.0,100.0,3.7579206906086133,0.2392220784921506,3.080047,4.200149,3.080047,-8.572866451236963e-06,0.013284248104743128,-0.17857100000000026,0.1822919999999999,-0.0003485320760714099,0.4082769763560485,-4.73773,4.75633,ISC_BD_0.6CC_DST_300ohm.csv,0,Normal,DST,0.6,,300,DST_CC0.6_300ohm
0.0040090070134423915,1.730678133182483,-5.41667,2.71763,-5.40737,0.3814947977790766,0.7793910887095213,0.0,2.70899,0.01862,58.042479526592636,34.82191625190102,0.0,100.0,100.0,3.7677515977206313,0.24319298603110778,3.085317,4.200149,3.085317,-1.1452653729249473e-05,0.014169667628983647,-0.19717200000000012,0.19872200000000007,-0.0004346948795884971,0.428155334604018,-4.74331,4.76005,ISC_BD_0.9CC_DST_600ohm.csv,0,Normal,DST,0.9,,600,DST_CC0.9_600ohm
0.01273916838487964,2.039775849655186,-5.41481,4.65216,-5.40737,0.34735644860980947,0.7920855312812697,0.0,2.74355,0.01854,59.65135701968135,35.13517798763116,0.0,100.0,100.0,3.776536676038738,0.2569786272615183,3.057106,4.204489,3.057106,-1.8152096481909605e-05,0.014895271337683931,-0.19004300000000018,0.19314299999999962,-0.0005915234643504341,0.4434589435751164,-4.73773,4.77679,ISC_BD_1.6CC_DST_800ohm.csv,0,Normal,DST,1.6,,800,DST_CC1.6_800ohm
-0.011802071710610124,2.15492027731534,-5.42597,5.51897,-5.40365,0.2956912501592153,0.7261994915811717,0.0,2.6181,0.01864,59.62289104572666,35.27452396145419,0.0,100.0,100.0,3.760697389122405,0.25580882326714216,3.031684,4.202629,3.031684,-2.9975095541401305e-05,0.01697553602392358,-0.2043029999999999,0.20864400000000005,-0.0006579133757961769,0.44725413150094445,-4.74517,4.75633,ISC_BD_1.9CC_DST_10ohm.csv,0,Normal,DST,1.9,,10,DST_CC1.9_10ohm
0.006865753450677425,2.0817548858991697,-5.41295,4.93676,-5.40551,0.32903357097632013,0.7721493568121359,0.0,2.71171,0.01867,59.68969501709509,35.235558077049056,0.0,100.0,100.0,3.774095770545777,0.25394400421412383,3.072607,4.207589,3.072607,-1.908175025329278e-05,0.015616109446076842,-0.19438299999999975,0.19717299999999982,-0.0006170953647416412,0.4457578739498628,-4.74517,4.74517,ISC_BD_1.7CC_DST_500ohm.csv,0,Normal,DST,1.7,,500,DST_CC1.7_500ohm
-0.009410730137322302,1.8749580432420108,-5.41667,3.48028,-5.40923,0.336472172633644,0.7479837670859872,0.0,2.65066,0.01856,58.80652765448749,35.052408775023395,0.0,100.0,100.0,3.7653267493256495,0.25374907819101894,3.013703,4.201699,3.013703,-1.6156774984671993e-05,0.01434947849023036,-0.19004200000000004,0.19004200000000004,-0.000508995095033721,0.4382227774785697,-4.74145,4.73215,ISC_BD_1.2CC_DST_900ohm.csv,0,Normal,DST,1.2,,900,DST_CC1.2_900ohm
0.023807259606254225,1.9864096183931614,-5.41481,4.3564,-5.40551,0.365932958156612,0.8013188206907931,0.0,2.70074,0.01853,59.739314768626954,35.071192274661634,0.0,100.0,100.0,3.7848838920681143,0.2557649954177819,3.059586,4.230531,3.059586,-2.0982019626464106e-05,0.019037671289879817,-0.24398600000000004,0.2402650000000004,-0.0005808236783792341,0.4390458975473397,-4.74331,4.73587,ISC_BD_1.5CC_DST_600ohm.csv,0,Normal,DST,1.5,,600,DST_CC1.5_600ohm
-0.017075030108155545,1.8255308186864425,-5.41481,3.18824,-5.41109,0.3427020052616195,0.7523603141830469,0.0,2.67554,0.01863,58.46659172756504,34.97146516157286,0.0,100.0,100.0,3.7608906015200234,0.24920172833721876,2.995412,4.200459,2.995412,-1.9703619248085173e-05,0.013679048068595203,-0.19407299999999994,0.195932,-0.0004685370987546043,0.4341599933145093,-4.739590000000001,4.73215,ISC_BD_1.1CC_DST_100ohm.csv,0,Normal,DST,1.1,,100,DST_CC1.1_100ohm
-0.0021218981896398217,1.7829209633271859,-5.41853,2.90365,-5.40551,0.35880826073967853,0.7607304318238459,0.0,2.67602,0.0186,58.29048281651431,34.923814248584804,0.0,100.0,100.0,3.762657233494652,0.25161705508180904,3.045635,4.200459,3.045635,-1.1652345383925911e-05,0.012765831386380962,-0.1742309999999998,0.17516099999999968,-0.00046161219002091466,0.4329957469610795,-4.73773,4.73587,ISC_BD_1.0CC_DST_200ohm.csv,0,Normal,DST,1.0,,200,DST_CC1.0_200ohm
-0.0031291947983016002,1.5329595260084736,-5.41853,2.71205,-5.40551,0.4403427590233546,0.7892679829677655,0.0,2.65657,0.01878,56.82453555201699,34.33146838046117,0.0,100.0,100.0,3.7578638961783444,0.23902294776187089,3.076637,4.201389,3.076637,-9.446438050748504e-06,0.013655292959786031,-0.182601,0.1863220000000001,-0.0003484637434971858,0.4078908380205819,-4.7414499999999995,4.748889999999999,ISC_BD_0.6CC_DST_50ohm.csv,0,Normal,DST,0.6,,50,DST_CC0.6_50ohm
-0.009712982554238421,1.6668548416015756,-5.41481,2.71577,-5.40923,0.3926629288749721,0.7820414761080157,0.0,2.71173,0.01846,57.735413419816595,34.721905550647236,0.0,100.0,100.0,3.759933185808544,0.2458278318246237,3.029824,4.200149,3.029824,-1.2898724974835033e-05,0.013110599067400877,-0.1804319999999997,0.18322100000000008,-0.00039954814897662444,0.4248293972726326,-4.74517,4.73773,ISC_BD_0.8CC_DST_200ohm.csv,0,Normal,DST,0.8,,200,DST_CC0.8_200ohm
0.005162229112062823,1.962677804952515,-5.41109,4.0625,-5.40551,0.33133234098318737,0.7484644473241607,0.0,2.6192,0.01856,59.25292883717957,35.13555994343798,0.0,100.0,100.0,3.7730457990794606,0.25156877496217556,3.070127,4.204799,3.070127,-1.641173837989903e-05,0.015029046128752296,-0.19159199999999998,0.19345199999999974,-0.0005679898983440953,0.4410251273908782,-4.73773,4.752610000000001,ISC_BD_1.4CC_DST_700ohm.csv,0,Normal,DST,1.4,,700,DST_CC1.4_700ohm
0.009191422331940617,1.9719100834099599,-5.41295,4.06436,-5.40551,0.3321451436890746,0.7502918523798591,0.0,2.62419,0.0185,59.162937523737185,35.13447692820996,0.0,100.0,100.0,3.769667090074693,0.24984237882360483,3.087488,4.204799,3.087488,-1.707501899214994e-05,0.01581570085856405,-0.19128200000000017,0.19314300000000006,-0.0005622986832109397,0.438972130501653,-4.73959,4.74703,ISC_BD_1.4CC_DST_20ohm.csv,0,Normal,DST,1.4,,20,DST_CC1.4_20ohm
-0.012793224058093087,1.5332873886217557,-5.41295,2.71391,-5.40179,0.43523263418227737,0.7902365061517433,0.0,2.68491,0.01847,56.893580514628496,34.383731856862184,0.0,100.0,100.0,3.7533571614396966,0.24335735700148986,3.005952,4.200149,3.005952,-1.2105830965161538e-05,0.013157157353616613,-0.1844619999999999,0.1863220000000001,-0.0003452604988948528,0.41188821324157765,-4.73773,4.74145,ISC_BD_0.6CC_DST_1000ohm.csv,0,Normal,DST,0.6,,1000,DST_CC0.6_1000ohm
0.006752251529052089,2.1223368688384716,-5.41667,5.22321,-5.40551,0.3195476752038736,0.7637883292803145,0.0,2.71533,0.0186,59.68006371687054,35.2416775822802,0.0,100.0,100.0,3.7735832944699284,0.25490117018329683,3.066096,4.204489,3.066096,-1.843048298712888e-05,0.014970518760931488,-0.18694200000000016,0.18942199999999998,-0.0006386083853702054,0.4469333041777975,-4.7414499999999995,4.73959,ISC_BD_1.8CC_DST_200ohm.csv,0,Normal,DST,1.8,,200,DST_CC1.8_200ohm
-0.008131888217522653,1.6664751406368394,-5.41295,2.71019,-5.40737,0.39282647197045995,0.7820997175381585,0.0,2.71164,0.01861,57.70688664540674,34.71953071916909,0.0,100.0,100.0,3.759144664652568,0.2454717775494034,3.031064,4.200149,3.031064,-1.318347135183528e-05,0.013221291160953361,-0.17981199999999964,0.18787200000000004,-0.00039977170993733135,0.42495007289498865,-4.74145,4.74145,ISC_BD_0.8CC_DST_300ohm.csv,0,Normal,DST,0.8,,300,DST_CC0.8_300ohm
-0.010263660526579153,1.455207648361045,-5.41295,2.70833,-5.40551,0.47531528531384515,0.8067618049312021,0.0,2.69208,0.0186,56.32633897787566,34.133372015575475,0.0,100.0,100.0,3.7557490783361693,0.24017857351534086,3.023623,4.200149,3.023623,-9.265218261914273e-06,0.0127711001805766,-0.1857019999999996,0.1903520000000003,-0.0003140859030837008,0.4019518345235178,-4.74145,4.73029,ISC_BD_0.5CC_DST_600ohm.csv,0,Normal,DST,0.5,,600,DST_CC0.5_600ohm
-0.0035673919252240064,2.0300053513960057,-5.41109,4.36198,-5.39993,0.2904952012203038,0.6972623301752044,0.0,2.56493,0.01852,58.95523653771258,35.19606702474478,0.0,100.0,100.0,3.752329415812021,0.24802828568999907,3.051215,4.200769,3.051215,-2.7592638275772506e-05,0.01727567263651819,-0.20678300000000016,0.21081299999999992,-0.0005954459880550504,0.4443869489925752,-4.73773,4.7340100000000005,ISC_BD_1.5CC_DST_30ohm.csv,0,Normal,DST,1.5,,30,DST_CC1.5_30ohm
0.01744658535059748,2.114494326155817,-5.41481,5.23624,-5.40551,0.33585863076249456,0.7839311297021989,0.0,2.7461,0.01862,59.68257781322325,35.12561379883363,0.0,100.0,100.0,3.7774309664727586,0.2588667090865131,3.060826,4.21007,3.060826,-2.819949953081012e-05,0.016941621549029375,-0.21174300000000024,0.213603,-0.0006275645918048169,0.44267076603488287,-4.74145,4.73773,ISC_BD_1.8CC_DST_10ohm.csv,0,Normal,DST,1.8,,10,DST_CC1.8_10ohm
-0.0020491136235869525,1.9585610539863665,-5.40737,4.0625,-5.40179,0.32619885876694354,0.7485491400904434,0.0,2.65629,0.01857,59.15765127115998,35.14976827490085,0.0,100.0,100.0,3.7669841858954336,0.2557662956242029,3.015873,4.203869,3.015873,-1.8166926969450873e-05,0.014624510268234144,-0.18694200000000016,0.19004200000000004,-0.0005544218154557372,0.4423064446146802,-4.74517,4.73215,ISC_BD_1.4CC_DST_800ohm.csv,0,Normal,DST,1.4,,800,DST_CC1.4_800ohm
0.0030502708777590958,1.7262988662250585,-5.41481,2.71019,-5.40737,0.3859982433289148,0.7836795296245919,0.0,2.70116,0.01859,58.01480291049508,34.784914508993644,0.0,100.0,100.0,3.7650826944844678,0.2444627967136836,3.085938,4.201699,3.085938,-1.184754164505159e-05,0.015366140297586277,-0.195932,0.19934299999999983,-0.00042897803908006216,0.4250891018302387,-4.73959,4.76377,ISC_BD_0.9CC_DST_100ohm.csv,0,Normal,DST,0.9,,100,DST_CC0.9_100ohm
-0.0005948722229356116,2.155463718130321,-5.41481,5.51525,-5.40737,0.3089074990368563,0.7504020582605911,0.0,2.68196,0.01859,59.77705150250417,35.280909725435116,0.0,100.0,100.0,3.7707308401181456,0.25647849705223247,3.039434,4.203249,3.039434,-2.2417287438993044e-05,0.014952551603538053,-0.19004299999999974,0.19283200000000011,-0.0006641574621114826,0.44877750821890644,-4.74331,4.74145,ISC_BD_1.9CC_DST_500ohm.csv,0,Normal,DST,1.9,,500,DST_CC1.9_500ohm
0.013745234325920315,2.0709489161120023,-5.40923,4.93676,-5.40551,0.34353265611257694,0.789751332985283,0.0,2.73079,0.01847,59.80749284457847,35.17088797404259,0.0,100.0,100.0,3.7761519013695186,0.25847447277159863,3.032304,4.211619,3.032304,-2.1387408896707692e-05,0.01639336073982488,-0.21081400000000006,0.21298299999999992,-0.0006131056798190495,0.44405956960810283,-4.74145,4.7544699999999995,ISC_BD_1.7CC_DST_600ohm.csv,0,Normal,DST,1.7,,600,DST_CC1.7_600ohm
-0.016249957828462794,1.8290734091617362,-5.41295,3.19754,-5.40551,0.33522167023045857,0.7435193819728164,0.0,2.67488,0.01872,58.46088663578047,35.0215607478915,0.0,100.0,100.0,3.759786025362319,0.24999899326633152,2.983011,4.200149,2.983011,-2.084721397172391e-05,0.013123934784654331,-0.18756200000000023,0.19190300000000038,-0.0004762450992039924,0.43803290941081263,-4.739590000000001,4.76191,ISC_BD_1.1CC_DST_900ohm.csv,0,Normal,DST,1.1,,900,DST_CC1.1_900ohm
-0.00744533434898528,1.6040810627827222,-5.41481,2.71577,-5.40923,0.41383130311768873,0.7894663098052896,0.0,2.71521,0.01854,57.31330298166385,34.561946914791065,0.0,100.0,100.0,3.760640143315741,0.24385746518905738,3.049045,4.200149,3.049045,-9.565326222996154e-06,0.012294733913894811,-0.1701999999999999,0.1742309999999998,-0.0003737040866300274,0.4188240121630931,-4.73773,4.7340100000000005,ISC_BD_0.7CC_DST_600ohm.csv,0,Normal,DST,0.7,,600,DST_CC0.7_600ohm
-0.012597634691195871,1.5348993859373352,-5.40923,2.70833,-5.40551,0.4372502391590012,0.7934958018020821,0.0,2.69642,0.01857,56.87917001839684,34.38085787712303,0.0,100.0,100.0,3.7545396272798945,0.24330638762930665,3.022383,4.200149,3.022383,-1.0788729432791855e-05,0.01301392894228621,-0.18074099999999982,0.18384200000000028,-0.0003451726856962626,0.41163863146010765,-4.73773,4.7340100000000005,ISC_BD_0.6CC_DST_500ohm.csv,0,Normal,DST,0.6,,500,DST_CC0.6_500ohm
0.003316574388388091,1.7280456323786275,-5.43155,2.71391,-5.40179,0.38019536813765664,0.7769933009118254,0.0,2.69852,0.01864,58.03499461547466,34.82021432894181,0.0,100.0,100.0,3.766742429240314,0.24396324801621877,3.073847,4.200149,3.073847,-1.2376024350269222e-05,0.014287229724699963,-0.2002729999999997,0.2024429999999997,-0.00043508780145165056,0.4284287079231118,-4.75819,4.73773,ISC_BD_0.9CC_DST_700ohm.csv,0,Normal,DST,0.9,,700,DST_CC0.9_700ohm
-0.008546643473939238,1.9274282942400198,-5.41481,3.77976,-5.40923,0.32493098962539596,0.7410235159721197,0.0,2.65385,0.01865,58.9598736534758,35.11763345124095,0.0,100.0,100.0,3.76393272460707,0.2545145126288932,3.006572,4.200149,3.006572,-1.9204100652376534e-05,0.013082312216241229,-0.18663200000000035,0.18942199999999998,-0.0005344013668841242,0.44213150443659716,-4.73773,4.75633,ISC_BD_1.3CC_DST_800ohm.csv,0,Normal,DST,1.3,,800,DST_CC1.3_800ohm
-0.0032717361461592595,1.4557520854276476,-5.41481,2.71577,-5.40923,0.47964517462400325,0.804917805783417,0.0,2.66334,0.01867,56.329981533259314,34.065522305112104,0.0,100.0,100.0,3.755720551024528,0.23719480831413636,3.054626,4.200149,3.054626,-9.32626690894406e-06,0.013754419912799704,-0.19407200000000024,0.19562299999999988,-0.00031715525943872415,0.3985121086664911,-4.73773,4.75261,ISC_BD_0.5CC_DST_50ohm.csv,0,Normal,DST,0.5,,50,DST_CC0.5_50ohm
0.011201660665507762,1.992260560195539,-5.40923,4.35268,-5.40179,0.35187852371492434,0.7912508756117574,0.0,2.72549,0.0185,59.560299534392854,35.13709776623098,0.0,100.0,100.0,3.777427317668239,0.2555387077983417,3.068576,4.21658,3.068576,-1.9267974667825626e-05,0.017417613052166377,-0.2111240000000003,0.21081299999999992,-0.0005693772507140186,0.44096954472365624,-4.74331,4.73401,ISC_BD_1.5CC_DST_300ohm.csv,0,Normal,DST,1.5,,300,DST_CC1.5_300ohm
0.0020283987722214247,1.9585029822862339,-5.42597,4.0625,-5.40923,0.3297902129428315,0.7455299446149108,0.0,2.60843,0.01869,59.264423372554035,35.13064142864748,0.0,100.0,100.0,3.7722210798695484,0.2525189225400915,3.056796,4.205419,3.056796,-1.7705807111793338e-05,0.015263518596419808,-0.19562200000000018,0.19717300000000026,-0.0005684094397544129,0.4412060972837486,-4.752610000000001,4.76005,ISC_BD_1.4CC_DST_900ohm.csv,0,Normal,DST,1.4,,900,DST_CC1.4_900ohm
-0.009559817262441159,1.454582564108686,-5.41109,2.71205,-5.40551,0.4761760068088516,0.8083974569734071,0.0,2.69948,0.01873,56.29544980975267,34.13357805953944,0.0,100.0,100.0,3.7549468997697,0.24016262478474903,3.019283,4.200149,3.019283,-9.39124774684555e-06,0.0129340674419619,-0.18787200000000004,0.19190200000000024,-0.0003140556779491292,0.4019535040528228,-4.73959,4.73215,ISC_BD_0.5CC_DST_800ohm.csv,0,Normal,DST,0.5,,800,DST_CC0.5_800ohm
-0.009329713526441595,1.5304039046023032,-5.41667,2.70461,-5.40923,0.4349601594472496,0.7808046076563862,0.0,2.6244,0.01872,56.87155360085038,34.35696472469993,0.0,100.0,100.0,3.753690827159181,0.24172133141138208,3.030134,4.205109,3.030134,-1.2837187051506971e-05,0.01491157356435766,-0.20182300000000009,0.20275299999999996,-0.00034863020251953397,0.40807814185299157,-4.7414499999999995,4.73587,ISC_BD_0.6CC_DST_10ohm.csv,0,Normal,DST,0.6,,10,DST_CC0.6_10ohm
-0.0010250833075256642,2.002687405719425,-5.41109,4.35268,-5.39993,0.3239493180551254,0.7509728554385011,0.0,2.65737,0.01857,59.232204428615674,35.172652927573246,0.0,100.0,100.0,3.764629689625271,0.2526817164861846,3.054316,4.209139,3.054316,-2.0856160564950782e-05,0.016460130019270904,-0.194693,0.19779299999999989,-0.0005677265687914263,0.4405045633937485,-4.73959,4.72843,ISC_BD_1.5CC_DST_100ohm.csv,0,Normal,DST,1.5,,100,DST_CC1.5_100ohm
-0.00244185881518278,1.781345803013598,-5.42039,2.90923,-5.40551,0.3596042095305664,0.7578405087163512,0.0,2.6453,0.0187,58.33551891332624,34.88967176373579,0.0,100.0,100.0,3.758562453647866,0.2526164215663197,3.016493,4.200149,3.016493,-1.6168282876064337e-05,0.01358589709647403,-0.18570200000000003,0.18694199999999972,-0.0004567809839167447,0.4308940763454357,-4.74517,4.73959,ISC_BD_1.0CC_DST_20ohm.csv,0,Normal,DST,1.0,,20,DST_CC1.0_20ohm
-0.007545058957778637,2.124424589913637,-5.41667,5.22507,-5.41109,0.3077812305058958,0.7422502370921613,0.0,2.64683,0.01877,59.68228226195004,35.252143008863726,0.0,100.0,100.0,3.7619578439203756,0.25754396023507076,3.009983,4.208829,3.009983,-2.6319870656860227e-05,0.016638085038792872,-0.20709299999999997,0.20678300000000016,-0.0006369832614760334,0.44635713725213616,-4.73773,4.74145,ISC_BD_1.8CC_DST_20ohm.csv,0,Normal,DST,1.8,,20,DST_CC1.8_20ohm
-0.0020233258015267554,1.8710362173204325,-5.41481,3.48028,-5.40737,0.346806934351145,0.7626901119966217,0.0,2.67387,0.01864,58.86165375877863,35.04314134724261,0.0,100.0,100.0,3.7700616190534353,0.253270826238765,3.037264,4.202629,3.037264,-1.4182190191168386e-05,0.0143353067243309,-0.18477200000000016,0.18880200000000036,-0.0005063549746533928,0.43740482584410234,-4.739590000000001,4.7340100000000005,ISC_BD_1.2CC_DST_800ohm.csv,0,Normal,DST,1.2,,800,DST_CC1.2_800ohm
-0.008212234594932755,2.0483889148422767,-5.41853,4.64472,-5.40551,0.3134755977478886,0.7428627485753206,0.0,2.65486,0.01861,59.383819311854865,35.208716227701174,0.0,100.0,100.0,3.7597746221457617,0.2565795071618307,3.007503,4.204799,3.007503,-2.2480885941312677e-05,0.015863163018033633,-0.19965199999999994,0.20182300000000009,-0.0005920309078395789,0.44299459054577034,-4.743309999999999,4.7340100000000005,ISC_BD_1.6CC_DST_50ohm.csv,0,Normal,DST,1.6,,50,DST_CC1.6_50ohm
-0.006837207716781958,1.453886816305469,-5.41481,2.71205,-5.40737,0.4734979162668553,0.7971901531160777,0.0,2.6441,0.01865,56.27243156911267,34.075232120474006,0.0,100.0,100.0,3.7580869410635827,0.23593345866018534,3.075397,4.200149,3.075397,-8.612051113692619e-06,0.013375790472539631,-0.18725099999999983,0.1897319999999998,-0.0003167998383756747,0.3982427307942166,-4.73959,4.73773,ISC_BD_0.5CC_DST_300ohm.csv,0,Normal,DST,0.5,,300,DST_CC0.5_300ohm
0.027010018347463065,1.9898422079724725,-5.41667,4.3564,-5.40551,0.36935014551436157,0.8071504041759382,0.0,2.71654,0.01854,59.727297735037325,35.06767563595223,0.0,100.0,100.0,3.7872311761989113,0.25471245761998246,3.076637,4.229601,3.076637,-1.943995191090863e-05,0.018841433349461152,-0.23592599999999964,0.23499500000000006,-0.0005802575297393064,0.4389320953965495,-4.74517,4.73959,ISC_BD_1.5CC_DST_400ohm.csv,0,Normal,DST,1.5,,400,DST_CC1.5_400ohm
-0.010909716198432196,1.7230509531435874,-5.41853,2.70461,-5.40737,0.3740852365966699,0.7731120322609917,0.0,2.70748,0.01867,58.01132358528352,34.84686717991523,0.0,100.0,100.0,3.758165279224123,0.2492007220198322,3.009983,4.200149,3.009983,-1.5576366237482105e-05,0.015265144989519844,-0.2021329999999999,0.20585300000000029,-0.0004251399141630899,0.42952101307980833,-4.74517,4.73959,ISC_BD_0.9CC_DST_1000ohm.csv,0,Normal,DST,0.9,,1000,DST_CC0.9_1000ohm
0.0036471263090154193,1.727386487647723,-5.42597,2.72135,-5.40551,0.37990666003627216,0.7756045145282194,0.0,2.69116,0.01867,58.07081954016264,34.81757029288924,0.0,100.0,100.0,3.765828311414029,0.24484197740759467,3.059896,4.200769,3.059896,-1.3314258966707626e-05,0.014520529060881138,-0.2043029999999999,0.20740300000000023,-0.00043512725996138244,0.42819121846393,-4.75447,4.73773,ISC_BD_0.9CC_DST_800ohm.csv,0,Normal,DST,0.9,,800,DST_CC0.9_800ohm
-0.007733054560137232,1.4517511449468947,-5.41295,2.71577,-5.40551,0.4728808055317215,0.7970187069928363,0.0,2.64358,0.01868,56.24830348256196,34.084646152937545,0.0,100.0,100.0,3.7567301350628375,0.23611325846261652,3.069196,4.200459,3.069196,-8.7634142648024e-06,0.013573760724391025,-0.19159300000000012,0.19221200000000005,-0.0003165140578466501,0.3978768033912996,-4.74145,4.73587,ISC_BD_0.5CC_DST_100ohm.csv,0,Normal,DST,0.5,,100,DST_CC0.5_100ohm
-4.757117882131883e-05,1.9645849824830672,-5.40923,4.06436,-5.39993,0.3262986444805195,0.7504235659520608,0.0,2.6729,0.0186,59.136390084915085,35.157642210737784,0.0,100.0,100.0,3.766925544018482,0.2543135018361416,3.031374,4.204179,3.031374,-1.6881291370051208e-05,0.014601282016851461,-0.18570200000000003,0.18756199999999978,-0.0005545279130760576,0.442199700501285,-4.73959,4.73401,ISC_BD_1.4CC_DST_200ohm.csv,0,Normal,DST,1.4,,200,DST_CC1.4_200ohm
0.017123269365190263,2.07698676227639,-5.41481,4.9349,-5.40737,0.34926829001715703,0.7883808962236807,0.0,2.68014,0.01873,59.87252349240644,35.11298496765769,0.0,100.0,100.0,3.7835580189998095,0.25524391684263864,3.099268,4.209449,3.099268,-2.3189895138226906e-05,0.016646141513853786,-0.19965300000000008,0.20089299999999977,-0.000619685414680648,0.44039927780058036,-4.73773,4.74517,ISC_BD_1.7CC_DST_10ohm.csv,0,Normal,DST,1.7,,10,DST_CC1.7_10ohm
0.013295676385934124,2.038291716674411,-5.41481,4.65402,-5.40179,0.3457617363283695,0.7887912857669881,0.0,2.7348,0.0187,59.62356706920285,35.139445835676725,0.0,100.0,100.0,3.772766003378801,0.25992596687980946,3.013083,4.203559,3.013083,-2.060331664580721e-05,0.015074858457104243,-0.19903300000000002,0.20244300000000015,-0.0005914436795994989,0.4437352921291673,-4.73773,4.74331,ISC_BD_1.6CC_DST_400ohm.csv,0,Normal,DST,1.6,,400,DST_CC1.6_400ohm
0.00742922709369162,2.2044437158144223,-5.41481,5.80357,-5.40551,0.30740368115193384,0.7556557636914877,0.0,2.71873,0.01869,59.789291877058176,35.304766186890205,0.0,100.0,100.0,3.773090197133079,0.253700280159756,3.069506,4.200459,3.069506,-2.1482144010332568e-05,0.01429501527468415,-0.18353200000000003,0.18756200000000023,-0.0006863881175330964,0.45008629268632433,-4.73773,4.73587,ISC_BD_2.0CC_DST_200ohm.csv,0,Normal,DST,2.0,,200,DST_CC2.0_200ohm
0.0006015416423994701,1.6703372239717753,-5.41295,2.70833,-5.40551,0.38163256843331395,0.7527515956170786,0.0,2.5981,0.01863,57.60150548631334,34.67349755461579,0.0,100.0,100.0,3.758432635643564,0.2385163413075718,3.091828,4.200459,3.091828,-1.3380941286113702e-05,0.015560618934210398,-0.19593300000000013,0.19810300000000014,-0.0004160566169617894,0.42087979659744323,-4.739590000000001,4.73587,ISC_BD_0.8CC_DST_10ohm.csv,0,Normal,DST,0.8,,10,DST_CC0.8_10ohm
-0.008591736047575554,1.7271248440689533,-5.41853,2.70647,-5.40737,0.3759829706084172,0.7769967900585562,0.0,2.7245,0.01869,58.01103892383349,34.84068835885794,0.0,100.0,100.0,3.7601934594007314,0.2483076060320035,3.016803,4.200149,3.016803,-1.4396374242250946e-05,0.014369932412081583,-0.20244300000000015,0.2046129999999997,-0.0004249788402150282,0.42933960759702816,-4.74145,4.73587,ISC_BD_0.9CC_DST_200ohm.csv,0,Normal,DST,0.9,,200,DST_CC0.9_200ohm
-0.012424123922175566,1.6647084722905816,-5.41109,2.70647,-5.40551,0.38978796484634093,0.7758033712883965,0.0,2.6871,0.01865,57.65770737342472,34.708017055101756,0.0,100.0,100.0,3.7548060218328545,0.24683144564211762,2.993551,4.200149,2.993551,-1.6297954671089008e-05,0.013652244861919705,-0.18973299999999993,0.1919019999999998,-0.00039474847982310654,0.4221428134901023,-4.73959,4.73587,ISC_BD_0.8CC_DST_100ohm.csv,0,Normal,DST,0.8,,100,DST_CC0.8_100ohm
-0.0062281598278939605,1.5357321068748342,-5.41109,2.71019,-5.40179,0.4400792596285025,0.7973304384575023,0.0,2.71393,0.01844,56.80694420190996,34.37858912951849,0.0,100.0,100.0,3.7566968954769653,0.24332429635554773,3.031684,4.200459,3.031684,-9.094301007556694e-06,0.012713066026470567,-0.1779519999999999,0.18198199999999964,-0.00034437972292191386,0.41123057169174865,-4.743309999999999,4.7284299999999995,ISC_BD_0.6CC_DST_900ohm.csv,0,Normal,DST,0.6,,900,DST_CC0.6_900ohm
-0.0055851215935476635,1.8689879803480525,-5.40923,3.484,-5.39993,0.34369058963705235,0.7574001354800372,0.0,2.65113,0.01854,58.8921558047171,35.066522344740015,0.0,100.0,100.0,3.7625847585237686,0.25564763697116477,2.995102,4.200769,2.995102,-1.8585186995844535e-05,0.014812923507505979,-0.19407300000000038,0.19624299999999995,-0.000507088120263994,0.43745932866499554,-4.73773,4.73029,ISC_BD_1.2CC_DST_300ohm.csv,0,Normal,DST,1.2,,300,DST_CC1.2_300ohm
-0.002092641327880563,1.839620408528904,-5.41667,3.20499,-5.40365,0.34126032475342793,0.7458481861531477,0.0,2.65354,0.01854,58.399255785422184,34.982053288793686,0.0,100.0,100.0,3.7635515082992548,0.2432633994892241,3.080047,4.200149,3.080047,-1.668880067364368e-05,0.014182506332600748,-0.1841520000000001,0.18539100000000008,-0.000481979429808734,0.4349612971987736,-4.73959,4.7470300000000005,ISC_BD_1.1CC_DST_20ohm.csv,0,Normal,DST,1.1,,20,DST_CC1.1_20ohm
0.003161673874332144,1.925366582918477,-5.42411,3.78348,-5.40737,0.32990202111422035,0.7413867027195179,0.0,2.62031,0.01865,59.00198003052658,35.084296786217635,0.0,100.0,100.0,3.772197659564996,0.25023949515390703,3.074157,4.200149,3.074157,-1.6760971886528408e-05,0.013466479106946115,-0.1866319999999999,0.1866319999999999,-0.0005466066658185972,0.4403812613827424,-4.7414499999999995,4.73773,ISC_BD_1.3CC_DST_900ohm.csv,0,Normal,DST,1.3,,900,DST_CC1.3_900ohm
-0.009234826070809523,2.0784075024850805,-5.41667,4.92932,-5.40737,0.31942571490467936,0.7632128100378669,0.0,2.7259,0.01868,59.599831208219854,35.23118793008532,0.0,100.0,100.0,3.766054532186185,0.2587975729030766,2.986731,4.200459,2.986731,-2.358635632041602e-05,0.013899792071636993,-0.18880199999999991,0.19159199999999998,-0.0006037272502166653,0.4470233255611006,-4.739590000000001,4.73773,ISC_BD_1.7CC_DST_800ohm.csv,0,Normal,DST,1.7,,800,DST_CC1.7_800ohm
-0.0008408742204965996,1.780168916508778,-5.41109,2.90737,-5.40365,0.3629363842805035,0.7647876712691906,0.0,2.66915,0.01871,58.2947102600306,34.88610457557925,0.0,100.0,100.0,3.7612621197199667,0.25117942362211243,3.043775,4.200149,3.043775,-1.3115027065191762e-05,0.013062122795629377,-0.17919099999999988,0.17981099999999994,-0.00045463285478936213,0.42978790617078716,-4.7414499999999995,4.75633,ISC_BD_1.0CC_DST_100ohm.csv,0,Normal,DST,1.0,,100,DST_CC1.0_100ohm
-0.014225899072268507,1.8282760534872218,-5.41853,3.19754,-5.40737,0.34590523843290194,0.7589820302735475,0.0,2.69686,0.01853,58.551713644152926,35.01444513596428,0.0,100.0,100.0,3.760590596879985,0.2503170871283045,2.987661,4.200149,2.987661,-1.943921754033449e-05,0.013408025699775153,-0.18725199999999997,0.19407200000000024,-0.0004739063885113178,0.437459389956009,-4.7414499999999995,4.75447,ISC_BD_1.1CC_DST_300ohm.csv,0,Normal,DST,1.1,,300,DST_CC1.1_300ohm
0.010215122961104085,1.9614136572491814,-5.41667,4.07552,-5.40923,0.3490358569636136,0.7732307706969324,0.0,2.65091,0.01848,59.39853612296111,35.09144995949273,0.0,100.0,100.0,3.77649023544542,0.2517130966784176,3.092138,4.205109,3.092138,-1.684502446982059e-05,0.015722803705597293,-0.19531199999999993,0.1946920000000003,-0.0005582224871376573,0.4374071798528932,-4.73959,4.74517,ISC_BD_1.4CC_DST_50ohm.csv,0,Normal,DST,1.4,,50,DST_CC1.4_50ohm
-0.0033428364972444063,1.8722879172699831,-5.41853,3.48028,-5.40737,0.34152154317207595,0.7545574518969427,0.0,2.65656,0.01862,58.82931368646663,35.059702182631305,0.0,100.0,100.0,3.765529622167789,0.25404775211495617,3.013703,4.202629,3.013703,-1.5626224889759934e-05,0.014595357215357256,-0.19035199999999985,0.19252199999999986,-0.0005080922341989218,0.43796617900554197,-4.7414499999999995,4.73587,ISC_BD_1.2CC_DST_700ohm.csv,0,Normal,DST,1.2,,700,DST_CC1.2_700ohm
-0.008992343063961026,1.8305442840167543,-5.40923,3.19754,-5.40365,0.34094655156046044,0.752126301774099,0.0,2.69428,0.01869,58.45123596178949,35.023513765164374,0.0,100.0,100.0,3.7603034622048175,0.2498852662008138,2.986421,4.200149,2.986421,-1.865416567766436e-05,0.013335757647013002,-0.18973200000000023,0.19252199999999986,-0.00047562603845240846,0.43789354156168525,-4.73773,4.7749299999999995,ISC_BD_1.1CC_DST_700ohm.csv,0,Normal,DST,1.1,,700,DST_CC1.1_700ohm
0.004442023417721522,2.0774442445720536,-5.41295,4.93676,-5.40365,0.3273570088607596,0.768621459024576,0.0,2.70046,0.01868,59.68313086075949,35.22520305087305,0.0,100.0,100.0,3.773263653291139,0.25465237025744114,3.065786,4.208519,3.065786,-1.9074566400810213e-05,0.015562319067170007,-0.19221200000000005,0.19469199999999987,-0.0006170964679073296,0.44531963279640574,-4.73773,4.74331,ISC_BD_1.7CC_DST_300ohm.csv,0,Normal,DST,1.7,,300,DST_CC1.7_300ohm
-0.00534171472392644,1.874032438250348,-5.41667,3.48028,-5.40923,0.3387274294478527,0.751838456621135,0.0,2.65898,0.01846,58.77730801840491,35.06895505049127,0.0,100.0,100.0,3.765346380981595,0.25246032501191534,3.033854,4.201699,3.033854,-1.5160510492084913e-05,0.014440894573500524,-0.18291199999999996,0.1866310000000002,-0.0005093698613326778,0.4384378937372577,-4.74331,4.73959,ISC_BD_1.2CC_DST_600ohm.csv,0,Normal,DST,1.2,,600,DST_CC1.2_600ohm
0.005759179447852696,1.9831985026194496,-5.41481,4.3564,-5.40551,0.34214515145705526,0.7661596561957095,0.0,2.62945,0.01863,59.62618990286299,35.11079603399986,0.0,100.0,100.0,3.7760495789877297,0.25631844318910324,3.058966,4.231771,3.058966,-2.40549661255273e-05,0.0187369008922936,-0.22848500000000005,0.22817500000000024,-0.0005864738591333238,0.44114121731012207,-4.74331,4.7340100000000005,ISC_BD_1.5CC_DST_800ohm.csv,0,Normal,DST,1.5,,800,DST_CC1.5_800ohm
-0.008168592016470352,1.7258038403477576,-5.42225,2.70647,-5.40923,0.37599733100766336,0.776905080894067,0.0,2.72254,0.01862,58.018172417934345,34.839646696847964,0.0,100.0,100.0,3.759545314251401,0.24862183331333298,3.013703,4.200459,3.013703,-1.4823610157858592e-05,0.014611873117156093,-0.20182300000000009,0.2046129999999997,-0.00042524021962937443,0.42937739534141195,-4.74889,4.73215,ISC_BD_0.9CC_DST_300ohm.csv,0,Normal,DST,0.9,,300,DST_CC0.9_300ohm
-0.011564007012271425,1.4555042733418027,-5.41109,2.71205,-5.40551,0.4748670944152267,0.8067270436330171,0.0,2.68766,0.01858,56.37861003756574,34.13565233148525,0.0,100.0,100.0,3.75369403841723,0.24064455685296665,2.995412,4.200149,2.995412,-1.1957872063317115e-05,0.013241089751281292,-0.1903520000000003,0.194693,-0.00031419726494013906,0.4022352632324523,-4.73773,4.75819,ISC_BD_0.5CC_DST_1000ohm.csv,0,Normal,DST,0.5,,1000,DST_CC0.5_1000ohm
-0.016695351779081786,1.6033013145003945,-5.41853,2.71391,-5.40551,0.40873699413252945,0.7799261368250503,0.0,2.67452,0.01872,57.30225649459008,34.54494179339059,0.0,100.0,100.0,3.755753160628735,0.24580741103610568,2.995102,4.200149,2.995102,-1.4787456258411848e-05,0.012854519153963375,-0.180431,0.1844619999999999,-0.0003690196500672952,0.4172670844664317,-4.73959,4.74331,ISC_BD_0.7CC_DST_100ohm.csv,0,Normal,DST,0.7,,100,DST_CC0.7_100ohm
0.003015017479409916,1.8212275391235138,-5.41109,3.19754,-5.40551,0.3688049783729335,0.7814939043569372,0.0,2.69015,0.01857,58.70748314273864,34.919817441623294,0.0,100.0,100.0,3.7758273722818037,0.24737793434999983,3.094928,4.200459,3.094928,-1.8500088888888867e-05,0.015287755221818205,-0.194693,0.19624299999999995,-0.00047486755555555487,0.43136915094258144,-4.735869999999999,4.74145,ISC_BD_1.1CC_DST_10ohm.csv,0,Normal,DST,1.1,,10,DST_CC1.1_10ohm
